tanggal;lintang;bujur;paddy
6/10/2024;-6.929671;109.687354;1
6/11/2024;-6.95979;110.194669;1
6/15/2024;-7.123683;110.400572;1
3/16/2024;-6.147802;107.338155;1
6/11/2024;-7.42583;109.295163;1
3/19/2024;-6.404416;108.323012;1
6/12/2024;-6.852364;110.797436;1
6/11/2024;-7.4269;109.41306;1
6/11/2024;-6.974819;110.171592;1
4/27/2024;-6.212535;107.342918;1
6/27/2024;-6.870406;109.391662;1
6/25/2024;-7.869639;110.195791;1
6/15/2024;-7.160156;110.403805;1
6/12/2024;-7.715786;109.488105;1
6/12/2024;-7.716486;109.48898;1
6/27/2024;-6.895592;109.428752;1
3/20/2024;-6.365959;107.632966;1
3/18/2024;-6.261304;107.462767;1
6/28/2024;-6.97024;109.093643;1
6/10/2024;-6.920473;109.682883;1
6/24/2024;-7.781375;109.949089;1
6/15/2024;-7.159978;110.404712;1
6/24/2024;-7.846678;110.315153;1
6/12/2024;-6.851849;110.797185;1
6/11/2024;-6.97475;110.169951;1
6/12/2024;-7.594934;109.450468;1
6/26/2024;-6.901861;109.754642;1
6/28/2024;-6.9935;109.052379;1
6/24/2024;-6.65413;110.664436;1
6/10/2024;-6.929288;109.68875;1
4/28/2024;-6.33649;107.599915;1
4/27/2024;-6.292146;107.360894;1
6/27/2024;-6.894288;109.43005;1
6/24/2024;-6.763705;110.766249;1
4/27/2024;-6.234227;107.467787;1
4/29/2024;-6.384236;108.277214;1
6/25/2024;-7.870048;110.196145;1
4/28/2024;-6.356024;107.640486;1
3/20/2024;-6.436894;107.88445;1
6/27/2024;-7.41157;109.880582;1
6/11/2024;-6.90478;110.184674;1
4/27/2024;-6.26055;107.461674;1
6/11/2024;-7.503606;109.37499;1
2024-08-15;-6.236348152508054;106.22396166896756;0
6/11/2024;-6.97523;110.171026;1
6/26/2024;-6.908057;109.75049;1
6/11/2024;-7.427104;109.295332;1
3/19/2024;-6.402413;108.32365;1
6/10/2024;-6.928617;109.687066;1
6/27/2024;-6.873866;109.382662;1
4/27/2024;-6.211259;107.344299;1
6/27/2024;-6.872103;109.39086;1
6/13/2024;-6.811528;110.909623;1
6/12/2024;-7.748815;109.673729;1
3/16/2024;-6.148182;107.339303;1
4/29/2024;-6.479617;108.080458;1
3/18/2024;-6.332247;107.401586;1
6/24/2024;-6.655201;110.664134;1
6/15/2024;-7.160685;110.404492;1
6/12/2024;-7.724908;109.52393;1
6/11/2024;-6.90598;110.184375;1
3/19/2024;-6.405285;108.325021;1
3/19/2024;-6.400468;108.324729;1
3/16/2024;-6.149946;107.349245;1
6/27/2024;-6.873592;109.382057;1
6/12/2024;-7.595471;109.448526;1
6/12/2024;-7.638326;109.559415;1
6/27/2024;-6.871913;109.390811;1
2024-05-20;-6.116007524928282;107.0636201403162;0
6/12/2024;-7.048084;110.536039;1
6/12/2024;-7.731478;109.725963;1
6/27/2024;-7.388098;109.674191;1
6/27/2024;-6.874141;109.380825;1
6/27/2024;-7.410768;109.881237;1
6/11/2024;-7.434702;109.352207;1
6/12/2024;-7.724452;109.523383;1
6/12/2024;-7.72586;109.523371;1
6/27/2024;-6.874878;109.381457;1
6/24/2024;-6.71564;110.707536;1
4/29/2024;-6.4053;108.324536;1
6/13/2024;-6.866322;110.87019;1
6/11/2024;-7.426736;109.413255;1
4/27/2024;-6.234124;107.468844;1
3/16/2024;-6.150242;107.349583;1
6/24/2024;-7.780753;109.949752;1
6/24/2024;-6.652378;110.663757;1
6/27/2024;-6.89616;109.406999;1
6/25/2024;-7.79302;110.246668;1
6/26/2024;-6.908741;109.749333;1
6/27/2024;-6.89723;109.40591;1
6/13/2024;-6.810412;110.964152;1
6/27/2024;-6.896746;109.407349;1
3/19/2024;-6.403528;108.322897;1
3/19/2024;-6.403818;108.323399;1
6/15/2024;-7.124218;110.399998;1
6/12/2024;-7.595818;109.450113;1
6/10/2024;-6.921628;109.682726;1
4/27/2024;-6.211818;107.342889;1
6/25/2024;-7.869966;110.195363;1
6/12/2024;-7.731504;109.725286;1
6/27/2024;-6.873966;109.381841;1
6/11/2024;-6.905239;110.184634;1
6/11/2024;-7.650012;109.208599;1
2024-08-15;-8.046743036613822;113.00964252090196;0
3/19/2024;-6.40379;108.323815;1
6/13/2024;-6.809682;110.963508;1
4/27/2024;-6.214924;107.343994;1
3/18/2024;-6.261849;107.464031;1
3/16/2024;-6.14905;107.336922;1
4/28/2024;-6.355385;107.640892;1
6/24/2024;-7.84606;110.315025;1
6/12/2024;-7.73174;109.72546;1
3/18/2024;-6.261017;107.462911;1
2024-07-20;-5.8046303096530565;107.3413561281243;0
4/29/2024;-6.455295;108.06993;1
3/20/2024;-6.379356;107.833099;1
6/11/2024;-6.974533;110.171139;1
6/11/2024;-6.937227;110.218864;1
6/11/2024;-7.426534;109.411701;1
4/29/2024;-6.454189;108.069999;1
6/27/2024;-6.897694;109.406701;1
3/16/2024;-6.14819;107.337497;1
3/19/2024;-6.482461;108.076778;1
4/29/2024;-6.479876;108.079638;1
6/24/2024;-6.763158;110.765699;1
4/28/2024;-6.368078;107.793942;1
3/18/2024;-6.260595;107.464448;1
3/20/2024;-6.364156;107.632054;1
6/10/2024;-6.959566;109.594215;1
3/18/2024;-6.26103;107.462465;1
4/27/2024;-6.294386;107.357867;1
6/27/2024;-6.894675;109.429476;1
6/10/2024;-6.919998;109.682615;1
6/13/2024;-6.811102;110.910764;1
3/18/2024;-6.260753;107.462931;1
4/29/2024;-6.402466;108.324757;1
6/27/2024;-6.896522;109.406036;1
4/27/2024;-6.211814;107.343869;1
6/12/2024;-6.851823;110.798239;1
6/11/2024;-6.974231;110.170776;1
3/19/2024;-6.327437;108.302115;1
4/28/2024;-6.337654;107.599124;1
4/27/2024;-6.293468;107.361025;1
6/11/2024;-7.504387;109.374742;1
6/27/2024;-6.872081;109.391681;1
4/28/2024;-6.378534;107.831405;1
6/24/2024;-6.653297;110.663699;1
2024-07-20;-6.930977347960989;111.52862288624208;0
6/13/2024;-6.862239;110.857966;1
6/25/2024;-7.793314;110.247403;1
6/27/2024;-6.896746;109.429984;1
6/26/2024;-6.902258;109.755985;1
4/27/2024;-6.234937;107.468088;1
6/11/2024;-6.974629;110.170842;1
3/20/2024;-6.365519;107.630706;1
3/19/2024;-6.328683;108.304121;1
3/19/2024;-6.403964;108.324465;1
3/18/2024;-6.291737;107.362147;1
6/15/2024;-7.161193;110.403707;1
6/24/2024;-6.652539;110.664167;1
3/20/2024;-6.435539;107.884442;1
4/28/2024;-6.336606;107.601506;1
6/11/2024;-6.904775;110.185441;1
3/16/2024;-6.211934;107.34328;1
2024-12-10;-7.912276220167253;110.2075646313129;0
2024-06-15;-7.485802891414524;107.06513134556084;0
6/10/2024;-6.920894;109.683403;1
6/11/2024;-7.426193;109.413741;1
6/27/2024;-6.895783;109.406544;1
2024-10-20;-7.248161702644559;106.928247758367;0
6/13/2024;-6.813382;110.80821;1
6/15/2024;-7.159167;110.403664;1
6/13/2024;-6.862047;110.856519;1
4/27/2024;-6.235;107.467503;1
6/24/2024;-6.715502;110.707735;1
6/24/2024;-6.715449;110.706479;1
6/24/2024;-6.654206;110.662304;1
4/28/2024;-6.35493;107.641342;1
6/15/2024;-7.123933;110.399921;1
6/28/2024;-6.993403;109.052845;1
4/29/2024;-6.453259;108.074509;1
3/18/2024;-6.292673;107.362411;1
6/15/2024;-7.161054;110.403496;1
4/27/2024;-6.234465;107.467729;1
6/11/2024;-7.434475;109.352601;1
2024-08-15;-7.670662806616298;109.8639311446558;0
6/10/2024;-6.961211;109.59709;1
6/10/2024;-6.958717;109.598103;1
6/12/2024;-7.59538;109.450223;1
3/16/2024;-6.150528;107.347927;1
6/11/2024;-6.936709;110.219314;1
6/13/2024;-6.867945;110.870454;1
6/26/2024;-6.900673;109.755343;1
4/28/2024;-6.336725;107.600159;1
4/28/2024;-6.336842;107.599438;1
3/19/2024;-6.401889;108.324444;1
6/10/2024;-6.960343;109.597712;1
6/11/2024;-6.974774;110.170508;1
4/27/2024;-6.216721;107.342616;1
3/16/2024;-6.148638;107.338402;1
6/11/2024;-6.959409;110.194249;1
3/20/2024;-6.436443;107.884447;1
3/19/2024;-6.329484;108.303524;1
4/27/2024;-6.294707;107.359185;1
2024-12-10;-6.285181573176499;106.81278916040606;0
3/20/2024;-6.361754;107.606365;1
3/16/2024;-6.148671;107.349798;1
4/29/2024;-6.452871;108.076235;1
4/27/2024;-6.193339;107.493338;1
3/18/2024;-6.293151;107.362528;1
6/24/2024;-7.7426;109.926852;1
4/27/2024;-6.260861;107.459472;1
6/15/2024;-7.123314;110.399812;1
6/10/2024;-6.981486;109.052623;1
6/28/2024;-6.969742;109.093955;1
4/27/2024;-6.211553;107.34338;1
4/27/2024;-6.260531;107.462345;1
4/28/2024;-6.338483;107.600394;1
6/11/2024;-7.435577;109.352595;1
6/11/2024;-7.426552;109.295412;1
6/12/2024;-7.73254;109.725464;1
6/27/2024;-6.874821;109.381916;1
4/27/2024;-6.292562;107.361473;1
6/24/2024;-7.846218;110.315222;1
6/25/2024;-7.79255;110.247637;1
6/27/2024;-7.409528;109.880833;1
6/10/2024;-6.981065;109.053351;1
4/28/2024;-6.360873;107.609221;1
6/13/2024;-6.813513;110.806497;1
4/27/2024;-6.259603;107.462341;1
6/26/2024;-6.901802;109.754628;1
4/28/2024;-6.368947;107.793654;1
4/27/2024;-6.194338;107.493791;1
4/28/2024;-6.337519;107.599704;1
4/27/2024;-6.292562;107.361244;1
6/10/2024;-6.959731;109.59752;1
3/19/2024;-6.454313;108.072859;1
6/26/2024;-6.906402;109.771777;1
6/27/2024;-6.89691;109.407336;1
6/10/2024;-6.921253;109.683635;1
6/26/2024;-6.909493;109.748119;1
6/24/2024;-7.742672;109.927835;1
6/24/2024;-6.653456;110.664014;1
6/11/2024;-6.936329;110.218692;1
6/11/2024;-7.43617;109.352952;1
6/15/2024;-7.15879;110.403827;1
6/12/2024;-7.59594;109.450175;1
6/11/2024;-6.904798;110.185827;1
6/10/2024;-6.928987;109.688091;1
6/13/2024;-6.868365;110.87035;1
6/26/2024;-6.909549;109.747723;1
6/10/2024;-6.96063;109.597789;1
6/11/2024;-7.426216;109.41385;1
6/27/2024;-7.387923;109.674547;1
6/10/2024;-6.959266;109.594778;1
4/27/2024;-6.193803;107.494276;1
6/15/2024;-7.122909;110.40072;1
6/24/2024;-7.740931;109.92739;1
6/11/2024;-6.9749;110.171334;1
6/27/2024;-7.410867;109.880376;1
3/16/2024;-6.147997;107.337559;1
3/20/2024;-6.365389;107.632661;1
4/27/2024;-6.258481;107.460972;1
6/12/2024;-7.595255;109.448526;1
6/26/2024;-6.906146;109.772863;1
4/29/2024;-6.403711;108.324569;1
3/20/2024;-6.380528;107.832556;1
6/27/2024;-7.388844;109.674907;1
4/29/2024;-6.480768;108.081449;1
6/11/2024;-7.650148;109.209475;1
6/12/2024;-7.733051;109.725662;1
3/20/2024;-6.362277;107.606539;1
2024-02-10;-6.0153868556649535;107.14477977685202;0
6/26/2024;-6.900682;109.754139;1
3/16/2024;-6.149492;107.349695;1
2024-10-20;-8.057072883271745;114.39157496199007;0
6/27/2024;-7.409496;109.880998;1
6/26/2024;-6.906063;109.771564;1
4/27/2024;-6.212206;107.342967;1
6/13/2024;-6.810444;110.963375;1
3/19/2024;-6.404916;108.323263;1
6/11/2024;-7.426463;109.294658;1
4/27/2024;-6.192546;107.494785;1
2024-01-15;-6.487881748889459;107.29294840769562;0
4/27/2024;-6.295286;107.358775;1
6/12/2024;-7.594595;109.449481;1
4/27/2024;-6.25928;107.462876;1
4/29/2024;-6.384262;108.276341;1
6/27/2024;-7.410716;109.88056;1
6/13/2024;-6.810197;110.965303;1
2024-08-15;-6.279054605504414;106.81388720568472;0
6/12/2024;-7.047159;110.536329;1
6/26/2024;-6.900772;109.755002;1
2024-11-15;-6.301098157758038;107.27396263472076;0
3/19/2024;-6.400794;108.325798;1
3/19/2024;-6.382507;108.271089;1
3/20/2024;-6.362473;107.607657;1
4/27/2024;-6.294969;107.358683;1
6/11/2024;-7.426692;109.413693;1
6/15/2024;-7.123308;110.400113;1
4/28/2024;-6.362947;107.609611;1
6/27/2024;-6.871704;109.391772;1
4/28/2024;-6.360772;107.607574;1
4/29/2024;-6.384909;108.273123;1
6/12/2024;-7.715721;109.487682;1
3/16/2024;-6.14995;107.348342;1
4/27/2024;-6.235218;107.467696;1
6/11/2024;-7.50419;109.375272;1
2024-07-20;-6.857396209384948;109.9806963035649;0
3/19/2024;-6.482678;108.076256;1
6/10/2024;-6.981398;109.053284;1
6/10/2024;-6.919214;109.691556;1
6/11/2024;-6.906084;110.185231;1
6/27/2024;-6.897704;109.40648;1
3/19/2024;-6.453944;108.071854;1
4/29/2024;-6.48024;108.079352;1
4/28/2024;-6.359621;107.607493;1
6/24/2024;-7.782057;109.949682;1
6/11/2024;-6.904763;110.186203;1
6/11/2024;-7.426319;109.41379;1
6/24/2024;-7.781765;109.949819;1
6/11/2024;-6.960061;110.194729;1
4/29/2024;-6.454227;108.07042;1
6/12/2024;-7.595082;109.448687;1
6/10/2024;-6.959686;109.59428;1
3/19/2024;-6.327783;108.303664;1
6/15/2024;-7.12331;110.399672;1
6/11/2024;-7.426848;109.412286;1
4/28/2024;-6.337037;107.601039;1
6/11/2024;-6.959269;110.194209;1
6/12/2024;-7.638893;109.559027;1
2024-09-15;-6.364732085356378;107.25917008516556;0
6/11/2024;-6.937618;110.218571;1
6/11/2024;-6.975163;110.171651;1
6/13/2024;-6.813984;110.807636;1
6/27/2024;-7.387973;109.674941;1
6/12/2024;-6.861227;110.791587;1
6/11/2024;-6.974617;110.171726;1
6/10/2024;-6.929954;109.687623;1
6/24/2024;-6.654077;110.664292;1
4/27/2024;-6.19426;107.495034;1
6/12/2024;-7.725638;109.524004;1
6/15/2024;-7.159495;110.404142;1
4/28/2024;-6.354755;107.641885;1
6/13/2024;-6.812591;110.807195;1
4/27/2024;-6.292114;107.360567;1
4/28/2024;-6.367594;107.793694;1
6/26/2024;-6.90163;109.754557;1
6/12/2024;-6.851854;110.797005;1
6/12/2024;-7.035457;110.539657;1
2024-05-20;-6.46765400692436;108.19070281865532;0
4/29/2024;-6.385637;108.27319;1
6/24/2024;-6.652419;110.663863;1
6/11/2024;-6.975263;110.170273;1
6/13/2024;-6.812623;110.808221;1
6/15/2024;-7.122803;110.400827;1
6/27/2024;-6.873715;109.382887;1
6/26/2024;-6.910156;109.746555;1
6/26/2024;-6.905909;109.773036;1
4/29/2024;-6.481234;108.079194;1
6/10/2024;-6.959323;109.594201;1
4/28/2024;-6.33749;107.601467;1
6/25/2024;-7.792945;110.246698;1
6/11/2024;-7.650307;109.208974;1
6/10/2024;-6.921507;109.683534;1
6/11/2024;-6.974857;110.171849;1
6/15/2024;-7.160964;110.403695;1
6/28/2024;-6.995288;109.052991;1
6/27/2024;-7.409672;109.880491;1
3/18/2024;-6.261055;107.462644;1
2024-12-10;-7.854715663690528;112.27809385983343;0
6/10/2024;-6.982489;109.053645;1
6/10/2024;-6.980732;109.05294;1
6/26/2024;-6.908573;109.750086;1
6/26/2024;-6.909606;109.747899;1
3/18/2024;-6.293154;107.362843;1
6/11/2024;-6.904563;110.185135;1
6/11/2024;-7.613831;109.151596;1
6/26/2024;-6.900826;109.755747;1
3/19/2024;-6.482199;108.075307;1
6/13/2024;-6.811378;110.910853;1
6/11/2024;-7.613611;109.152944;1
6/27/2024;-6.896611;109.405998;1
6/28/2024;-6.970309;109.09449;1
6/11/2024;-6.958749;110.194344;1
4/27/2024;-6.233763;107.466546;1
3/18/2024;-6.261942;107.461687;1
6/11/2024;-6.905167;110.185558;1
6/27/2024;-6.870952;109.390092;1
6/12/2024;-7.725353;109.524351;1
6/13/2024;-6.862366;110.856467;1
6/13/2024;-6.861701;110.857871;1
4/27/2024;-6.294291;107.360406;1
4/29/2024;-6.402239;108.325163;1
6/10/2024;-6.960001;109.595009;1
6/24/2024;-6.678853;110.654048;1
6/10/2024;-6.920526;109.682654;1
6/10/2024;-6.959303;109.59494;1
6/25/2024;-7.793216;110.24704;1
4/28/2024;-6.369;107.792938;1
4/29/2024;-6.452439;108.071792;1
3/18/2024;-6.294803;107.360152;1
4/29/2024;-6.403795;108.32379;1
6/26/2024;-6.908344;109.749643;1
6/10/2024;-6.958793;109.597903;1
6/12/2024;-6.861403;110.792989;1
6/11/2024;-6.958827;110.194384;1
2024-05-20;-6.653547298812934;108.0067532053024;0
6/27/2024;-7.38814;109.674604;1
6/11/2024;-7.503821;109.375908;1
6/11/2024;-6.936751;110.2192;1
6/12/2024;-7.595381;109.449107;1
4/29/2024;-6.454665;108.071723;1
4/29/2024;-6.454776;108.070802;1
4/27/2024;-6.214041;107.342758;1
4/27/2024;-6.194223;107.493275;1
6/11/2024;-6.937697;110.21946;1
2024-06-15;-6.766630836738945;110.107038786243;0
6/10/2024;-6.959946;109.594249;1
3/19/2024;-6.402161;108.324002;1
6/12/2024;-7.732616;109.725801;1
6/13/2024;-6.862375;110.8564;1
6/26/2024;-6.906368;109.771359;1
3/16/2024;-6.148184;107.338852;1
6/27/2024;-6.872225;109.390193;1
6/10/2024;-6.961096;109.594921;1
3/18/2024;-6.332737;107.402457;1
3/18/2024;-6.26045;107.462908;1
4/28/2024;-6.35538;107.641795;1
4/28/2024;-6.363245;107.609043;1
6/24/2024;-6.764063;110.766603;1
6/13/2024;-6.866469;110.870609;1
6/10/2024;-6.929621;109.688039;1
6/25/2024;-7.792456;110.246882;1
6/10/2024;-6.960146;109.596994;1
6/12/2024;-7.595788;109.449273;1
6/15/2024;-7.123917;110.399817;1
6/24/2024;-7.781031;109.950033;1
4/29/2024;-6.481651;108.08101;1
3/19/2024;-6.400756;108.323697;1
6/11/2024;-6.93821;110.218536;1
4/29/2024;-6.481228;108.080097;1
4/29/2024;-6.48168;108.0801;1
6/12/2024;-7.732292;109.725167;1
2024-06-15;-6.348478383510967;111.45185184786985;0
4/29/2024;-6.403815;108.325668;1
6/10/2024;-6.98121;109.052952;1
6/11/2024;-6.905332;110.184937;1
2024-10-20;-5.803654897692542;107.54345328988704;0
3/18/2024;-6.261511;107.461742;1
6/13/2024;-6.809214;110.965085;1
4/29/2024;-6.384453;108.271877;1
6/27/2024;-6.894684;109.429831;1
2024-03-20;-7.511446346628935;111.12147422629953;0
6/26/2024;-6.900687;109.754737;1
3/19/2024;-6.454088;108.071976;1
3/18/2024;-6.292701;107.362074;1
6/11/2024;-6.905934;110.185433;1
6/13/2024;-6.811766;110.806532;1
6/15/2024;-7.123844;110.400813;1
4/28/2024;-6.359167;107.607942;1
6/27/2024;-6.874728;109.382498;1
6/24/2024;-7.782384;109.94867;1
2024-02-10;-6.734701284441128;105.28234252721336;0
6/24/2024;-6.654696;110.664165;1
6/25/2024;-7.869195;110.196099;1
6/10/2024;-6.959324;109.595264;1
6/12/2024;-7.724314;109.523784;1
6/12/2024;-7.715285;109.488858;1
6/26/2024;-6.911218;109.746238;1
6/24/2024;-7.742597;109.928418;1
6/11/2024;-6.937961;110.218672;1
6/28/2024;-6.971269;109.093311;1
3/18/2024;-6.332222;107.399167;1
3/18/2024;-6.260734;107.464565;1
6/27/2024;-6.870874;109.390957;1
4/27/2024;-6.260161;107.462054;1
6/27/2024;-6.874178;109.381667;1
3/18/2024;-6.333036;107.401671;1
6/11/2024;-7.434286;109.352978;1
3/20/2024;-6.360582;107.607293;1
6/24/2024;-6.76361;110.765698;1
3/20/2024;-6.435991;107.884445;1
4/27/2024;-6.234236;107.465981;1
4/28/2024;-6.367921;107.793436;1
6/25/2024;-7.792676;110.247664;1
2024-05-20;-6.132333428601772;106.70908461244191;0
6/27/2024;-6.875159;109.381554;1
4/27/2024;-6.211607;107.343611;1
6/27/2024;-6.895384;109.429609;1
4/27/2024;-6.233156;107.46558;1
6/24/2024;-7.742085;109.928091;1
6/13/2024;-6.809047;110.964703;1
6/26/2024;-6.905918;109.772265;1
3/20/2024;-6.436889;107.885353;1
6/12/2024;-7.725614;109.523917;1
6/11/2024;-6.974927;110.170081;1
3/18/2024;-6.293374;107.362478;1
4/29/2024;-6.452821;108.074884;1
3/20/2024;-6.378003;107.83264;1
6/26/2024;-6.909907;109.74886;1
4/27/2024;-6.292564;107.361021;1
4/28/2024;-6.36007;107.607947;1
6/13/2024;-6.813308;110.807776;1
6/11/2024;-7.435934;109.353379;1
6/27/2024;-6.895461;109.430135;1
4/29/2024;-6.454458;108.074286;1
2024-04-15;-6.2745752164598;107.43517214741374;0
6/13/2024;-6.867955;110.870317;1
3/19/2024;-6.382959;108.270629;1
6/27/2024;-6.87148;109.390277;1
3/19/2024;-6.454091;108.072096;1
6/15/2024;-7.123628;110.400178;1
4/27/2024;-6.193878;107.495595;1
3/19/2024;-6.329155;108.300965;1
6/12/2024;-7.749734;109.672755;1
6/11/2024;-6.904421;110.185015;1
6/24/2024;-7.74289;109.92774;1
4/26/2024;-6.148882;107.349148;1
6/15/2024;-7.159029;110.404507;1
6/27/2024;-6.874942;109.38307;1
4/28/2024;-6.368339;107.7936;1
4/27/2024;-6.293761;107.361185;1
6/11/2024;-6.959873;110.194961;1
6/24/2024;-6.715254;110.70636;1
6/28/2024;-6.996035;109.054013;1
2024-04-15;-6.832299935260705;107.75335606619262;0
3/19/2024;-6.481673;108.076124;1
6/27/2024;-6.895926;109.42998;1
6/11/2024;-7.427078;109.295253;1
4/27/2024;-6.293914;107.362382;1
2024-12-10;-6.425036955371402;107.2175425217567;0
3/18/2024;-6.333986;107.401579;1
6/27/2024;-6.896112;109.406522;1
6/13/2024;-6.809249;110.965421;1
4/29/2024;-6.384669;108.273487;1
3/19/2024;-6.402606;108.324907;1
4/28/2024;-6.337521;107.599252;1
6/26/2024;-6.89954;109.754182;1
4/27/2024;-6.233808;107.464382;1
6/24/2024;-7.846274;110.315664;1
6/15/2024;-7.161169;110.403921;1
6/12/2024;-7.750432;109.67295;1
6/27/2024;-7.409453;109.880426;1
4/27/2024;-6.260464;107.46204;1
6/11/2024;-6.974768;110.170717;1
3/16/2024;-6.1495;107.347889;1
6/12/2024;-7.595366;109.449563;1
6/26/2024;-6.900904;109.754649;1
6/25/2024;-7.792066;110.247094;1
4/26/2024;-6.149809;107.348192;1
4/28/2024;-6.368878;107.794939;1
4/29/2024;-6.481231;108.079646;1
3/20/2024;-6.360672;107.606293;1
6/11/2024;-6.958521;110.193918;1
6/12/2024;-7.595002;109.448314;1
6/12/2024;-7.035253;110.537172;1
6/25/2024;-7.793605;110.247281;1
4/27/2024;-6.233775;107.467785;1
4/29/2024;-6.403875;108.323957;1
4/28/2024;-6.363836;107.608614;1
6/12/2024;-7.594538;109.448905;1
6/13/2024;-6.859989;110.867476;1
6/12/2024;-7.595375;109.449968;1
6/15/2024;-7.122978;110.399665;1
6/27/2024;-6.895629;109.406724;1
6/10/2024;-6.959719;109.598302;1
6/11/2024;-6.958624;110.195199;1
3/19/2024;-6.481859;108.075966;1
6/24/2024;-6.714953;110.707363;1
6/10/2024;-6.958678;109.59796;1
6/26/2024;-6.907478;109.772883;1
3/18/2024;-6.260439;107.463959;1
6/13/2024;-6.809265;110.964617;1
3/19/2024;-6.482433;108.0759;1
3/19/2024;-6.328913;108.304395;1
6/12/2024;-7.726073;109.523267;1
6/24/2024;-6.76355;110.765889;1
6/11/2024;-7.425702;109.295758;1
3/16/2024;-6.147986;107.338663;1
6/10/2024;-6.960652;109.594868;1
6/10/2024;-6.921386;109.683614;1
2024-04-15;-6.444212986247599;106.8075890519959;0
6/13/2024;-6.810247;110.963901;1
6/11/2024;-6.974616;110.171274;1
6/28/2024;-6.995991;109.05378;1
3/19/2024;-6.383085;108.270615;1
6/24/2024;-6.71526;110.707008;1
3/18/2024;-6.333705;107.401513;1
6/12/2024;-7.724447;109.524515;1
6/11/2024;-7.649913;109.209742;1
4/29/2024;-6.401111;108.324748;1
6/11/2024;-7.614026;109.152479;1
6/11/2024;-7.435637;109.353184;1
6/11/2024;-7.650532;109.208749;1
6/11/2024;-6.975084;110.170062;1
3/20/2024;-6.364261;107.630717;1
6/11/2024;-6.906594;110.185151;1
3/19/2024;-6.405188;108.325082;1
4/29/2024;-6.402529;108.324095;1
6/27/2024;-6.89691;109.430166;1
6/11/2024;-6.904425;110.184661;1
3/18/2024;-6.292245;107.362976;1
6/27/2024;-7.387925;109.6749;1
4/27/2024;-6.293804;107.362153;1
4/29/2024;-6.48122;108.081452;1
2024-08-15;-6.921369981679252;108.26944925546032;0
6/12/2024;-7.732345;109.726383;1
4/27/2024;-6.233837;107.46515;1
6/11/2024;-7.425657;109.294614;1
6/27/2024;-6.895222;109.42885;1
6/24/2024;-7.781921;109.949745;1
3/19/2024;-6.401715;108.323096;1
6/12/2024;-7.725343;109.522893;1
6/27/2024;-6.895306;109.430276;1
4/27/2024;-6.294832;107.359224;1
2024-03-20;-7.365862190845693;114.48653513015212;0
6/12/2024;-7.638223;109.559305;1
6/11/2024;-7.436218;109.352659;1
6/12/2024;-7.732194;109.726193;1
4/29/2024;-6.384415;108.273483;1
6/24/2024;-6.762812;110.766021;1
3/18/2024;-6.294465;107.359712;1
6/10/2024;-6.921158;109.683328;1
6/11/2024;-6.97515;110.170484;1
4/29/2024;-6.383709;108.275559;1
4/27/2024;-6.29487;107.357557;1
6/11/2024;-6.959602;110.194924;1
6/11/2024;-7.426107;109.413202;1
6/10/2024;-6.960151;109.598351;1
4/29/2024;-6.480774;108.080546;1
3/18/2024;-6.261546;107.463864;1
6/10/2024;-6.929085;109.687629;1
3/16/2024;-6.151797;107.339319;1
4/27/2024;-6.233711;107.468507;1
6/24/2024;-7.780454;109.948914;1
4/27/2024;-6.214599;107.342148;1
6/27/2024;-7.387868;109.673707;1
6/27/2024;-6.897051;109.429556;1
6/11/2024;-6.960913;110.194497;1
6/12/2024;-6.851613;110.799201;1
6/11/2024;-6.905898;110.185423;1
6/10/2024;-6.928635;109.686558;1
4/29/2024;-6.401524;108.32404;1
4/29/2024;-6.40184;108.324995;1
2024-03-20;-6.332409399018114;107.27446443795554;0
6/13/2024;-7.782556;109.949056;1
6/12/2024;-7.047086;110.534477;1
6/26/2024;-6.910209;109.746029;1
6/15/2024;-7.160316;110.403763;1
2024-02-10;-7.28488217525482;109.76828844932628;0
3/16/2024;-6.148752;107.348031;1
6/12/2024;-7.716461;109.488243;1
6/12/2024;-7.036445;110.538636;1
6/11/2024;-6.974759;110.172113;1
6/11/2024;-6.975405;110.172171;1
6/11/2024;-6.958957;110.194276;1
3/19/2024;-6.4017;108.325353;1
4/28/2024;-6.368752;107.793004;1
4/27/2024;-6.2119;107.344222;1
6/28/2024;-6.994122;109.054031;1
6/12/2024;-7.725034;109.524518;1
6/24/2024;-7.781135;109.948364;1
6/12/2024;-6.8603;110.792067;1
4/28/2024;-6.359143;107.609006;1
3/19/2024;-6.326877;108.30411;1
4/27/2024;-6.293509;107.362156;1
4/28/2024;-6.338283;107.600967;1
6/11/2024;-6.960154;110.193933;1
6/11/2024;-6.905005;110.186206;1
6/12/2024;-6.851322;110.798501;1
6/26/2024;-6.905656;109.77323;1
6/27/2024;-6.870516;109.391032;1
6/11/2024;-6.96057;110.194181;1
4/27/2024;-6.192894;107.494752;1
6/11/2024;-7.426859;109.411668;1
6/11/2024;-6.959279;110.193931;1
6/10/2024;-6.928241;109.686802;1
4/29/2024;-6.38478;108.275657;1
6/11/2024;-6.975153;110.170018;1
6/12/2024;-6.850467;110.798239;1
6/12/2024;-7.048357;110.534489;1
3/18/2024;-6.260838;107.461753;1
6/12/2024;-7.749534;109.674525;1
6/10/2024;-6.929883;109.688476;1
6/15/2024;-7.158945;110.404072;1
6/13/2024;-6.813117;110.806635;1
6/12/2024;-7.716229;109.488319;1
6/11/2024;-6.958983;110.1939;1
6/12/2024;-7.748958;109.673846;1
6/10/2024;-6.929886;109.687911;1
3/19/2024;-6.402648;108.324424;1
6/24/2024;-7.742561;109.9279;1
2024-01-15;-7.37541349665863;111.78360698775846;0
4/29/2024;-6.384355;108.272731;1
3/20/2024;-6.361193;107.606726;1
4/27/2024;-6.234982;107.468363;1
4/28/2024;-6.359164;107.608394;1
4/29/2024;-6.327176;108.305768;1
6/10/2024;-6.9593;109.597944;1
4/27/2024;-6.217287;107.342059;1
6/26/2024;-6.900439;109.754216;1
4/29/2024;-6.326733;108.304411;1
6/28/2024;-6.971046;109.094261;1
6/24/2024;-6.714766;110.706172;1
6/10/2024;-6.920604;109.683116;1
6/10/2024;-6.928828;109.686832;1
6/24/2024;-6.653772;110.662881;1
6/26/2024;-6.900694;109.75488;1
3/20/2024;-6.365269;107.633655;1
3/16/2024;-6.149078;107.339325;1
6/11/2024;-6.959984;110.193998;1
6/12/2024;-7.725413;109.522943;1
6/12/2024;-7.750463;109.673238;1
6/26/2024;-6.902139;109.756082;1
6/11/2024;-6.960139;110.19364;1
6/11/2024;-7.426243;109.295091;1
6/24/2024;-6.679058;110.654419;1
6/25/2024;-7.869836;110.195527;1
6/12/2024;-7.638936;109.558357;1
4/29/2024;-6.454829;108.071239;1
6/10/2024;-6.928833;109.687874;1
4/28/2024;-6.367684;107.793599;1
4/29/2024;-6.38426;108.276103;1
6/28/2024;-6.993844;109.053175;1
4/28/2024;-6.337973;107.599255;1
6/15/2024;-7.159626;110.404154;1
6/10/2024;-6.958746;109.597658;1
6/11/2024;-6.937162;110.219766;1
6/11/2024;-6.974534;110.17167;1
4/27/2024;-6.259211;107.46098;1
3/19/2024;-6.482145;108.076336;1
3/19/2024;-6.454956;108.071888;1
3/19/2024;-6.382028;108.271571;1
6/11/2024;-6.975192;110.171842;1
6/12/2024;-7.595973;109.449044;1
3/20/2024;-6.364152;107.632957;1
6/24/2024;-7.742825;109.927225;1
6/15/2024;-7.159126;110.40366;1
6/12/2024;-7.725855;109.522972;1
6/12/2024;-7.733295;109.725272;1
6/12/2024;-7.7332;109.72502;1
6/11/2024;-7.426914;109.413832;1
3/18/2024;-6.333161;107.400748;1
6/10/2024;-6.929336;109.687842;1
6/11/2024;-7.434529;109.352746;1
6/12/2024;-6.859803;110.791803;1
6/12/2024;-7.595313;109.448866;1
3/18/2024;-6.294521;107.359373;1
6/27/2024;-7.388821;109.67427;1
6/26/2024;-6.905761;109.771262;1
3/19/2024;-6.403458;108.323388;1
6/15/2024;-7.123094;110.399751;1
4/29/2024;-6.383808;108.276789;1
6/27/2024;-6.874949;109.382151;1
6/11/2024;-6.974494;110.171407;1
6/12/2024;-7.594555;109.44921;1
6/10/2024;-6.961053;109.597896;1
6/10/2024;-6.961639;109.597962;1
6/11/2024;-6.937433;110.218955;1
3/19/2024;-6.405321;108.324022;1
6/11/2024;-6.95907;110.194682;1
6/28/2024;-6.995527;109.053143;1
2024-04-15;-6.374192823432665;106.5906420290366;0
2024-04-15;-6.676625020548082;112.40856624241182;0
3/19/2024;-6.383053;108.271635;1
6/13/2024;-6.810908;110.910067;1
4/27/2024;-6.234006;107.464548;1
4/27/2024;-6.294828;107.360128;1
2024-06-15;-6.965774235633555;106.07115253744456;0
6/24/2024;-6.714509;110.707457;1
6/26/2024;-6.899994;109.754633;1
6/10/2024;-6.981189;109.052634;1
6/25/2024;-7.791999;110.247111;1
3/18/2024;-6.261669;107.46252;1
4/28/2024;-6.356068;107.641176;1
4/29/2024;-6.453267;108.075298;1
6/28/2024;-6.993525;109.053524;1
6/27/2024;-6.896855;109.428613;1
3/18/2024;-6.260394;107.463599;1
6/10/2024;-6.959588;109.595766;1
6/11/2024;-7.426975;109.295142;1
4/29/2024;-6.405181;108.323872;1
6/10/2024;-6.929156;109.687375;1
2024-04-15;-6.039463513825639;106.831799527417;0
6/12/2024;-7.732022;109.725597;1
6/27/2024;-6.896727;109.407241;1
6/11/2024;-7.426958;109.413804;1
4/28/2024;-6.336914;107.600684;1
6/10/2024;-6.921505;109.682629;1
6/10/2024;-6.959212;109.597794;1
4/27/2024;-6.214482;107.344064;1
2024-12-10;-6.09625127948555;107.19435304593638;0
4/27/2024;-6.214909;107.343511;1
6/27/2024;-6.873421;109.381077;1
6/11/2024;-6.936708;110.218862;1
6/28/2024;-6.969917;109.093675;1
6/24/2024;-7.782456;109.9495;1
6/12/2024;-7.725317;109.524189;1
6/24/2024;-6.652837;110.662902;1
3/18/2024;-6.292851;107.362416;1
6/11/2024;-6.974952;110.17168;1
6/15/2024;-7.160631;110.404336;1
6/12/2024;-7.035267;110.538625;1
2024-03-20;-7.193144568087282;108.1177311155188;0
6/27/2024;-6.873411;109.382461;1
6/11/2024;-7.650685;109.209393;1
3/18/2024;-6.291192;107.361825;1
6/12/2024;-6.86095;110.791997;1
6/27/2024;-6.896639;109.406803;1
4/27/2024;-6.292689;107.36185;1
3/19/2024;-6.400631;108.324136;1
6/27/2024;-6.894405;109.430054;1
6/24/2024;-6.762705;110.765852;1
4/29/2024;-6.481496;108.079357;1
4/27/2024;-6.258538;107.461299;1
3/19/2024;-6.404275;108.323691;1
6/25/2024;-7.792423;110.24677;1
6/12/2024;-7.749598;109.672627;1
6/11/2024;-6.959395;110.195121;1
6/11/2024;-7.42643;109.4135;1
6/11/2024;-7.435889;109.353647;1
4/27/2024;-6.193689;107.493922;1
6/11/2024;-7.434635;109.352083;1
6/13/2024;-6.809052;110.963392;1
4/29/2024;-6.38466;108.272735;1
6/27/2024;-6.872143;109.390447;1
4/28/2024;-6.362779;107.608412;1
2024-09-15;-6.128925107266183;107.42535830842216;0
2024-03-20;-6.171523302318668;107.3556478222197;0
6/24/2024;-7.741898;109.927478;1
3/16/2024;-6.148201;107.33986;1
6/27/2024;-7.410852;109.880541;1
6/11/2024;-7.426992;109.413574;1
6/11/2024;-7.649868;109.209081;1
6/15/2024;-7.161483;110.403829;1
4/29/2024;-6.402011;108.325205;1
6/24/2024;-6.715635;110.706455;1
6/12/2024;-7.594841;109.448491;1
6/12/2024;-7.714741;109.488043;1
6/13/2024;-6.812935;110.806937;1
4/28/2024;-6.37751;107.832192;1
3/16/2024;-6.148479;107.337663;1
3/18/2024;-6.260772;107.462351;1
6/12/2024;-7.749828;109.673109;1
6/11/2024;-7.436132;109.352275;1
4/27/2024;-6.192976;107.495139;1
3/16/2024;-6.149314;107.35003;1
3/20/2024;-6.379031;107.833503;1
6/12/2024;-7.639117;109.558683;1
6/11/2024;-6.959639;110.194368;1
6/13/2024;-6.861674;110.857059;1
3/19/2024;-6.403961;108.324916;1
3/16/2024;-6.150639;107.348135;1
3/20/2024;-6.363627;107.632037;1
2024-06-15;-5.801686457893292;107.21970352739268;0
6/13/2024;-6.812477;110.807758;1
3/16/2024;-6.148632;107.339757;1
3/18/2024;-6.260229;107.46372;1
6/27/2024;-6.872256;109.390805;1
6/11/2024;-6.906078;110.18438;1
3/18/2024;-6.260607;107.461738;1
6/26/2024;-6.905468;109.773171;1
2024-01-15;-6.230367803765122;105.83552236902923;0
6/27/2024;-7.388503;109.674886;1
6/28/2024;-6.995765;109.052576;1
6/12/2024;-6.860867;110.792352;1
4/27/2024;-6.292176;107.36258;1
4/28/2024;-6.367815;107.792722;1
6/11/2024;-7.426011;109.412065;1
4/29/2024;-6.453672;108.076402;1
6/25/2024;-7.792026;110.246928;1
6/11/2024;-7.426404;109.413087;1
3/20/2024;-6.363997;107.631305;1
3/18/2024;-6.261605;107.4628;1
4/29/2024;-6.404752;108.323322;1
2024-01-15;-6.5925089097057095;115.2919992559063;0
3/19/2024;-6.48184;108.07709;1
6/11/2024;-7.649927;109.209373;1
4/28/2024;-6.354481;107.640888;1
6/11/2024;-7.426897;109.413605;1
2024-06-15;-7.065527384145237;106.14889257962568;0
6/11/2024;-7.650517;109.209641;1
4/27/2024;-6.211026;107.344325;1
4/26/2024;-6.150709;107.349099;1
4/29/2024;-6.45354;108.07599;1
6/28/2024;-6.970363;109.093635;1
6/24/2024;-6.654178;110.663876;1
2024-06-15;-7.595947680332358;112.15268611847756;0
3/19/2024;-6.38238;108.270646;1
4/28/2024;-6.338024;107.600549;1
4/27/2024;-6.216271;107.342163;1
6/10/2024;-6.920151;109.683538;1
6/12/2024;-6.850467;110.798692;1
6/10/2024;-6.920783;109.683623;1
6/10/2024;-6.929656;109.688239;1
6/27/2024;-6.874988;109.381462;1
6/10/2024;-6.980777;109.053548;1
3/19/2024;-6.481926;108.076385;1
4/27/2024;-6.215996;107.34331;1
6/28/2024;-6.994075;109.052446;1
3/19/2024;-6.403967;108.324013;1
6/10/2024;-6.92989;109.687803;1
6/15/2024;-7.159649;110.403989;1
6/10/2024;-6.930008;109.687631;1
6/27/2024;-7.388131;109.674949;1
3/18/2024;-6.331836;107.402001;1
6/27/2024;-6.897242;109.406596;1
2024-08-15;-6.699451088949734;112.20575878565828;0
4/28/2024;-6.369034;107.794509;1
6/25/2024;-7.792206;110.247858;1
4/27/2024;-6.234432;107.466085;1
6/11/2024;-7.504349;109.375607;1
3/19/2024;-6.403586;108.324065;1
3/16/2024;-6.150466;107.34872;1
2024-04-15;-6.738886598899902;108.40348658240208;0
4/29/2024;-6.384257;108.277243;1
6/12/2024;-7.731935;109.726031;1
6/11/2024;-7.61366;109.152705;1
6/11/2024;-7.426564;109.294747;1
6/12/2024;-7.595838;109.450465;1
2024-01-15;-7.540886258682519;109.81487650460116;0
4/29/2024;-6.453878;108.07089;1
6/24/2024;-6.654942;110.663403;1
6/15/2024;-7.161255;110.403486;1
2024-08-15;-6.029303770451633;105.47482950157496;0
6/24/2024;-6.67911;110.654647;1
4/26/2024;-6.150373;107.347905;1
6/27/2024;-7.388596;109.674391;1
6/25/2024;-7.869714;110.195675;1
3/18/2024;-6.261505;107.463097;1
4/27/2024;-6.294836;107.358321;1
4/27/2024;-6.258519;107.460674;1
2024-01-15;-6.967835297955754;106.03704534872702;0
6/11/2024;-7.427021;109.41385;1
4/29/2024;-6.404726;108.32432;1
6/27/2024;-7.388138;109.674398;1
6/10/2024;-6.929816;109.688527;1
6/27/2024;-6.872233;109.391857;1
6/15/2024;-7.161374;110.403637;1
4/29/2024;-6.384938;108.275665;1
6/11/2024;-7.426799;109.413036;1
6/13/2024;-6.813834;110.807305;1
4/27/2024;-6.294805;107.360161;1
6/13/2024;-6.812879;110.806484;1
2024-06-15;-6.502023231865836;107.95665655780618;0
6/13/2024;-6.810447;110.964449;1
6/11/2024;-7.435226;109.352638;1
6/12/2024;-6.859962;110.791447;1
6/24/2024;-6.715853;110.707268;1
6/12/2024;-7.638716;109.559528;1
6/28/2024;-6.994927;109.053888;1
4/29/2024;-6.385681;108.272102;1
6/11/2024;-7.504283;109.375628;1
6/11/2024;-6.959246;110.193907;1
6/12/2024;-7.595904;109.449178;1
4/27/2024;-6.260431;107.462799;1
4/29/2024;-6.454278;108.071306;1
6/25/2024;-7.870025;110.196374;1
6/24/2024;-6.763814;110.76536;1
6/24/2024;-7.742448;109.92792;1
6/26/2024;-6.909869;109.745744;1
6/24/2024;-7.78043;109.948703;1
2024-03-20;-5.598061367701106;106.2569124796212;0
3/20/2024;-6.361627;107.607122;1
3/18/2024;-6.292875;107.362155;1
6/10/2024;-6.921345;109.682505;1
6/10/2024;-6.92987;109.687583;1
3/20/2024;-6.365309;107.632357;1
4/27/2024;-6.212196;107.343951;1
6/12/2024;-7.725027;109.522913;1
3/16/2024;-6.212023;107.343825;1
4/28/2024;-6.378891;107.8314;1
3/18/2024;-6.293149;107.36298;1
6/11/2024;-7.426801;109.413729;1
6/26/2024;-6.905467;109.772719;1
6/11/2024;-6.974881;110.170817;1
3/18/2024;-6.33371;107.400977;1
6/12/2024;-7.638609;109.55904;1
6/27/2024;-6.874847;109.381186;1
4/27/2024;-6.233839;107.464869;1
6/24/2024;-7.846888;110.315741;1
6/26/2024;-6.900536;109.754789;1
3/20/2024;-6.436561;107.884746;1
6/10/2024;-6.929298;109.687642;1
6/24/2024;-7.74108;109.927291;1
6/27/2024;-6.897152;109.407155;1
6/13/2024;-6.868398;110.870035;1
6/26/2024;-6.906366;109.773329;1
4/27/2024;-6.293212;107.360861;1
4/29/2024;-6.454423;108.074049;1
6/27/2024;-7.409272;109.880853;1
6/11/2024;-6.90641;110.185072;1
6/28/2024;-6.99426;109.052432;1
6/15/2024;-7.158985;110.404426;1
6/10/2024;-6.959489;109.597712;1
6/12/2024;-7.594715;109.449967;1
6/10/2024;-6.980913;109.053701;1
6/26/2024;-6.909474;109.749207;1
3/20/2024;-6.43686;107.884057;1
6/11/2024;-7.504412;109.375603;1
6/27/2024;-6.870496;109.390373;1
2024-03-20;-7.199568534837087;110.0748811544346;0
6/12/2024;-7.732026;109.725381;1
4/27/2024;-6.21129;107.344399;1
6/27/2024;-6.87142;109.390933;1
3/16/2024;-6.148067;107.33914;1
6/12/2024;-7.595045;109.45025;1
6/25/2024;-7.792345;110.246792;1
6/12/2024;-7.036553;110.538225;1
6/28/2024;-6.99447;109.052772;1
6/28/2024;-6.994673;109.052953;1
6/24/2024;-6.762528;110.765379;1
6/24/2024;-7.782121;109.948448;1
3/18/2024;-6.292827;107.362911;1
6/11/2024;-7.61491;109.151684;1
4/28/2024;-6.355834;107.641346;1
6/27/2024;-6.874464;109.382802;1
6/12/2024;-6.860178;110.791742;1
4/29/2024;-6.401965;108.324484;1
3/20/2024;-6.378455;107.832643;1
4/28/2024;-6.369032;107.794961;1
6/28/2024;-6.97088;109.095017;1
3/19/2024;-6.326848;108.304323;1
6/26/2024;-6.905904;109.772693;1
6/27/2024;-6.875192;109.381873;1
4/27/2024;-6.214011;107.342153;1
6/27/2024;-6.89726;109.406778;1
6/13/2024;-6.809805;110.96419;1
6/26/2024;-6.905796;109.772854;1
4/29/2024;-6.45509;108.070456;1
6/27/2024;-6.873411;109.382758;1
3/19/2024;-6.326874;108.304561;1
3/19/2024;-6.481391;108.07533;1
6/10/2024;-6.928463;109.687654;1
6/12/2024;-7.714977;109.488376;1
6/24/2024;-6.653391;110.664258;1
6/11/2024;-7.43525;109.351916;1
3/20/2024;-6.364768;107.632591;1
2024-06-15;-7.586199882143537;113.05497010059516;0
4/28/2024;-6.354609;107.640749;1
6/10/2024;-6.920707;109.68372;1
3/18/2024;-6.333756;107.402059;1
4/27/2024;-6.212652;107.343684;1
3/19/2024;-6.401568;108.324067;1
4/28/2024;-6.359343;107.608624;1
6/11/2024;-7.434954;109.351756;1
6/10/2024;-6.959833;109.594879;1
3/18/2024;-6.261039;107.463608;1
3/19/2024;-6.329472;108.301545;1
3/19/2024;-6.481399;108.075281;1
6/25/2024;-7.793717;110.247238;1
6/11/2024;-7.426128;109.295404;1
3/16/2024;-6.14974;107.34919;1
6/11/2024;-7.427128;109.29507;1
6/11/2024;-7.503972;109.374967;1
3/20/2024;-6.363295;107.631706;1
6/11/2024;-7.50477;109.374899;1
6/11/2024;-7.50397;109.375092;1
6/12/2024;-7.716064;109.488331;1
3/19/2024;-6.403703;108.322918;1
6/26/2024;-6.900085;109.754322;1
6/11/2024;-7.614268;109.152431;1
6/12/2024;-7.639344;109.55892;1
6/27/2024;-6.897463;109.405894;1
4/29/2024;-6.40179;108.325241;1
3/20/2024;-6.365954;107.632519;1
3/20/2024;-6.364161;107.631151;1
4/27/2024;-6.295463;107.35873;1
6/11/2024;-6.974414;110.171418;1
6/26/2024;-6.910713;109.746952;1
4/29/2024;-6.404661;108.325219;1
6/11/2024;-7.434582;109.352625;1
6/13/2024;-6.8098;110.964327;1
6/27/2024;-6.87511;109.381119;1
6/13/2024;-6.812017;110.806419;1
6/11/2024;-7.503807;109.375656;1
6/11/2024;-7.426108;109.412006;1
6/12/2024;-7.595033;109.450066;1
6/26/2024;-6.904992;109.771715;1
6/28/2024;-6.970617;109.093613;1
4/29/2024;-6.481125;108.081722;1
4/28/2024;-6.360847;107.608514;1
6/27/2024;-6.871009;109.390904;1
4/28/2024;-6.363033;107.608878;1
6/28/2024;-6.97111;109.094551;1
6/10/2024;-6.959182;109.595454;1
6/15/2024;-7.160924;110.403747;1
6/15/2024;-7.1604;110.404141;1
6/13/2024;-6.810092;110.963661;1
6/12/2024;-7.048719;110.535667;1
6/12/2024;-6.861319;110.792804;1
4/28/2024;-6.35515;107.640669;1
4/27/2024;-6.193886;107.493789;1
4/29/2024;-6.481005;108.080865;1
4/29/2024;-6.404;108.323365;1
6/26/2024;-6.907919;109.749442;1
4/29/2024;-6.452807;108.074507;1
6/12/2024;-7.73301;109.725359;1
6/13/2024;-6.810495;110.963781;1
6/24/2024;-7.846642;110.315421;1
3/18/2024;-6.292662;107.362653;1
6/11/2024;-6.959789;110.194219;1
6/11/2024;-6.936489;110.218313;1
6/13/2024;-6.85981;110.867442;1
3/16/2024;-6.149092;107.337953;1
6/11/2024;-6.975464;110.171595;1
2024-12-10;-6.721451059231075;112.84027258789496;0
4/29/2024;-6.402023;108.3234;1
6/10/2024;-6.929404;109.68685;1
6/27/2024;-6.894544;109.430056;1
6/24/2024;-6.652713;110.663522;1
6/11/2024;-6.937927;110.219172;1
6/10/2024;-6.98158;109.05262;1
6/24/2024;-6.655181;110.664081;1
6/15/2024;-7.159891;110.404041;1
6/13/2024;-6.813604;110.80798;1
6/11/2024;-7.426912;109.413128;1
6/12/2024;-7.749286;109.672483;1
6/26/2024;-6.901078;109.75608;1
6/12/2024;-7.725772;109.522959;1
6/10/2024;-6.960997;109.597014;1
6/11/2024;-6.905374;110.186215;1
6/27/2024;-6.896464;109.406629;1
4/29/2024;-6.327631;108.305319;1
6/11/2024;-7.649624;109.208597;1
6/27/2024;-6.895426;109.42875;1
2024-10-20;-5.632762160656596;106.6585574671476;0
6/24/2024;-7.741974;109.928359;1
3/18/2024;-6.260221;107.462074;1
6/10/2024;-6.920515;109.683131;1
6/26/2024;-6.909917;109.745105;1
3/19/2024;-6.48172;108.07544;1
4/27/2024;-6.194086;107.494851;1
6/12/2024;-7.595877;109.449021;1
6/26/2024;-6.902006;109.756276;1
6/12/2024;-7.725989;109.524127;1
3/16/2024;-6.147938;107.340427;1
6/11/2024;-7.504896;109.37549;1
6/25/2024;-7.793466;110.247342;1
4/29/2024;-6.385191;108.272284;1
4/28/2024;-6.35983;107.607368;1
4/27/2024;-6.193008;107.493298;1
6/24/2024;-7.846287;110.315883;1
6/10/2024;-6.921327;109.683301;1
6/15/2024;-7.124205;110.400624;1
6/11/2024;-6.936906;110.219913;1
6/13/2024;-6.862559;110.856932;1
4/29/2024;-6.383807;108.27697;1
4/27/2024;-6.194991;107.495604;1
3/20/2024;-6.36559;107.633585;1
6/12/2024;-7.725443;109.523104;1
6/10/2024;-6.958988;109.598255;1
4/27/2024;-6.216723;107.342165;1
4/29/2024;-6.454464;108.072514;1
4/29/2024;-6.479913;108.081845;1
6/12/2024;-7.638025;109.559793;1
6/12/2024;-6.86124;110.792023;1
4/27/2024;-6.260469;107.461136;1
6/26/2024;-6.90948;109.74428;1
6/28/2024;-6.970903;109.094305;1
6/27/2024;-7.388609;109.674532;1
3/16/2024;-6.150045;107.348812;1
6/27/2024;-7.388581;109.674494;1
4/28/2024;-6.337964;107.601061;1
6/10/2024;-6.920484;109.682411;1
4/28/2024;-6.359618;107.607944;1
6/28/2024;-6.970881;109.093338;1
6/11/2024;-7.435408;109.352103;1
4/29/2024;-6.384606;108.277181;1
6/11/2024;-7.614543;109.152813;1
4/27/2024;-6.260227;107.461101;1
6/26/2024;-6.909615;109.743925;1
3/20/2024;-6.364405;107.633691;1
4/28/2024;-6.368953;107.793186;1
6/26/2024;-6.905921;109.773328;1
6/27/2024;-6.894812;109.429126;1
3/19/2024;-6.454415;108.072992;1
6/24/2024;-6.715889;110.707385;1
4/29/2024;-6.400987;108.323703;1
4/29/2024;-6.455092;108.070005;1
4/29/2024;-6.402323;108.324435;1
4/27/2024;-6.215194;107.342734;1
4/29/2024;-6.326981;108.306331;1
6/10/2024;-6.920448;109.683361;1
4/27/2024;-6.235473;107.467582;1
6/24/2024;-6.715085;110.706418;1
6/28/2024;-6.994313;109.052604;1
6/10/2024;-6.920826;109.683048;1
3/19/2024;-6.482499;108.075067;1
6/11/2024;-6.937022;110.219707;1
6/11/2024;-7.426264;109.413446;1
4/29/2024;-6.481143;108.081843;1
4/27/2024;-6.293032;107.360718;1
3/18/2024;-6.332333;107.401653;1
6/10/2024;-6.958672;109.59817;1
6/11/2024;-6.974522;110.172126;1
6/26/2024;-6.906369;109.771811;1
3/17/2024;-6.385528;108.2815;1
3/16/2024;-6.151795;107.339771;1
3/20/2024;-6.363702;107.632503;1
3/19/2024;-6.329081;108.301333;1
6/12/2024;-7.732218;109.725015;1
6/11/2024;-7.426641;109.413858;1
6/10/2024;-6.928298;109.686654;1
6/12/2024;-7.725291;109.524047;1
6/10/2024;-6.960723;109.598185;1
6/26/2024;-6.910646;109.747104;1
6/10/2024;-6.982333;109.053327;1
6/10/2024;-6.921316;109.683954;1
6/24/2024;-7.845838;110.315596;1
3/16/2024;-6.148646;107.336565;1
6/13/2024;-6.85948;110.867408;1
6/24/2024;-7.74103;109.926986;1
6/28/2024;-6.994388;109.0539;1
6/12/2024;-7.048584;110.534918;1
3/19/2024;-6.40192;108.323014;1
6/10/2024;-6.960317;109.595444;1
2024-02-10;-5.980231451810482;106.54106145144864;0
6/15/2024;-7.160573;110.403792;1
6/27/2024;-7.411237;109.880274;1
6/26/2024;-6.908026;109.747844;1
4/28/2024;-6.362561;107.609566;1
6/27/2024;-6.894536;109.429466;1
6/11/2024;-7.426434;109.413769;1
3/20/2024;-6.365509;107.632513;1
3/19/2024;-6.327343;108.301856;1
4/29/2024;-6.384894;108.27229;1
6/15/2024;-7.160644;110.403424;1
4/28/2024;-6.3774;107.831789;1
6/24/2024;-6.764228;110.76636;1
3/20/2024;-6.436256;107.885697;1
6/13/2024;-6.809069;110.965415;1
6/25/2024;-7.870047;110.195692;1
6/10/2024;-6.960593;109.595182;1
6/12/2024;-7.639166;109.559073;1
6/12/2024;-7.035574;110.537424;1
6/13/2024;-6.810582;110.964661;1
6/15/2024;-7.159313;110.404317;1
4/29/2024;-6.384956;108.276091;1
6/13/2024;-6.868373;110.870213;1
2024-03-20;-8.47514334964058;113.99516819613004;0
6/11/2024;-7.426172;109.294803;1
6/25/2024;-7.792408;110.247349;1
6/24/2024;-7.741531;109.926837;1
2024-09-15;-6.707475060957659;110.64014759114562;0
3/16/2024;-6.14904;107.349693;1
6/10/2024;-6.928751;109.686681;1
6/27/2024;-6.875366;109.382346;1
6/27/2024;-6.875221;109.382132;1
3/16/2024;-6.15253;107.338603;1
6/27/2024;-6.87146;109.391105;1
6/10/2024;-6.928882;109.6865;1
4/28/2024;-6.37786;107.832942;1
4/28/2024;-6.359612;107.609299;1
4/27/2024;-6.233853;107.465467;1
3/18/2024;-6.260247;107.462361;1
6/12/2024;-6.859962;110.792352;1
6/11/2024;-6.937209;110.218528;1
6/11/2024;-6.960318;110.194261;1
6/26/2024;-6.909918;109.745557;1
6/11/2024;-7.434803;109.353184;1
6/26/2024;-6.906781;109.773047;1
6/13/2024;-6.812768;110.807483;1
6/10/2024;-6.920891;109.684262;1
6/12/2024;-6.852178;110.797843;1
6/11/2024;-7.426667;109.413361;1
6/26/2024;-6.905917;109.771812;1
6/11/2024;-7.504216;109.375626;1
3/19/2024;-6.405063;108.323756;1
2024-09-15;-5.969976828938044;106.76280976846692;0
6/13/2024;-6.81241;110.806488;1
6/27/2024;-6.894538;109.429637;1
6/10/2024;-6.959785;109.596204;1
4/29/2024;-6.481198;108.0802;1
6/11/2024;-7.426276;109.413528;1
6/15/2024;-7.123355;110.399742;1
6/12/2024;-7.637971;109.559069;1
6/10/2024;-6.960352;109.598078;1
6/11/2024;-7.50468;109.375096;1
3/19/2024;-6.481848;108.075735;1
2024-05-20;-8.236075584309818;113.16170491203674;0
3/18/2024;-6.292441;107.363168;1
6/24/2024;-6.7153;110.707125;1
4/29/2024;-6.455796;108.071412;1
6/26/2024;-6.908286;109.750008;1
6/27/2024;-6.897435;109.40692;1
4/28/2024;-6.367335;107.79422;1
6/12/2024;-7.6395;109.558912;1
6/13/2024;-6.810514;110.963976;1
3/19/2024;-6.455157;108.072386;1
6/27/2024;-7.409327;109.881398;1
4/27/2024;-6.293153;107.362458;1
6/10/2024;-6.929227;109.687271;1
4/28/2024;-6.377074;107.831801;1
6/24/2024;-6.65334;110.664166;1
3/18/2024;-6.333397;107.401161;1
6/27/2024;-7.388113;109.673971;1
3/20/2024;-6.365058;107.63251;1
4/27/2024;-6.294579;107.35757;1
6/10/2024;-6.928639;109.688009;1
4/27/2024;-6.192526;107.494685;1
6/12/2024;-7.732889;109.724989;1
6/12/2024;-7.595835;109.449559;1
6/24/2024;-7.781103;109.950226;1
4/29/2024;-6.453962;108.076166;1
3/16/2024;-6.152249;107.339321;1
3/19/2024;-6.45478;108.071924;1
6/13/2024;-6.809936;110.965358;1
2024-11-15;-6.2196197249379255;106.64505762106678;0
6/11/2024;-6.959394;110.19442;1
6/15/2024;-7.159087;110.403646;1
6/28/2024;-6.970501;109.09448;1
4/29/2024;-6.404721;108.325223;1
6/12/2024;-7.716167;109.488056;1
6/15/2024;-7.159423;110.403744;1
6/24/2024;-6.652479;110.66401;1
6/27/2024;-7.388013;109.673809;1
6/13/2024;-6.809424;110.965054;1
6/24/2024;-7.741341;109.926573;1
3/19/2024;-6.382344;108.271517;1
6/11/2024;-6.960954;110.194245;1
6/28/2024;-6.994834;109.052541;1
6/10/2024;-6.959109;109.595066;1
6/24/2024;-7.781537;109.949847;1
3/20/2024;-6.378901;107.833548;1
4/27/2024;-6.293466;107.361477;1
3/20/2024;-6.364917;107.632945;1
3/19/2024;-6.481842;108.076638;1
6/26/2024;-6.905632;109.771236;1
6/26/2024;-7.317944;110.472478;1
4/27/2024;-6.193453;107.494193;1
6/10/2024;-6.960918;109.594025;1
4/29/2024;-6.400909;108.324115;1
6/12/2024;-7.725979;109.522985;1
6/28/2024;-6.9709;109.094103;1
6/13/2024;-6.80981;110.963586;1
4/27/2024;-6.234157;107.466237;1
3/16/2024;-6.149085;107.339544;1
6/10/2024;-6.920564;109.682399;1
6/10/2024;-6.960744;109.595186;1
3/19/2024;-6.481328;108.076856;1
3/19/2024;-6.383633;108.27171;1
6/12/2024;-7.731831;109.726178;1
6/11/2024;-7.425645;109.295234;1
3/19/2024;-6.328746;108.302726;1
4/27/2024;-6.29301;107.362378;1
6/15/2024;-7.12363;110.399745;1
6/11/2024;-6.959935;110.194951;1
4/27/2024;-6.260471;107.460685;1
3/19/2024;-6.400582;108.323958;1
6/11/2024;-7.504543;109.375571;1
4/29/2024;-6.402956;108.320406;1
6/11/2024;-7.614523;109.152566;1
6/11/2024;-7.426559;109.412909;1
6/27/2024;-7.387745;109.674792;1
6/24/2024;-6.652435;110.663715;1
4/29/2024;-6.385186;108.273187;1
6/12/2024;-7.725902;109.523589;1
6/28/2024;-6.970516;109.094584;1
6/26/2024;-6.90633;109.773227;1
4/29/2024;-6.454853;108.071439;1
6/10/2024;-6.921759;109.683097;1
6/12/2024;-7.036611;110.538728;1
3/19/2024;-6.402499;108.323084;1
3/20/2024;-6.363974;107.632144;1
3/20/2024;-6.435879;107.884346;1
6/15/2024;-7.161216;110.403411;1
3/20/2024;-6.436212;107.884453;1
6/10/2024;-6.961044;109.594729;1
6/13/2024;-6.810368;110.963686;1
6/11/2024;-7.435808;109.353552;1
6/27/2024;-7.388352;109.674626;1
4/28/2024;-6.360069;107.609379;1
3/16/2024;-6.152699;107.339775;1
4/27/2024;-6.258574;107.461547;1
6/10/2024;-6.928421;109.687318;1
3/20/2024;-6.218361;107.360139;1
6/10/2024;-6.948564;109.612528;1
6/25/2024;-7.868731;110.195596;1
6/12/2024;-7.595908;109.450136;1
6/15/2024;-7.159964;110.404073;1
6/27/2024;-7.388485;109.673825;1
6/10/2024;-6.96048;109.598251;1
6/26/2024;-6.901581;109.754335;1
6/11/2024;-7.650515;109.209188;1
4/27/2024;-6.214629;107.343884;1
4/28/2024;-6.354621;107.641682;1
6/12/2024;-7.724806;109.523432;1
6/12/2024;-7.724513;109.523757;1
6/27/2024;-7.41113;109.881104;1
4/27/2024;-6.234675;107.468693;1
6/11/2024;-7.426306;109.411608;1
6/11/2024;-7.426361;109.411611;1
6/28/2024;-6.995806;109.0528;1
4/29/2024;-6.384987;108.276372;1
6/13/2024;-6.810572;110.964527;1
6/27/2024;-7.387884;109.67436;1
4/27/2024;-6.214965;107.343521;1
6/12/2024;-6.851371;110.798692;1
4/28/2024;-6.355389;107.639989;1
4/27/2024;-6.216051;107.341462;1
6/12/2024;-7.732961;109.725156;1
4/27/2024;-6.235131;107.467286;1
4/27/2024;-6.192529;107.494234;1
6/26/2024;-6.901097;109.756425;1
6/24/2024;-6.653794;110.664653;1
6/27/2024;-6.87223;109.390952;1
4/28/2024;-6.337736;107.599348;1
4/27/2024;-6.294038;107.357891;1
6/27/2024;-6.895995;109.407011;1
6/10/2024;-6.959595;109.597235;1
6/25/2024;-7.793389;110.247372;1
3/19/2024;-6.482055;108.075791;1
3/19/2024;-6.40536;108.324555;1
3/19/2024;-6.404873;108.323568;1
6/11/2024;-7.613626;109.152663;1
6/26/2024;-6.909883;109.744184;1
6/27/2024;-6.897579;109.407241;1
6/27/2024;-6.872139;109.390658;1
6/11/2024;-7.434983;109.353198;1
4/27/2024;-6.234039;107.464866;1
2024-06-15;-6.909868345110681;112.04589948192442;0
6/10/2024;-6.921233;109.683167;1
6/12/2024;-7.732886;109.726377;1
6/24/2024;-6.715183;110.70736;1
6/11/2024;-6.960769;110.19466;1
6/11/2024;-6.975382;110.171019;1
6/11/2024;-7.614829;109.152587;1
3/19/2024;-6.48209;108.076904;1
6/12/2024;-7.035787;110.538672;1
4/29/2024;-6.404275;108.324317;1
4/29/2024;-6.401697;108.323365;1
6/12/2024;-6.861294;110.792306;1
6/25/2024;-7.793418;110.246858;1
3/20/2024;-6.435675;107.884178;1
6/11/2024;-7.434948;109.352131;1
4/27/2024;-6.192791;107.495711;1
3/19/2024;-6.455272;108.072116;1
6/12/2024;-6.85129;110.796914;1
6/10/2024;-6.959865;109.595376;1
6/10/2024;-6.960931;109.595479;1
6/24/2024;-7.740945;109.927095;1
3/20/2024;-6.379002;107.832613;1
3/19/2024;-6.482326;108.075193;1
6/24/2024;-6.715125;110.707182;1
6/12/2024;-7.733042;109.725506;1
6/25/2024;-7.793646;110.246702;1
4/29/2024;-6.480328;108.07964;1
6/11/2024;-6.975012;110.171688;1
6/11/2024;-6.959253;110.194853;1
2024-04-15;-6.19837331588139;107.38000516558684;0
6/11/2024;-7.426867;109.413863;1
4/27/2024;-6.233258;107.46545;1
3/16/2024;-6.147956;107.337186;1
6/28/2024;-6.970886;109.095102;1
6/27/2024;-6.873555;109.382465;1
6/12/2024;-7.749218;109.672425;1
6/24/2024;-6.654035;110.663154;1
6/27/2024;-6.873482;109.382057;1
6/11/2024;-6.959496;110.194095;1
3/19/2024;-6.402972;108.320361;1
6/12/2024;-7.04848;110.535528;1
3/19/2024;-6.328691;108.302767;1
6/11/2024;-7.426318;109.412074;1
6/11/2024;-7.504369;109.3743;1
3/19/2024;-6.48204;108.076399;1
6/11/2024;-6.938064;110.218407;1
6/24/2024;-7.846198;110.315139;1
6/24/2024;-7.847111;110.316091;1
6/27/2024;-6.896886;109.405948;1
6/27/2024;-7.388601;109.674752;1
6/11/2024;-6.975424;110.172307;1
6/11/2024;-6.975193;110.170304;1
6/24/2024;-7.846313;110.315485;1
4/29/2024;-6.385007;108.271843;1
6/10/2024;-6.960095;109.595658;1
6/28/2024;-6.993936;109.053902;1
6/12/2024;-7.725915;109.523659;1
4/28/2024;-6.355511;107.640614;1
3/20/2024;-6.363324;107.631442;1
6/27/2024;-6.895767;109.428911;1
6/13/2024;-6.809689;110.963552;1
3/20/2024;-6.362373;107.606848;1
3/20/2024;-6.365623;107.632291;1
6/24/2024;-6.715953;110.707241;1
6/26/2024;-6.909926;109.748725;1
4/28/2024;-6.356293;107.639994;1
6/24/2024;-7.782372;109.949082;1
6/24/2024;-7.781295;109.950168;1
4/28/2024;-6.359152;107.607531;1
3/18/2024;-6.29281;107.363171;1
6/24/2024;-6.762849;110.765558;1
6/10/2024;-6.959245;109.597902;1
3/20/2024;-6.361124;107.606295;1
4/27/2024;-6.216267;107.343066;1
6/24/2024;-6.714221;110.706564;1
6/24/2024;-7.781634;109.949816;1
2024-06-15;-7.5194029585804145;112.64896193809884;0
4/28/2024;-6.362325;107.608861;1
3/19/2024;-6.455037;108.071722;1
6/12/2024;-7.732085;109.725679;1
3/19/2024;-6.481607;108.076607;1
6/13/2024;-6.868131;110.870189;1
2024-02-10;-6.087161132203821;108.61454069721616;0
6/10/2024;-6.958942;109.598322;1
6/28/2024;-6.970046;109.093928;1
6/26/2024;-6.906822;109.772263;1
3/18/2024;-6.260784;107.461997;1
6/11/2024;-7.42638;109.412927;1
2024-06-15;-6.029702066217603;106.95916411988009;0
4/29/2024;-6.401332;108.323425;1
6/11/2024;-7.435056;109.351921;1
6/28/2024;-6.995407;109.05234;1
6/27/2024;-6.896244;109.406254;1
6/11/2024;-7.426175;109.41363;1
6/26/2024;-6.908529;109.747967;1
6/26/2024;-6.910057;109.750068;1
4/29/2024;-6.454181;108.071354;1
4/27/2024;-6.258913;107.461246;1
3/16/2024;-6.148508;107.338133;1
6/11/2024;-7.436154;109.353041;1
6/27/2024;-7.387728;109.674675;1
2024-01-15;-6.832749585175235;114.00592069375806;0
6/25/2024;-7.793099;110.246942;1
6/11/2024;-6.959414;110.194716;1
6/11/2024;-7.427041;109.295794;1
6/12/2024;-7.035724;110.538754;1
6/10/2024;-6.929433;109.686486;1
6/12/2024;-7.638118;109.55816;1
4/29/2024;-6.404117;108.323886;1
6/12/2024;-7.749744;109.672908;1
3/19/2024;-6.40126;108.323544;1
6/10/2024;-6.960602;109.59712;1
6/26/2024;-6.900445;109.754179;1
6/11/2024;-7.650683;109.209495;1
6/11/2024;-6.974616;110.170821;1
6/15/2024;-7.124151;110.399997;1
6/27/2024;-7.409229;109.880701;1
6/12/2024;-7.594616;109.448373;1
6/10/2024;-6.921054;109.683083;1
6/12/2024;-7.748506;109.673848;1
4/29/2024;-6.384913;108.273516;1
6/11/2024;-6.958818;110.195101;1
2024-06-15;-6.254666669124664;107.17161724211468;0
6/13/2024;-6.809348;110.963874;1
6/28/2024;-6.994653;109.052579;1
3/20/2024;-6.36369;107.631553;1
6/12/2024;-7.731575;109.725063;1
6/10/2024;-6.920448;109.684225;1
4/28/2024;-6.378314;107.832492;1
6/25/2024;-7.7937;110.24657;1
6/11/2024;-7.435431;109.35229;1
4/27/2024;-6.212651;107.34305;1
2024-10-20;-8.553041428723867;114.11979756088957;0
6/12/2024;-7.594852;109.44838;1
6/15/2024;-7.16089;110.403581;1
6/27/2024;-7.411225;109.880432;1
3/20/2024;-6.365124;107.633765;1
2024-10-20;-6.415644722225628;106.55031507447993;0
6/11/2024;-6.974782;110.171344;1
4/27/2024;-6.29256;107.361924;1
3/19/2024;-6.454676;108.073168;1
6/12/2024;-7.731846;109.72507;1
6/13/2024;-6.81253;110.805908;1
6/27/2024;-6.871753;109.391954;1
3/18/2024;-6.291797;107.36207;1
4/27/2024;-6.293916;107.36193;1
6/11/2024;-7.434816;109.352599;1
3/18/2024;-6.33336;107.40167;1
6/15/2024;-7.159917;110.403702;1
6/11/2024;-6.960572;110.193755;1
6/15/2024;-7.161387;110.403904;1
6/24/2024;-6.653549;110.664676;1
6/12/2024;-7.63833;109.55954;1
6/10/2024;-6.981651;109.053753;1
6/27/2024;-6.870692;109.391687;1
4/27/2024;-6.212604;107.343212;1
6/12/2024;-7.733302;109.726006;1
6/12/2024;-7.047168;110.535277;1
3/16/2024;-6.149088;107.338856;1
6/27/2024;-6.873331;109.38245;1
4/27/2024;-6.295256;107.359841;1
6/12/2024;-6.861914;110.791861;1
6/12/2024;-7.595469;109.448642;1
6/10/2024;-6.92975;109.687772;1
4/28/2024;-6.363452;107.6074;1
6/24/2024;-6.687212;110.67716;1
6/11/2024;-6.974906;110.169947;1
6/12/2024;-7.639095;109.559018;1
3/18/2024;-6.260475;107.4588;1
4/29/2024;-6.385332;108.272954;1
6/10/2024;-6.928185;109.686814;1
6/11/2024;-6.959729;110.194679;1
4/27/2024;-6.258953;107.461735;1
6/11/2024;-7.503675;109.374731;1
3/16/2024;-6.212567;107.34368;1
6/12/2024;-7.5956;109.44892;1
3/18/2024;-6.294213;107.359285;1
6/11/2024;-6.974602;110.172116;1
3/18/2024;-6.26086;107.464431;1
6/11/2024;-7.649654;109.209482;1
2024-10-20;-5.504163874176953;107.00900071684744;0
6/11/2024;-6.90544;110.185613;1
3/20/2024;-6.360629;107.606105;1
6/11/2024;-6.906111;110.184097;1
6/11/2024;-6.936966;110.218671;1
6/15/2024;-7.123627;110.400131;1
6/12/2024;-7.726127;109.523764;1
6/27/2024;-6.89556;109.429472;1
6/26/2024;-6.908888;109.748926;1
6/15/2024;-7.161077;110.403354;1
6/26/2024;-6.908116;109.748277;1
3/18/2024;-6.291725;107.361901;1
6/11/2024;-7.50495;109.375403;1
3/19/2024;-6.481517;108.076256;1
6/24/2024;-6.679373;110.654639;1
6/10/2024;-6.959304;109.594265;1
6/27/2024;-7.409036;109.881522;1
6/13/2024;-6.860632;110.868479;1
6/12/2024;-7.716241;109.48901;1
6/12/2024;-7.595265;109.450419;1
6/12/2024;-7.714809;109.487768;1
6/12/2024;-7.725765;109.523751;1
3/18/2024;-6.294517;107.360276;1
6/27/2024;-6.894541;109.429827;1
6/24/2024;-6.654263;110.664505;1
6/24/2024;-7.781059;109.949844;1
3/18/2024;-6.333403;107.402071;1
6/12/2024;-7.595739;109.449963;1
6/27/2024;-6.873414;109.383014;1
4/29/2024;-6.454365;108.071297;1
3/16/2024;-6.149042;107.336567;1
3/20/2024;-6.436278;107.884292;1
6/15/2024;-7.158833;110.404269;1
6/26/2024;-6.908118;109.748729;1
3/16/2024;-6.148843;107.336566;1
2024-01-15;-6.079145445800344;106.62893385035552;0
6/13/2024;-6.810435;110.964493;1
4/29/2024;-6.45422;108.076152;1
6/27/2024;-6.895475;109.406155;1
6/27/2024;-7.388129;109.674496;1
6/27/2024;-6.875371;109.382781;1
6/10/2024;-6.959656;109.598066;1
6/13/2024;-6.859708;110.866736;1
3/16/2024;-6.152253;107.338418;1
4/27/2024;-6.259225;107.461321;1
6/26/2024;-6.908076;109.748644;1
3/19/2024;-6.401257;108.323996;1
6/28/2024;-6.97059;109.093358;1
3/20/2024;-6.364952;107.633719;1
4/28/2024;-6.337154;107.601373;1
6/24/2024;-6.654696;110.663261;1
3/17/2024;-6.184194;107.372306;1
6/26/2024;-6.910114;109.746944;1
6/15/2024;-7.159223;110.403918;1
6/27/2024;-6.897601;109.406249;1
4/28/2024;-6.362397;107.607688;1
6/12/2024;-7.638553;109.558288;1
6/11/2024;-6.906275;110.184614;1
6/13/2024;-6.813937;110.808337;1
6/25/2024;-7.793563;110.24642;1
4/29/2024;-6.403823;108.324979;1
4/27/2024;-6.214557;107.341933;1
3/19/2024;-6.454026;108.071835;1
2024-07-20;-6.421280778765556;111.06249815764848;0
6/11/2024;-7.649905;109.209835;1
6/13/2024;-6.809449;110.965419;1
6/13/2024;-6.811603;110.910478;1
6/27/2024;-6.895654;109.407034;1
6/15/2024;-7.160981;110.403325;1
6/11/2024;-6.959981;110.194899;1
2024-01-15;-6.126147763176509;106.8448264480204;0
6/12/2024;-7.731955;109.72561;1
6/12/2024;-7.732024;109.72594;1
3/19/2024;-6.482748;108.076192;1
6/28/2024;-6.993807;109.052818;1
3/20/2024;-6.435082;107.885343;1
6/11/2024;-6.905446;110.185424;1
6/15/2024;-7.158851;110.403681;1
6/13/2024;-6.812839;110.806844;1
6/12/2024;-7.595463;109.448456;1
6/12/2024;-7.594928;109.448656;1
6/28/2024;-6.995746;109.053356;1
6/15/2024;-7.16064;110.403812;1
2024-06-15;-7.389840636239218;106.98690144474352;0
3/20/2024;-6.365874;107.630776;1
6/11/2024;-6.937103;110.218929;1
6/11/2024;-7.426824;109.294958;1
6/11/2024;-7.434917;109.353137;1
3/19/2024;-6.403556;108.323879;1
4/29/2024;-6.327622;108.306673;1
6/27/2024;-6.874702;109.382175;1
6/13/2024;-6.813123;110.807529;1
4/28/2024;-6.355646;107.639715;1
2024-08-15;-6.305912254842699;105.90638332709602;0
6/24/2024;-7.741036;109.926754;1
3/20/2024;-6.363695;107.633858;1
6/28/2024;-6.969962;109.094938;1
6/27/2024;-6.871833;109.390301;1
6/26/2024;-6.910033;109.749772;1
6/13/2024;-6.81293;110.808663;1
6/24/2024;-7.781933;109.949124;1
3/20/2024;-6.378833;107.833692;1
6/10/2024;-6.920148;109.682493;1
6/24/2024;-6.715054;110.707807;1
6/10/2024;-6.961484;109.596999;1
6/15/2024;-7.160999;110.404288;1
3/20/2024;-6.365961;107.632515;1
6/13/2024;-6.810568;110.964485;1
6/26/2024;-6.909461;109.743748;1
6/10/2024;-6.928899;109.687627;1
6/13/2024;-6.862218;110.858161;1
3/17/2024;-6.152889;107.352861;1
3/16/2024;-6.149647;107.348589;1
6/10/2024;-6.921424;109.68225;1
6/11/2024;-7.426829;109.412067;1
4/28/2024;-6.354868;107.640989;1
3/19/2024;-6.482501;108.07646;1
6/27/2024;-6.895147;109.430276;1
6/24/2024;-7.781946;109.949005;1
3/19/2024;-6.404318;108.324028;1
6/13/2024;-6.812055;110.909573;1
3/19/2024;-6.382628;108.271515;1
6/24/2024;-6.678816;110.654002;1
6/12/2024;-7.048622;110.53575;1
6/27/2024;-7.409726;109.880759;1
6/11/2024;-6.974294;110.170616;1
3/18/2024;-6.261051;107.463547;1
6/15/2024;-7.158921;110.404536;1
6/11/2024;-6.974663;110.169984;1
6/26/2024;-6.910367;109.744199;1
2024-05-20;-6.027679505240598;106.61178603709718;0
6/25/2024;-7.792106;110.246883;1
3/16/2024;-6.212555;107.343214;1
6/24/2024;-7.741879;109.927143;1
6/11/2024;-6.959814;110.194977;1
6/28/2024;-6.97127;109.095081;1
6/24/2024;-6.679531;110.654218;1
6/27/2024;-7.387634;109.674183;1
4/27/2024;-6.217396;107.342774;1
2024-11-15;-7.27473172872514;109.56493192326305;0
3/19/2024;-6.327334;108.30321;1
3/19/2024;-6.481815;108.075667;1
6/24/2024;-7.780578;109.949581;1
2024-04-15;-7.356787404494281;112.0053200971378;0
3/20/2024;-6.363769;107.630861;1
6/12/2024;-7.725343;109.524283;1
6/26/2024;-6.908528;109.748996;1
6/26/2024;-6.908119;109.749182;1
6/11/2024;-6.960557;110.19392;1
6/12/2024;-6.851018;110.797551;1
6/11/2024;-6.904761;110.185921;1
4/27/2024;-6.295261;107.358369;1
6/11/2024;-6.974455;110.171154;1
6/10/2024;-6.928973;109.688313;1
6/26/2024;-6.906704;109.773226;1
6/12/2024;-7.048317;110.535866;1
6/15/2024;-7.158927;110.404272;1
6/24/2024;-7.846107;110.315392;1
6/27/2024;-6.896416;109.429783;1
6/11/2024;-7.42621;109.413811;1
4/28/2024;-6.33765;107.600169;1
6/24/2024;-6.653808;110.664399;1
4/26/2024;-6.14959;107.350042;1
6/11/2024;-7.426719;109.411449;1
6/11/2024;-7.426839;109.295794;1
6/28/2024;-6.969688;109.093814;1
6/28/2024;-6.9705;109.09482;1
6/27/2024;-6.896276;109.406508;1
6/27/2024;-6.896745;109.430229;1
6/24/2024;-7.741083;109.927594;1
6/13/2024;-6.813009;110.808653;1
4/27/2024;-6.259274;107.461895;1
4/27/2024;-6.293469;107.360856;1
6/11/2024;-6.905932;110.184959;1
6/24/2024;-7.782165;109.949633;1
6/27/2024;-6.874916;109.3828;1
6/12/2024;-7.732467;109.724978;1
4/28/2024;-6.367726;107.793135;1
4/28/2024;-6.356513;107.640585;1
6/12/2024;-6.860451;110.793067;1
6/10/2024;-6.960463;109.595079;1
6/27/2024;-6.894492;109.428669;1
4/27/2024;-6.2352;107.468337;1
4/27/2024;-6.293464;107.361928;1
6/27/2024;-6.872136;109.392013;1
6/12/2024;-7.750145;109.673598;1
6/13/2024;-6.809181;110.964356;1
6/11/2024;-7.435277;109.353378;1
6/11/2024;-7.425807;109.295734;1
4/27/2024;-6.19375;107.494056;1
6/27/2024;-6.89576;109.429095;1
4/28/2024;-6.354632;107.641864;1
6/28/2024;-6.971187;109.095406;1
6/28/2024;-6.971078;109.09509;1
6/11/2024;-7.435489;109.352354;1
6/11/2024;-7.435012;109.353351;1
4/28/2024;-6.362293;107.60797;1
2024-03-20;-6.169000021760326;107.34627778172003;0
6/27/2024;-6.896993;109.40591;1
3/20/2024;-6.36423;107.631141;1
6/27/2024;-7.386264;109.595167;1
6/24/2024;-6.763773;110.766595;1
6/11/2024;-6.960444;110.194222;1
6/28/2024;-6.971304;109.095404;1
4/27/2024;-6.23365;107.467361;1
4/29/2024;-6.384282;108.273181;1
6/11/2024;-6.974744;110.171085;1
6/24/2024;-7.780903;109.9497;1
4/29/2024;-6.404106;108.325446;1
6/27/2024;-6.897274;109.40693;1
6/10/2024;-6.96095;109.595647;1
6/28/2024;-6.995571;109.053354;1
3/20/2024;-6.377939;107.832158;1
2024-09-15;-5.838495885973997;108.41245124850728;0
6/26/2024;-6.9067;109.772705;1
6/27/2024;-6.894401;109.429824;1
6/27/2024;-6.875368;109.382799;1
6/12/2024;-7.725957;109.522945;1
6/15/2024;-7.159546;110.40383;1
4/29/2024;-6.453923;108.074189;1
4/28/2024;-6.377878;107.83275;1
6/15/2024;-7.161136;110.403719;1
6/15/2024;-7.158915;110.403932;1
6/10/2024;-6.929507;109.687404;1
6/27/2024;-7.387811;109.674895;1
6/28/2024;-6.995172;109.053199;1
4/27/2024;-6.292897;107.361846;1
4/29/2024;-6.480909;108.081871;1
2024-11-15;-6.466814536334589;107.5911882913792;0
6/25/2024;-7.869595;110.195693;1
3/20/2024;-6.364158;107.630808;1
6/13/2024;-6.810219;110.964296;1
2024-06-15;-6.4631105289795645;107.75531994103044;0
6/11/2024;-6.975468;110.172081;1
3/20/2024;-6.365169;107.631704;1
4/27/2024;-6.293016;107.361023;1
2024-03-20;-6.959396207010414;107.87731606061692;0
6/26/2024;-6.908122;109.750539;1
6/12/2024;-7.724864;109.523715;1
6/11/2024;-7.614109;109.151797;1
6/11/2024;-6.974376;110.171165;1
3/19/2024;-6.403474;108.324827;1
4/28/2024;-6.337774;107.599593;1
6/11/2024;-7.42614;109.413469;1
6/27/2024;-7.388015;109.67497;1
6/26/2024;-6.901752;109.755764;1
4/27/2024;-6.193211;107.493481;1
6/27/2024;-6.895599;109.40634;1
6/27/2024;-6.894289;109.43019;1
6/24/2024;-6.714278;110.706908;1
6/11/2024;-7.426928;109.29579;1
6/12/2024;-7.04748;110.534668;1
2024-08-15;-7.388097937193597;112.8017384223668;0
3/20/2024;-6.379361;107.833021;1
6/10/2024;-6.982177;109.052593;1
6/16/2024;-7.531278;110.158917;1
4/28/2024;-6.378311;107.832944;1
6/26/2024;-6.907131;109.772359;1
4/27/2024;-6.234681;107.467338;1
6/12/2024;-6.860932;110.792811;1
6/12/2024;-7.047866;110.534138;1
6/10/2024;-6.92024;109.683847;1
6/24/2024;-6.652132;110.663019;1
6/11/2024;-7.426877;109.413736;1
3/20/2024;-6.363246;107.633404;1
3/16/2024;-6.149052;107.350063;1
6/11/2024;-7.435301;109.353097;1
6/13/2024;-6.809744;110.964444;1
3/19/2024;-6.327785;108.303213;1
3/18/2024;-6.294927;107.359807;1
6/12/2024;-7.733303;109.725332;1
6/24/2024;-6.67931;110.653788;1
3/20/2024;-6.361771;107.606045;1
6/25/2024;-7.869995;110.195727;1
6/10/2024;-6.982064;109.052557;1
6/10/2024;-6.92054;109.683881;1
3/18/2024;-6.291135;107.361966;1
6/27/2024;-7.387677;109.674497;1
6/10/2024;-6.982323;109.053134;1
4/27/2024;-6.294473;107.358254;1
6/27/2024;-6.874492;109.382641;1
6/26/2024;-6.9098;109.746378;1
6/15/2024;-7.161184;110.403236;1
6/12/2024;-7.595513;109.449182;1
6/13/2024;-6.8689;110.871177;1
4/27/2024;-6.234067;107.465151;1
6/12/2024;-7.731671;109.726346;1
4/27/2024;-6.259111;107.461582;1
6/11/2024;-6.937073;110.21982;1
6/11/2024;-7.65029;109.208575;1
6/12/2024;-7.72437;109.52431;1
3/19/2024;-6.454325;108.072077;1
6/11/2024;-7.426611;109.295166;1
6/24/2024;-6.654581;110.664066;1
6/13/2024;-6.809853;110.963803;1
3/18/2024;-6.292697;107.362978;1
6/12/2024;-7.595385;109.450013;1
6/11/2024;-7.426957;109.29472;1
6/12/2024;-7.035771;110.538402;1
6/28/2024;-6.970385;109.094128;1
6/13/2024;-6.859106;110.867029;1
6/10/2024;-6.959155;109.595166;1
6/24/2024;-6.652435;110.664167;1
6/11/2024;-6.905975;110.186018;1
4/28/2024;-6.379233;107.833033;1
4/28/2024;-6.336733;107.601497;1
3/16/2024;-6.148639;107.349426;1
6/11/2024;-6.974615;110.170369;1
6/12/2024;-7.725658;109.524092;1
6/12/2024;-7.716088;109.488023;1
6/11/2024;-6.905627;110.185868;1
6/12/2024;-7.731797;109.726416;1
3/20/2024;-6.365642;107.630899;1
6/12/2024;-7.638809;109.558515;1
4/29/2024;-6.403897;108.323622;1
6/28/2024;-6.993874;109.052463;1
4/26/2024;-6.148657;107.349582;1
4/26/2024;-6.149031;107.349838;1
6/28/2024;-6.99542;109.052514;1
4/29/2024;-6.384731;108.273635;1
6/11/2024;-6.958744;110.194026;1
6/15/2024;-7.123119;110.399665;1
6/28/2024;-6.993465;109.05369;1
3/20/2024;-6.435542;107.883991;1
4/28/2024;-6.356396;107.640141;1
2024-12-10;-7.263212814815264;108.8047230910418;0
6/10/2024;-6.929092;109.688941;1
6/11/2024;-7.649539;109.209793;1
6/10/2024;-6.929829;109.688189;1
4/29/2024;-6.38516;108.277249;1
3/18/2024;-6.294519;107.359824;1
4/27/2024;-6.234231;107.466884;1
6/10/2024;-6.928785;109.687024;1
4/27/2024;-6.215117;107.342258;1
6/11/2024;-7.435043;109.352359;1
6/10/2024;-6.960418;109.594056;1
6/25/2024;-7.792368;110.247206;1
3/18/2024;-6.260791;107.464246;1
4/27/2024;-6.259813;107.460589;1
4/27/2024;-6.217334;107.34256;1
4/29/2024;-6.40156;108.325202;1
4/27/2024;-6.235127;107.468695;1
6/12/2024;-7.638334;109.55946;1
6/11/2024;-7.613334;109.152333;1
6/27/2024;-6.897084;109.407322;1
6/11/2024;-7.426937;109.413616;1
3/16/2024;-6.147985;107.338405;1
3/16/2024;-6.149593;107.348298;1
2024-09-15;-8.303308077006989;115.09745186922105;0
6/24/2024;-6.715324;110.707245;1
3/18/2024;-6.291105;107.361514;1
6/10/2024;-6.920603;109.683536;1
6/12/2024;-7.715437;109.488449;1
6/25/2024;-7.868513;110.195997;1
6/26/2024;-6.909644;109.748041;1
3/20/2024;-6.378904;107.833097;1
4/28/2024;-6.369278;107.793522;1
6/27/2024;-6.896592;109.406379;1
4/27/2024;-6.23333;107.466428;1
4/27/2024;-6.233523;107.464878;1
2024-12-10;-8.66233198947217;114.37858327834128;0
6/24/2024;-7.780678;109.949151;1
6/15/2024;-7.123689;110.400377;1
6/24/2024;-6.715144;110.706215;1
6/28/2024;-6.97105;109.095166;1
6/11/2024;-6.958981;110.195229;1
3/18/2024;-6.261333;107.46388;1
6/11/2024;-6.905544;110.185978;1
6/11/2024;-6.958812;110.194008;1
2024-03-20;-5.840679954787108;107.34270931509828;0
6/24/2024;-6.7154;110.705907;1
6/28/2024;-6.971471;109.094885;1
6/12/2024;-7.595359;109.44918;1
6/24/2024;-7.846784;110.316073;1
6/27/2024;-6.89567;109.430331;1
6/15/2024;-7.159498;110.403588;1
6/12/2024;-7.035929;110.539532;1
4/28/2024;-6.378958;107.833032;1
4/27/2024;-6.217458;107.342711;1
6/10/2024;-6.929532;109.686225;1
3/16/2024;-6.149076;107.337642;1
6/10/2024;-6.982339;109.052545;1
4/27/2024;-6.215369;107.341707;1
3/19/2024;-6.327325;108.304564;1
6/24/2024;-6.653636;110.663214;1
6/25/2024;-7.352842;110.530072;1
3/20/2024;-6.362414;107.606148;1
2024-06-15;-6.035715924641722;107.25019167490984;0
6/12/2024;-7.595118;109.448869;1
4/28/2024;-6.367375;107.795041;1
6/27/2024;-6.874298;109.38121;1
6/12/2024;-7.638003;109.559648;1
2024-03-20;-6.311124378851668;107.70545760565368;0
6/13/2024;-6.862831;110.857876;1
6/12/2024;-7.595687;109.449074;1
3/19/2024;-6.482305;108.074835;1
4/29/2024;-6.328085;108.304871;1
6/13/2024;-6.810128;110.963483;1
6/10/2024;-6.98159;109.052783;1
4/28/2024;-6.369041;107.793155;1
6/13/2024;-6.862745;110.857162;1
6/12/2024;-6.851978;110.798285;1
4/28/2024;-6.368167;107.792596;1
4/27/2024;-6.25999;107.462817;1
6/10/2024;-6.960099;109.597674;1
6/24/2024;-7.74203;109.926709;1
6/12/2024;-7.725403;109.522973;1
6/11/2024;-6.960512;110.194217;1
4/27/2024;-6.293239;107.360501;1
4/28/2024;-6.377848;107.832174;1
6/11/2024;-6.90635;110.18497;1
6/27/2024;-7.408797;109.881319;1
6/11/2024;-7.649592;109.20907;1
6/24/2024;-7.845814;110.316134;1
6/15/2024;-7.123412;110.40043;1
4/26/2024;-6.15048;107.348798;1
3/19/2024;-6.40198;108.324246;1
6/27/2024;-7.38887;109.674796;1
3/19/2024;-6.326787;108.302294;1
3/18/2024;-6.291716;107.361667;1
4/28/2024;-6.355675;107.641284;1
6/27/2024;-6.871755;109.391452;1
6/15/2024;-7.159947;110.403688;1
3/19/2024;-6.454221;108.071934;1
4/29/2024;-6.480346;108.080057;1
6/13/2024;-6.810239;110.964417;1
6/25/2024;-7.792843;110.247596;1
6/10/2024;-6.959565;109.597401;1
6/12/2024;-7.595832;109.448652;1
6/13/2024;-6.813959;110.808103;1
6/13/2024;-6.862195;110.857847;1
6/10/2024;-6.959142;109.595318;1
6/24/2024;-6.654244;110.663713;1
6/11/2024;-7.64973;109.208735;1
6/28/2024;-6.970109;109.094838;1
4/27/2024;-6.233892;107.466268;1
4/27/2024;-6.192815;107.495236;1
6/10/2024;-6.959617;109.597921;1
6/15/2024;-7.160639;110.403944;1
6/28/2024;-6.971275;109.094912;1
6/27/2024;-6.896904;109.406363;1
4/29/2024;-6.32791;108.304981;1
3/20/2024;-6.364124;107.633131;1
3/19/2024;-6.329344;108.302088;1
6/27/2024;-7.387676;109.674044;1
6/10/2024;-6.980825;109.053503;1
6/11/2024;-7.435034;109.352612;1
6/24/2024;-7.782335;109.948988;1
6/27/2024;-6.874754;109.382834;1
6/15/2024;-7.160874;110.403357;1
6/27/2024;-7.408767;109.88082;1
6/28/2024;-6.970076;109.093658;1
2024-08-15;-6.895683043047281;106.34683941618904;0
3/16/2024;-6.149086;107.339307;1
3/16/2024;-6.148178;107.340206;1
6/28/2024;-6.99455;109.053841;1
6/10/2024;-6.961234;109.595127;1
4/27/2024;-6.233784;107.465979;1
4/29/2024;-6.45407;108.076531;1
3/20/2024;-6.363257;107.631146;1
6/11/2024;-7.435712;109.353457;1
6/13/2024;-6.859051;110.869168;1
6/24/2024;-6.654539;110.662369;1
6/12/2024;-7.733068;109.725803;1
4/29/2024;-6.327108;108.30578;1
3/16/2024;-6.147774;107.336444;1
6/11/2024;-7.426164;109.413944;1
6/10/2024;-6.961181;109.595302;1
3/16/2024;-6.148631;107.336245;1
4/28/2024;-6.362719;107.608952;1
6/12/2024;-7.724877;109.523789;1
3/18/2024;-6.29421;107.360692;1
6/13/2024;-6.808896;110.963874;1
6/10/2024;-6.959031;109.594328;1
6/15/2024;-7.159879;110.403691;1
3/20/2024;-6.360708;107.60696;1
4/29/2024;-6.327642;108.303514;1
6/26/2024;-6.909142;109.748685;1
4/28/2024;-6.360554;107.608945;1
6/27/2024;-6.894417;109.430267;1
3/20/2024;-6.365486;107.630656;1
6/28/2024;-6.996051;109.052769;1
6/11/2024;-6.960908;110.194253;1
6/12/2024;-7.732459;109.725483;1
6/11/2024;-6.905214;110.1853;1
6/13/2024;-6.809331;110.963555;1
3/18/2024;-6.261282;107.463266;1
6/25/2024;-7.792354;110.247064;1
4/27/2024;-6.233771;107.468688;1
6/13/2024;-6.813149;110.808599;1
4/27/2024;-6.233786;107.465527;1
3/20/2024;-6.361565;107.605921;1
6/24/2024;-7.742018;109.927456;1
4/28/2024;-6.379195;107.83176;1
4/29/2024;-6.327636;108.304417;1
6/11/2024;-6.959065;110.195206;1
6/27/2024;-6.895431;109.428645;1
6/13/2024;-6.812477;110.805948;1
6/10/2024;-6.929757;109.686482;1
6/24/2024;-7.845584;110.315922;1
6/24/2024;-6.65364;110.662566;1
6/27/2024;-6.874361;109.382498;1
6/27/2024;-6.87144;109.390609;1
3/19/2024;-6.402171;108.323624;1
6/24/2024;-6.679421;110.653658;1
6/10/2024;-6.928415;109.686853;1
3/18/2024;-6.261997;107.463995;1
6/13/2024;-6.813382;110.807758;1
4/27/2024;-6.194262;107.495929;1
6/26/2024;-6.908098;109.750331;1
6/26/2024;-6.908569;109.748276;1
6/11/2024;-6.95959;110.193744;1
4/29/2024;-6.404456;108.323461;1
6/11/2024;-7.426607;109.412111;1
6/27/2024;-7.411353;109.880857;1
6/26/2024;-6.909702;109.750133;1
6/10/2024;-6.921504;109.682176;1
6/11/2024;-6.960122;110.194712;1
6/12/2024;-7.595764;109.448738;1
3/20/2024;-6.365117;107.631441;1
3/20/2024;-6.379349;107.833394;1
6/27/2024;-6.87202;109.391982;1
6/12/2024;-7.73305;109.725734;1
6/12/2024;-7.749683;109.674164;1
3/19/2024;-6.405474;108.32351;1
4/26/2024;-6.149357;107.350052;1
6/11/2024;-6.959756;110.194327;1
2024-12-10;-6.194498251198798;107.28951906257969;0
2024-02-10;-5.944162040697486;107.28747959175976;0
6/11/2024;-6.974651;110.171907;1
6/10/2024;-6.959458;109.597599;1
2024-03-20;-6.156095717168994;107.04594752384833;0
4/27/2024;-6.215813;107.343515;1
4/28/2024;-6.360401;107.607598;1
6/27/2024;-6.871777;109.390501;1
6/28/2024;-6.996183;109.054174;1
6/12/2024;-6.851371;110.797334;1
6/12/2024;-7.047467;110.534667;1
6/11/2024;-7.426324;109.41383;1
6/12/2024;-7.733293;109.725655;1
3/16/2024;-6.147942;107.336897;1
6/11/2024;-7.426015;109.294567;1
6/27/2024;-7.409037;109.881013;1
4/29/2024;-6.402313;108.323471;1
6/27/2024;-6.871651;109.390287;1
6/27/2024;-6.897034;109.429148;1
6/12/2024;-6.860867;110.792804;1
3/19/2024;-6.328231;108.304119;1
6/27/2024;-7.411268;109.880584;1
4/27/2024;-6.194897;107.495774;1
6/24/2024;-6.653339;110.662809;1
6/11/2024;-7.427116;109.295684;1
3/18/2024;-6.261248;107.462179;1
4/29/2024;-6.385056;108.272744;1
4/29/2024;-6.327929;108.305308;1
3/20/2024;-6.365487;107.630884;1
6/26/2024;-6.907665;109.748731;1
6/11/2024;-6.906339;110.184059;1
3/19/2024;-6.454319;108.071956;1
6/28/2024;-6.970053;109.094143;1
2024-10-20;-7.698238364078015;110.43082656167898;0
4/27/2024;-6.233777;107.467334;1
2024-06-15;-7.729374631706831;113.18002943008828;0
4/28/2024;-6.356259;107.64094;1
6/11/2024;-7.426735;109.411543;1
6/12/2024;-7.715849;109.48926;1
6/27/2024;-6.895293;109.429664;1
4/29/2024;-6.453602;108.074904;1
4/29/2024;-6.328088;108.304419;1
4/27/2024;-6.233667;107.467792;1
6/28/2024;-6.994696;109.053362;1
6/11/2024;-6.958622;110.195145;1
6/15/2024;-7.158949;110.403949;1
6/27/2024;-7.388845;109.674558;1
6/24/2024;-6.654243;110.662356;1
6/15/2024;-7.158804;110.404426;1
6/24/2024;-7.847191;110.315428;1
4/27/2024;-6.258704;107.461967;1
2024-04-15;-6.495545426414995;108.54668165957034;0
6/24/2024;-6.716003;110.707497;1
6/12/2024;-7.639065;109.558351;1
6/27/2024;-6.894979;109.429663;1
4/26/2024;-6.15083;107.34899;1
6/11/2024;-7.650572;109.209197;1
6/24/2024;-7.846252;110.315725;1
6/27/2024;-7.388707;109.674696;1
3/20/2024;-6.361012;107.60662;1
6/28/2024;-6.994917;109.052776;1
6/12/2024;-7.594877;109.450597;1
6/12/2024;-7.594983;109.449003;1
6/28/2024;-6.969692;109.094719;1
3/19/2024;-6.455139;108.071701;1
4/28/2024;-6.355839;107.640443;1
6/10/2024;-6.961504;109.597442;1
6/24/2024;-7.741428;109.928404;1
6/24/2024;-6.714731;110.70736;1
6/27/2024;-6.871992;109.390484;1
6/13/2024;-6.862248;110.857972;1
6/27/2024;-6.875416;109.382623;1
6/25/2024;-7.793819;110.246923;1
6/27/2024;-6.871084;109.390583;1
6/26/2024;-6.900065;109.754473;1
4/27/2024;-6.192851;107.495966;1
6/24/2024;-6.715484;110.707584;1
2024-09-15;-5.70741183960898;108.24033615080494;0
6/13/2024;-6.861674;110.856906;1
6/12/2024;-7.744361;109.679528;1
6/11/2024;-6.936873;110.219436;1
6/28/2024;-6.970914;109.094563;1
3/20/2024;-6.365875;107.631886;1
3/16/2024;-6.149702;107.3489;1
4/28/2024;-6.336384;107.601436;1
3/19/2024;-6.405368;108.322914;1
6/28/2024;-6.971231;109.093763;1
4/26/2024;-6.150167;107.34925;1
6/11/2024;-6.960046;110.194908;1
6/26/2024;-6.907957;109.748112;1
6/10/2024;-6.961019;109.597146;1
6/15/2024;-7.159998;110.404166;1
6/11/2024;-6.960714;110.193803;1
6/25/2024;-7.793705;110.246358;1
6/12/2024;-6.860358;110.792449;1
6/24/2024;-7.742229;109.927954;1
2024-07-20;-6.200229991450319;107.42898985399508;0
4/29/2024;-6.385044;108.272272;1
6/24/2024;-6.654602;110.662522;1
6/11/2024;-7.42627;109.413487;1
6/11/2024;-7.426287;109.41361;1
6/11/2024;-7.426666;109.41385;1
6/13/2024;-6.812192;110.807436;1
2024-10-20;-8.657412290974088;112.95746662619618;0
6/11/2024;-6.97531;110.171029;1
3/20/2024;-6.361175;107.605965;1
6/12/2024;-7.725886;109.523517;1
6/27/2024;-6.874444;109.381203;1
6/12/2024;-7.594813;109.448528;1
2024-07-20;-6.074073805959223;108.45396505983464;0
6/28/2024;-6.995992;109.053017;1
3/20/2024;-6.366889;107.7935;1
6/26/2024;-6.900533;109.754643;1
6/11/2024;-6.97489;110.171528;1
6/13/2024;-6.81293;110.80821;1
4/27/2024;-6.295167;107.357819;1
4/26/2024;-6.150385;107.348163;1
6/13/2024;-6.810166;110.964949;1
6/24/2024;-6.652655;110.662759;1
6/26/2024;-6.910203;109.744071;1
2024-09-15;-7.6414502958596735;111.54277134949604;0
6/15/2024;-7.161303;110.403234;1
6/27/2024;-6.874186;109.381492;1
6/13/2024;-6.812373;110.911415;1
6/13/2024;-6.809944;110.963578;1
6/26/2024;-6.910374;109.746913;1
3/20/2024;-6.378457;107.832191;1
3/19/2024;-6.4008;108.324896;1
4/27/2024;-6.216727;107.341261;1
6/27/2024;-6.874616;109.38306;1
3/19/2024;-6.403835;108.324997;1
6/11/2024;-6.960236;110.193978;1
6/27/2024;-6.89448;109.429612;1
6/24/2024;-6.714731;110.706908;1
6/12/2024;-7.638231;109.558386;1
6/26/2024;-7.317947;110.473575;1
3/20/2024;-6.365031;107.631913;1
6/11/2024;-7.426234;109.29502;1
3/19/2024;-6.382084;108.270529;1
2024-03-20;-7.736817630983866;112.36705885751242;0
6/13/2024;-6.867679;110.870642;1
6/13/2024;-6.860441;110.867929;1
6/11/2024;-7.426129;109.413682;1
3/16/2024;-6.148981;107.339793;1
6/11/2024;-6.904655;110.185452;1
4/26/2024;-6.149517;107.349701;1
6/26/2024;-6.906743;109.77333;1
6/12/2024;-7.715111;109.488219;1
3/16/2024;-6.147803;107.338412;1
3/18/2024;-6.293372;107.362146;1
6/27/2024;-7.409133;109.88139;1
6/11/2024;-7.649667;109.208283;1
3/16/2024;-6.148644;107.337048;1
2024-05-20;-6.453037458773456;107.4778271120551;0
6/27/2024;-6.894815;109.428837;1
6/13/2024;-6.809523;110.963545;1
4/28/2024;-6.360713;107.609341;1
6/28/2024;-6.969759;109.093685;1
6/27/2024;-7.38881;109.673939;1
6/28/2024;-6.970118;109.094509;1
6/10/2024;-6.959432;109.598528;1
6/28/2024;-6.970695;109.095112;1
6/13/2024;-6.812082;110.910867;1
3/19/2024;-6.454401;108.071861;1
4/27/2024;-6.292546;107.360488;1
3/16/2024;-6.152258;107.338632;1
6/12/2024;-7.047888;110.53496;1
3/20/2024;-6.364923;107.631362;1
3/16/2024;-6.150556;107.348412;1
4/28/2024;-6.378597;107.833048;1
6/11/2024;-7.434576;109.353106;1
4/27/2024;-6.212321;107.344175;1
6/12/2024;-7.595984;109.450091;1
4/27/2024;-6.216823;107.341567;1
4/28/2024;-6.363489;107.608679;1
4/28/2024;-6.336532;107.600794;1
6/12/2024;-7.035045;110.538584;1
6/24/2024;-7.845577;110.31532;1
3/19/2024;-6.482757;108.074837;1
6/28/2024;-6.971498;109.094259;1
2024-11-15;-6.253639579473365;107.60979327210175;0
6/15/2024;-7.123139;110.400081;1
6/11/2024;-6.959886;110.19366;1
4/28/2024;-6.363653;107.60799;1
6/11/2024;-6.90581;110.186059;1
4/28/2024;-6.362993;107.609128;1
6/11/2024;-7.426563;109.413604;1
3/19/2024;-6.401576;108.325073;1
6/10/2024;-6.920739;109.683379;1
6/13/2024;-6.81038;110.964029;1
6/24/2024;-6.714524;110.706516;1
4/27/2024;-6.216855;107.3421;1
6/13/2024;-6.809744;110.963699;1
6/24/2024;-6.71564;110.707696;1
3/16/2024;-6.148878;107.339095;1
6/26/2024;-6.907134;109.773047;1
6/12/2024;-7.047847;110.534639;1
6/12/2024;-7.714764;109.489087;1
6/24/2024;-6.653767;110.663623;1
6/11/2024;-7.435197;109.353441;1
4/27/2024;-6.233249;107.465069;1
6/11/2024;-7.426861;109.413672;1
3/20/2024;-6.378242;107.833117;1
6/13/2024;-6.859606;110.868078;1
6/24/2024;-6.715062;110.707583;1
6/26/2024;-6.908857;109.74789;1
6/10/2024;-6.920081;109.683045;1
3/20/2024;-6.365382;107.630696;1
6/13/2024;-6.810556;110.964354;1
2024-11-15;-5.756504117423545;105.49040611084412;0
6/11/2024;-7.503623;109.375101;1
6/12/2024;-7.594594;109.449667;1
4/28/2024;-6.360696;107.60735;1
6/10/2024;-6.929079;109.686515;1
4/27/2024;-6.294707;107.358702;1
6/11/2024;-7.426294;109.413651;1
3/18/2024;-6.331979;107.402166;1
4/29/2024;-6.327249;108.304277;1
6/28/2024;-6.99348;109.052999;1
6/11/2024;-7.426141;109.413782;1
4/26/2024;-6.149811;107.34774;1
3/19/2024;-6.383405;108.270958;1
6/11/2024;-7.504671;109.375545;1
6/27/2024;-6.896792;109.406789;1
4/28/2024;-6.3782;107.832148;1
6/10/2024;-6.960969;109.597905;1
6/10/2024;-6.982403;109.053794;1
3/19/2024;-6.405519;108.324772;1
4/28/2024;-6.354334;107.641146;1
6/12/2024;-7.594686;109.450329;1
4/28/2024;-6.33619;107.600018;1
6/11/2024;-7.503994;109.375574;1
6/26/2024;-6.91059;109.746638;1
4/28/2024;-6.338371;107.600744;1
3/19/2024;-6.400797;108.325347;1
4/29/2024;-6.454151;108.076321;1
6/13/2024;-6.867569;110.871465;1
6/26/2024;-6.90637;109.772264;1
6/26/2024;-6.900967;109.754729;1
3/19/2024;-6.326989;108.303595;1
6/28/2024;-6.969686;109.093362;1
4/28/2024;-6.336161;107.600149;1
6/12/2024;-7.047393;110.535441;1
3/18/2024;-6.260749;107.463208;1
3/19/2024;-6.329149;108.301868;1
2024-08-15;-5.861173721002102;105.80169894502669;0
4/27/2024;-6.193827;107.495105;1
3/19/2024;-6.326823;108.303958;1
6/13/2024;-6.8627;110.857067;1
6/11/2024;-6.905429;110.185247;1
6/11/2024;-7.50401;109.375897;1
6/28/2024;-6.995689;109.053934;1
2024-01-15;-6.635428948160432;108.96465854703474;0
4/27/2024;-6.192641;107.495025;1
6/10/2024;-6.929194;109.688232;1
6/11/2024;-7.426045;109.412391;1
6/12/2024;-7.725792;109.523059;1
6/27/2024;-6.874655;109.381622;1
6/27/2024;-6.871661;109.390127;1
6/14/2024;-7.645056;110.699417;1
4/28/2024;-6.337517;107.600156;1
6/10/2024;-6.959458;109.596285;1
6/10/2024;-6.928299;109.686682;1
3/19/2024;-6.402672;108.324146;1
6/27/2024;-6.896657;109.428485;1
4/27/2024;-6.294038;107.362425;1
6/10/2024;-6.929657;109.687131;1
4/28/2024;-6.367798;107.79439;1
6/26/2024;-6.90076;109.755165;1
6/11/2024;-6.974612;110.171652;1
6/11/2024;-7.435751;109.353155;1
6/12/2024;-7.733312;109.725414;1
6/24/2024;-7.846416;110.316098;1
3/18/2024;-6.291465;107.361932;1
6/24/2024;-6.652826;110.663195;1
4/28/2024;-6.356291;107.64073;1
4/29/2024;-6.403601;108.325329;1
4/27/2024;-6.212649;107.343501;1
6/12/2024;-7.639385;109.559761;1
6/26/2024;-6.909928;109.749177;1
6/11/2024;-7.650533;109.209788;1
4/27/2024;-6.292766;107.361242;1
3/16/2024;-6.147798;107.339398;1
6/27/2024;-6.872022;109.391567;1
4/28/2024;-6.363167;107.609508;1
4/29/2024;-6.480765;108.081901;1
6/11/2024;-7.504067;109.37576;1
6/27/2024;-6.894364;109.428967;1
6/11/2024;-6.974337;110.171476;1
6/12/2024;-7.731688;109.725785;1
6/10/2024;-6.921512;109.682743;1
4/28/2024;-6.337561;107.601239;1
6/26/2024;-6.906372;109.773169;1
6/10/2024;-6.960379;109.59476;1
6/28/2024;-6.994901;109.052557;1
4/29/2024;-6.404869;108.323535;1
6/27/2024;-6.895462;109.406021;1
6/27/2024;-6.872442;109.391823;1
3/16/2024;-6.151983;107.338075;1
6/15/2024;-7.160782;110.403769;1
6/27/2024;-6.873781;109.380838;1
6/11/2024;-7.426111;109.295694;1
6/13/2024;-6.86293;110.857886;1
6/11/2024;-6.959969;110.194633;1
3/18/2024;-6.260232;107.462968;1
4/27/2024;-6.215679;107.343376;1
6/12/2024;-7.715788;109.488558;1
6/10/2024;-6.959811;109.594276;1
3/16/2024;-6.148002;107.33791;1
6/27/2024;-6.875236;109.382958;1
6/10/2024;-6.929367;109.687425;1
6/27/2024;-7.388606;109.674488;1
6/28/2024;-6.994246;109.052789;1
6/13/2024;-6.810253;110.964327;1
6/12/2024;-7.72462;109.52428;1
6/11/2024;-6.905119;110.185;1
6/28/2024;-6.969752;109.093427;1
6/12/2024;-7.594752;109.45027;1
3/19/2024;-6.328904;108.304076;1
6/12/2024;-7.715744;109.489257;1
6/10/2024;-6.980642;109.052858;1
6/13/2024;-6.859536;110.867024;1
4/28/2024;-6.369413;107.794216;1
3/19/2024;-6.327794;108.301859;1
6/12/2024;-7.639434;109.559364;1
6/25/2024;-7.792238;110.247084;1
6/12/2024;-6.86025;110.79133;1
6/12/2024;-7.59557;109.449054;1
4/27/2024;-6.215678;107.34158;1
6/11/2024;-6.975104;110.171256;1
6/28/2024;-6.996006;109.052548;1
6/27/2024;-6.896703;109.405991;1
6/11/2024;-7.426822;109.411378;1
6/11/2024;-7.434469;109.352836;1
3/19/2024;-6.481664;108.07483;1
6/28/2024;-6.970628;109.094476;1
2024-01-15;-6.335310717339167;107.18153677688986;0
6/24/2024;-7.780926;109.949408;1
6/11/2024;-7.435335;109.352103;1
6/12/2024;-7.595465;109.450577;1
6/11/2024;-7.436185;109.352786;1
6/28/2024;-6.97073;109.093348;1
6/15/2024;-7.123189;110.399984;1
6/24/2024;-7.847055;110.315115;1
3/16/2024;-6.147804;107.338675;1
2024-12-10;-6.316579225276372;107.00426472302236;0
6/11/2024;-7.435149;109.351925;1
2024-10-20;-7.093370644896677;105.88762889187127;0
6/27/2024;-6.872067;109.391053;1
3/19/2024;-6.480944;108.081167;1
2024-04-15;-7.633702978786481;110.24152383885324;0
6/26/2024;-6.90089;109.755535;1
4/29/2024;-6.45413;108.075698;1
6/12/2024;-6.851883;110.798499;1
3/19/2024;-6.400464;108.323887;1
4/26/2024;-6.150586;107.338614;1
2024-02-10;-6.357731130263202;107.35952545445592;0
6/24/2024;-6.652887;110.662809;1
4/29/2024;-6.401375;108.323585;1
6/13/2024;-6.859059;110.86818;1
6/27/2024;-6.896248;109.42954;1
6/10/2024;-6.928703;109.686602;1
3/20/2024;-6.435519;107.884014;1
2024-01-15;-7.223134926555912;110.95289408015616;0
6/10/2024;-6.959268;109.597914;1
6/10/2024;-6.960042;109.598215;1
4/29/2024;-6.481411;108.081813;1
4/29/2024;-6.38445;108.27725;1
6/12/2024;-6.861732;110.792589;1
4/29/2024;-6.404375;108.325096;1
6/28/2024;-6.996155;109.053251;1
3/16/2024;-6.211888;107.344203;1
4/28/2024;-6.354781;107.642;1
2024-03-20;-6.244030568606444;107.48105782484537;0
6/10/2024;-6.982201;109.052833;1
3/20/2024;-6.362356;107.607936;1
4/28/2024;-6.35585;107.640326;1
6/11/2024;-7.426183;109.294685;1
6/11/2024;-6.975492;110.171791;1
4/28/2024;-6.369039;107.793606;1
3/18/2024;-6.260599;107.463545;1
6/26/2024;-6.900386;109.754844;1
6/24/2024;-6.714861;110.706679;1
3/19/2024;-6.481633;108.075273;1
2024-04-15;-5.948056182656194;107.95081700683522;0
4/28/2024;-6.356536;107.640256;1
6/15/2024;-7.159947;110.404044;1
6/11/2024;-6.960206;110.193626;1
4/27/2024;-6.294956;107.359165;1
6/27/2024;-6.894482;109.430064;1
4/27/2024;-6.193198;107.494026;1
3/18/2024;-6.293153;107.362077;1
2024-07-20;-8.252741242074933;115.04329353307588;0
3/20/2024;-6.365514;107.631609;1
4/29/2024;-6.385183;108.273638;1
6/10/2024;-6.929391;109.688675;1
6/24/2024;-6.715791;110.707021;1
3/20/2024;-6.363704;107.632052;1
6/12/2024;-7.725726;109.524432;1
6/11/2024;-6.938023;110.218796;1
4/28/2024;-6.363089;107.608469;1
3/18/2024;-6.33274;107.402005;1
6/12/2024;-7.732234;109.725858;1
6/10/2024;-6.95948;109.595122;1
6/25/2024;-7.792291;110.24728;1
6/11/2024;-6.904367;110.184708;1
4/27/2024;-6.234223;107.468691;1
6/24/2024;-6.763158;110.764794;1
6/12/2024;-7.716138;109.489163;1
6/27/2024;-6.897402;109.407265;1
6/10/2024;-6.959556;109.595442;1
6/26/2024;-6.909103;109.749271;1
3/16/2024;-6.15232;107.339393;1
6/13/2024;-6.861693;110.856782;1
6/12/2024;-7.595678;109.449277;1
6/27/2024;-6.872033;109.390145;1
3/16/2024;-6.148868;107.350127;1
3/19/2024;-6.48306;108.075246;1
6/13/2024;-6.868768;110.870692;1
2024-11-15;-6.883381854099508;110.54056795324504;0
6/28/2024;-6.971097;109.094301;1
6/27/2024;-7.388641;109.674929;1
4/28/2024;-6.367446;107.793242;1
4/29/2024;-6.40348;108.324926;1
6/13/2024;-6.811565;110.909918;1
6/26/2024;-6.910021;109.749473;1
4/27/2024;-6.216674;107.342788;1
6/11/2024;-7.435203;109.353224;1
6/10/2024;-6.930014;109.68776;1
6/10/2024;-6.958903;109.597835;1
6/12/2024;-7.594835;109.448642;1
4/27/2024;-6.211484;107.344278;1
4/27/2024;-6.260518;107.461409;1
6/12/2024;-6.852276;110.797786;1
4/27/2024;-6.194334;107.494694;1
6/12/2024;-7.03526;110.538435;1
6/12/2024;-6.852275;110.797334;1
6/26/2024;-6.909916;109.744652;1
4/28/2024;-6.337161;107.599092;1
6/12/2024;-7.732392;109.725673;1
6/13/2024;-6.812668;110.806331;1
3/16/2024;-6.152366;107.339752;1
3/19/2024;-6.382177;108.271806;1
3/19/2024;-6.481396;108.075732;1
6/28/2024;-6.971048;109.094713;1
6/25/2024;-7.869397;110.196554;1
4/27/2024;-6.211748;107.343046;1
4/27/2024;-6.233863;107.467003;1
6/27/2024;-6.896906;109.430305;1
6/26/2024;-6.907498;109.772543;1
6/11/2024;-6.960235;110.194214;1
6/11/2024;-7.504252;109.375283;1
4/27/2024;-6.192637;107.493728;1
6/11/2024;-6.960264;110.194532;1
6/25/2024;-7.793269;110.246653;1
6/10/2024;-6.96161;109.597658;1
6/24/2024;-7.846875;110.315395;1
6/25/2024;-7.793754;110.246536;1
4/29/2024;-6.454184;108.070903;1
6/13/2024;-6.810328;110.963473;1
4/28/2024;-6.327556;107.668139;1
6/12/2024;-7.72508;109.523063;1
3/20/2024;-6.363212;107.633348;1
6/13/2024;-6.809042;110.965104;1
6/15/2024;-7.158973;110.404271;1
6/26/2024;-6.909985;109.744867;1
3/20/2024;-6.361743;107.607805;1
6/12/2024;-7.733026;109.72542;1
6/27/2024;-6.874165;109.381148;1
3/19/2024;-6.401099;108.324441;1
6/26/2024;-6.905992;109.77323;1
6/27/2024;-7.38767;109.67393;1
6/26/2024;-6.910826;109.746912;1
6/15/2024;-7.158787;110.404482;1
4/28/2024;-6.377464;107.832809;1
6/27/2024;-6.896658;109.428975;1
3/19/2024;-6.382634;108.270612;1
6/10/2024;-6.929803;109.686727;1
6/27/2024;-7.409541;109.880927;1
3/20/2024;-6.364719;107.633223;1
6/11/2024;-6.974705;110.170822;1
6/10/2024;-6.929728;109.68673;1
4/27/2024;-6.292122;107.361253;1
6/11/2024;-7.649504;109.209917;1
3/19/2024;-6.481448;108.075453;1
6/27/2024;-6.895218;109.428976;1
6/27/2024;-6.896656;109.406964;1
4/26/2024;-6.150263;107.347742;1
6/26/2024;-6.905424;109.773084;1
6/26/2024;-6.905789;109.770856;1
6/10/2024;-6.960318;109.597611;1
4/29/2024;-6.455818;108.071104;1
6/11/2024;-6.959733;110.194835;1
6/27/2024;-6.896721;109.406159;1
3/19/2024;-6.454333;108.072242;1
6/27/2024;-7.388708;109.674778;1
6/12/2024;-7.749875;109.672802;1
3/20/2024;-6.367594;107.793694;1
3/19/2024;-6.405442;108.324935;1
3/19/2024;-6.481853;108.074832;1
6/11/2024;-7.649613;109.209644;1
6/24/2024;-6.67899;110.654638;1
6/11/2024;-6.974369;110.1706;1
6/24/2024;-7.741379;109.926674;1
6/26/2024;-6.900836;109.755281;1
2024-02-10;-7.555183041433735;108.87445821857445;0
6/11/2024;-7.650675;109.209794;1
6/27/2024;-6.895765;109.429646;1
6/28/2024;-6.994523;109.053558;1
6/11/2024;-7.504739;109.375532;1
4/28/2024;-6.336467;107.601706;1
6/25/2024;-7.868591;110.196431;1
6/10/2024;-6.980687;109.053774;1
6/13/2024;-6.860379;110.869042;1
3/20/2024;-6.377945;107.831923;1
4/28/2024;-6.377867;107.831587;1
6/10/2024;-6.929768;109.688254;1
3/16/2024;-6.152764;107.338949;1
2024-07-20;-5.95527962457221;107.12620763651972;0
3/18/2024;-6.261577;107.464069;1
6/12/2024;-7.716115;109.487694;1
6/11/2024;-6.906764;110.185368;1
6/10/2024;-6.981083;109.053623;1
6/11/2024;-7.435235;109.35239;1
6/10/2024;-6.920694;109.684184;1
6/12/2024;-7.749055;109.67249;1
6/13/2024;-6.813334;110.806356;1
6/27/2024;-6.895771;109.42999;1
4/28/2024;-6.367676;107.794954;1
6/28/2024;-6.993831;109.054305;1
4/27/2024;-6.194788;107.494245;1
3/16/2024;-6.150373;107.349052;1
6/12/2024;-7.59457;109.448532;1
6/13/2024;-6.812235;110.806974;1
2024-10-20;-6.172363569000804;107.02052751395964;0
6/11/2024;-7.61453;109.152448;1
4/29/2024;-6.453642;108.074611;1
4/27/2024;-6.233906;107.46777;1
4/29/2024;-6.385342;108.273441;1
3/16/2024;-6.148226;107.338652;1
3/16/2024;-6.212307;107.34363;1
3/18/2024;-6.260261;107.463865;1
3/20/2024;-6.364603;107.63296;1
6/27/2024;-7.4094;109.881367;1
3/20/2024;-6.361576;107.606297;1
4/29/2024;-6.401173;108.32401;1
6/12/2024;-7.594894;109.448868;1
4/28/2024;-6.336356;107.600233;1
6/12/2024;-7.748843;109.67404;1
4/27/2024;-6.259473;107.461279;1
6/24/2024;-6.653339;110.663261;1
4/29/2024;-6.326999;108.304651;1
4/29/2024;-6.452851;108.074067;1
6/12/2024;-7.594779;109.448876;1
3/16/2024;-6.148263;107.338139;1
3/20/2024;-6.437065;107.883544;1
3/18/2024;-6.260601;107.463093;1
3/19/2024;-6.482743;108.074983;1
6/24/2024;-6.687266;110.676812;1
6/12/2024;-7.732701;109.725781;1
4/27/2024;-6.259505;107.461549;1
4/29/2024;-6.384291;108.271827;1
3/19/2024;-6.32734;108.302308;1
6/10/2024;-6.929188;109.686496;1
6/11/2024;-6.974987;110.171525;1
6/11/2024;-7.426315;109.412592;1
4/28/2024;-6.369428;107.794714;1
4/27/2024;-6.234242;107.464626;1
6/28/2024;-6.970681;109.094722;1
6/12/2024;-7.724958;109.524176;1
3/18/2024;-6.261269;107.461297;1
6/10/2024;-6.929048;109.686796;1
6/10/2024;-6.928717;109.687659;1
6/24/2024;-7.781479;109.948219;1
3/18/2024;-6.333194;107.401555;1
3/16/2024;-6.147757;107.339949;1
4/29/2024;-6.453127;108.075808;1
6/11/2024;-6.93716;110.218861;1
3/18/2024;-6.261619;107.464323;1
6/12/2024;-7.725979;109.524054;1
6/24/2024;-7.741599;109.926871;1
6/15/2024;-7.159671;110.403844;1
6/11/2024;-7.503515;109.375246;1
6/28/2024;-6.971083;109.093325;1
3/20/2024;-6.379017;107.833302;1
6/10/2024;-6.928497;109.687284;1
4/28/2024;-6.355905;107.641023;1
6/12/2024;-7.594828;109.448581;1
3/19/2024;-6.402209;108.323965;1
6/12/2024;-7.639413;109.558446;1
3/20/2024;-6.362621;107.607065;1
6/13/2024;-6.812507;110.910478;1
6/24/2024;-6.653113;110.664456;1
2024-12-10;-7.895619511459808;112.5007522396486;0
6/24/2024;-6.652725;110.663156;1
2024-05-20;-6.106450559372325;107.43743306877003;0
6/28/2024;-6.993864;109.052352;1
4/29/2024;-6.452799;108.075861;1
6/12/2024;-7.6392;109.558346;1
2024-08-15;-6.317939349372308;107.26573474426654;0
6/10/2024;-6.928564;109.687221;1
6/10/2024;-6.929329;109.68833;1
6/11/2024;-7.425734;109.294601;1
6/12/2024;-7.638539;109.558148;1
6/27/2024;-6.874014;109.38266;1
4/29/2024;-6.385646;108.271835;1
6/10/2024;-6.921763;109.683924;1
6/27/2024;-7.387693;109.673979;1
4/29/2024;-6.404732;108.323417;1
3/19/2024;-6.383534;108.271069;1
6/24/2024;-7.741527;109.927694;1
6/24/2024;-7.846619;110.315018;1
3/19/2024;-6.4545;108.072917;1
2024-07-20;-6.847813453012188;115.20013942780668;0
6/12/2024;-7.716373;109.487982;1
6/27/2024;-6.895421;109.428861;1
4/27/2024;-6.215694;107.340811;1
6/12/2024;-7.595946;109.449141;1
3/20/2024;-6.379005;107.833023;1
6/10/2024;-6.930097;109.688208;1
6/11/2024;-7.426422;109.413459;1
4/29/2024;-6.383805;108.277241;1
6/27/2024;-7.387836;109.674179;1
6/11/2024;-6.959651;110.194864;1
4/27/2024;-6.211742;107.344401;1
2024-02-10;-6.3612135080081655;106.84013875804992;0
3/19/2024;-6.4545;108.072917;1
6/12/2024;-7.047932;110.534668;1
6/27/2024;-6.871413;109.391747;1
6/27/2024;-6.896809;109.406953;1
3/16/2024;-6.148755;107.340379;1
6/12/2024;-7.725509;109.523416;1
4/28/2024;-6.354937;107.639987;1
4/27/2024;-6.23455;107.465144;1
6/12/2024;-6.850919;110.797787;1
6/13/2024;-6.810563;110.964419;1
6/12/2024;-7.733289;109.725121;1
6/11/2024;-7.649561;109.209151;1
3/20/2024;-6.363697;107.633407;1
3/19/2024;-6.400667;108.32427;1
6/25/2024;-7.353278;110.53075;1
6/12/2024;-6.86008;110.791388;1
6/13/2024;-6.868583;110.870189;1
6/27/2024;-6.896318;109.406042;1
3/16/2024;-6.212598;107.343471;1
4/27/2024;-6.212351;107.343865;1
6/28/2024;-6.969716;109.093203;1
3/18/2024;-6.261266;107.464509;1
6/12/2024;-7.715334;109.488107;1
6/27/2024;-6.895826;109.407023;1
4/29/2024;-6.401946;108.32422;1
6/12/2024;-7.595662;109.448922;1
4/28/2024;-6.360453;107.608219;1
6/13/2024;-6.860077;110.867396;1
6/11/2024;-6.904968;110.18451;1
6/28/2024;-6.994151;109.054205;1
6/24/2024;-7.74256;109.928181;1
6/11/2024;-6.905072;110.185254;1
3/16/2024;-6.150089;107.349454;1
3/16/2024;-6.14865;107.33863;1
3/20/2024;-6.436253;107.885408;1
4/28/2024;-6.360528;107.612194;1
6/24/2024;-7.845876;110.315931;1
6/11/2024;-7.435583;109.35212;1
2024-01-15;-7.480932103204466;112.4276162602511;0
2024-09-15;-6.542827842495267;111.18981038524448;0
6/28/2024;-6.971059;109.093773;1
6/24/2024;-7.781538;109.948333;1
6/27/2024;-7.411378;109.880062;1
2024-03-20;-7.157610054448719;109.95745622263202;0
3/16/2024;-6.148492;107.337898;1
6/25/2024;-7.792261;110.247836;1
3/16/2024;-6.149107;107.340345;1
2024-10-20;-6.9734357692892255;109.72742671223835;0
2024-04-15;-7.229474874321576;109.25765210704158;0
6/12/2024;-7.73229;109.724908;1
4/27/2024;-6.294034;107.360108;1
6/12/2024;-7.733003;109.725308;1
6/27/2024;-6.873945;109.381499;1
6/24/2024;-6.653894;110.66463;1
6/28/2024;-6.971284;109.09408;1
6/10/2024;-6.981708;109.052992;1
6/11/2024;-6.97431;110.170729;1
6/12/2024;-6.860621;110.79281;1
6/10/2024;-6.929658;109.687584;1
4/28/2024;-6.368177;107.793084;1
6/27/2024;-6.896289;109.429606;1
6/26/2024;-6.905003;109.771357;1
4/28/2024;-6.367125;107.794323;1
6/11/2024;-7.436327;109.352454;1
6/10/2024;-6.960144;109.596089;1
6/12/2024;-7.731481;109.725579;1
4/29/2024;-6.401478;108.323765;1
6/12/2024;-7.731881;109.725802;1
6/11/2024;-6.974823;110.171082;1
6/27/2024;-6.871425;109.392059;1
2024-10-20;-5.841661841456467;105.42799026950615;0
3/16/2024;-6.15035;107.348439;1
6/26/2024;-6.907114;109.772539;1
6/12/2024;-7.732472;109.725831;1
6/24/2024;-6.715662;110.707791;1
4/29/2024;-6.453699;108.076318;1
6/28/2024;-6.995742;109.053442;1
3/19/2024;-6.483055;108.075636;1
3/16/2024;-6.152753;107.338572;1
6/24/2024;-7.740922;109.926825;1
4/29/2024;-6.38532;108.272638;1
6/26/2024;-6.909465;109.745106;1
6/12/2024;-7.715336;109.48856;1
6/11/2024;-7.426609;109.412564;1
6/10/2024;-6.960387;109.595597;1
3/20/2024;-6.363452;107.631925;1
3/16/2024;-6.148187;107.337193;1
3/18/2024;-6.332739;107.401278;1
2024-09-15;-6.910919493153795;113.05627035984872;0
2024-01-15;-7.253296462971077;110.73022921916716;0
6/10/2024;-6.96024;109.594094;1
3/19/2024;-6.481379;108.076399;1
3/19/2024;-6.482297;108.076189;1
3/19/2024;-6.405075;108.324673;1
3/20/2024;-6.364545;107.633789;1
4/28/2024;-6.378201;107.833126;1
4/28/2024;-6.36814;107.792698;1
6/11/2024;-6.960153;110.194588;1
6/25/2024;-7.793663;110.246443;1
4/29/2024;-6.384039;108.272708;1
4/29/2024;-6.384122;108.276928;1
6/12/2024;-7.725843;109.523299;1
3/19/2024;-6.402158;108.324453;1
6/12/2024;-7.715749;109.488984;1
6/12/2024;-7.724528;109.523831;1
6/10/2024;-6.958729;109.598042;1
4/28/2024;-6.355293;107.63977;1
6/24/2024;-6.762725;110.765682;1
6/24/2024;-6.654395;110.664459;1
6/13/2024;-6.859537;110.869287;1
6/11/2024;-6.974914;110.172224;1
6/10/2024;-6.960599;109.596992;1
3/18/2024;-6.29337;107.363154;1
6/12/2024;-7.731997;109.725268;1
4/27/2024;-6.194629;107.494725;1
6/13/2024;-6.861795;110.857067;1
6/15/2024;-7.161249;110.403646;1
6/25/2024;-7.792765;110.246996;1
6/26/2024;-6.909463;109.744653;1
6/11/2024;-7.426549;109.412826;1
4/28/2024;-6.379155;107.831442;1
6/27/2024;-7.410805;109.881368;1
3/19/2024;-6.383531;108.27152;1
6/12/2024;-7.724589;109.524132;1
3/20/2024;-6.36434;107.632387;1
3/20/2024;-6.436892;107.884901;1
2024-09-15;-8.516651642326671;112.65527880905984;0
6/15/2024;-7.124062;110.400001;1
3/18/2024;-6.261501;107.464;1
6/11/2024;-7.426797;109.413571;1
6/24/2024;-6.653778;110.664794;1
6/13/2024;-6.809932;110.963494;1
4/27/2024;-6.214912;107.343149;1
6/26/2024;-6.905914;109.770907;1
6/25/2024;-7.792263;110.246812;1
6/27/2024;-6.896439;109.40639;1
4/27/2024;-6.211294;107.343495;1
4/27/2024;-6.233788;107.465076;1
6/27/2024;-6.89709;109.405905;1
6/10/2024;-6.92172;109.683709;1
2024-10-20;-7.427629723399082;107.69341186971324;0
6/24/2024;-6.76361;110.765246;1
3/20/2024;-6.436445;107.883996;1
6/15/2024;-7.161308;110.403553;1
4/27/2024;-6.258929;107.461498;1
3/20/2024;-6.377936;107.833014;1
6/13/2024;-6.809689;110.965411;1
6/12/2024;-7.595025;109.449605;1
6/25/2024;-7.86874;110.196402;1
6/12/2024;-7.047143;110.534991;1
6/11/2024;-6.906402;110.185454;1
3/16/2024;-6.148635;107.340083;1
6/11/2024;-7.505047;109.375327;1
3/19/2024;-6.402169;108.325353;1
4/27/2024;-6.194008;107.493616;1
4/28/2024;-6.367967;107.794875;1
6/26/2024;-6.901913;109.754976;1
6/15/2024;-7.159026;110.404433;1
3/18/2024;-6.261712;107.462256;1
6/11/2024;-7.426966;109.413446;1
3/19/2024;-6.382955;108.27121;1
6/13/2024;-6.810185;110.96395;1
6/24/2024;-6.653983;110.664599;1
6/24/2024;-6.65291;110.663381;1
6/27/2024;-6.895777;109.430194;1
2024-08-15;-7.978728399594374;113.21137341242496;0
6/11/2024;-6.96097;110.194481;1
6/13/2024;-6.812389;110.806959;1
3/19/2024;-6.401712;108.323281;1
6/11/2024;-7.504464;109.375308;1
6/28/2024;-6.96994;109.094285;1
4/29/2024;-6.40405;108.323585;1
6/11/2024;-7.650307;109.209034;1
3/19/2024;-6.328694;108.302316;1
6/15/2024;-7.160863;110.403767;1
6/25/2024;-7.793152;110.246818;1
6/27/2024;-7.411629;109.880942;1
4/27/2024;-6.211684;107.342801;1
4/29/2024;-6.384708;108.277246;1
3/18/2024;-6.332744;107.401102;1
4/27/2024;-6.217125;107.341726;1
6/28/2024;-6.994658;109.052404;1
6/11/2024;-6.974256;110.170939;1
6/24/2024;-6.71493;110.707115;1
6/12/2024;-7.72497;109.524235;1
6/11/2024;-7.504312;109.374383;1
6/12/2024;-7.638419;109.559464;1
6/10/2024;-6.980835;109.052646;1
6/26/2024;-6.900565;109.75509;1
6/10/2024;-6.92892;109.688655;1
6/11/2024;-7.503933;109.37586;1
4/27/2024;-6.258874;107.462747;1
4/28/2024;-6.355314;107.639549;1
4/28/2024;-6.335758;107.599944;1
6/11/2024;-6.936583;110.218261;1
6/13/2024;-6.809467;110.964597;1
6/11/2024;-7.434509;109.352418;1
6/11/2024;-6.938065;110.219312;1
3/20/2024;-6.362507;107.60646;1
6/15/2024;-7.160755;110.404215;1
6/11/2024;-6.904725;110.184492;1
3/19/2024;-6.330278;108.302778;1
6/11/2024;-7.426698;109.413839;1
3/16/2024;-6.148395;107.339367;1
6/11/2024;-7.504923;109.375076;1
4/29/2024;-6.385001;108.277489;1
6/10/2024;-6.959511;109.595286;1
4/27/2024;-6.258322;107.461352;1
6/12/2024;-7.750267;109.672893;1
6/27/2024;-7.388574;109.67427;1
3/18/2024;-6.333196;107.401104;1
4/29/2024;-6.480314;108.081898;1
6/24/2024;-6.655149;110.664165;1
6/12/2024;-7.732163;109.724892;1
6/24/2024;-7.742721;109.927468;1
4/27/2024;-6.211198;107.343993;1
6/12/2024;-7.03685;110.538429;1
4/28/2024;-6.354928;107.641793;1
4/28/2024;-6.367678;107.794;1
6/11/2024;-7.425905;109.295491;1
6/28/2024;-6.995483;109.05294;1
3/20/2024;-6.369139;107.793389;1
4/29/2024;-6.383343;108.277357;1
6/24/2024;-6.653205;110.66249;1
6/11/2024;-7.614561;109.151795;1
6/11/2024;-6.905445;110.184971;1
6/12/2024;-7.638803;109.559696;1
4/29/2024;-6.40102;108.324696;1
3/19/2024;-6.404412;108.324919;1
3/20/2024;-6.184194;107.372306;1
6/15/2024;-7.158828;110.403895;1
2024-10-20;-5.829169259640806;106.78061574502163;0
4/27/2024;-6.19298;107.494236;1
6/11/2024;-7.426302;109.411978;1
3/20/2024;-6.377737;107.832811;1
6/15/2024;-7.160079;110.404694;1
2024-12-10;-6.018636420461191;106.9397054315255;0
6/27/2024;-6.87055;109.390708;1
6/11/2024;-7.426167;109.413589;1
6/11/2024;-7.650249;109.2093;1
6/26/2024;-6.906371;109.772716;1
2024-06-15;-6.265987201510411;105.44499023368496;0
6/12/2024;-7.639155;109.559763;1
6/15/2024;-7.160941;110.403324;1
3/19/2024;-6.400788;108.324809;1
4/27/2024;-6.194501;107.494101;1
6/11/2024;-6.974468;110.170101;1
4/26/2024;-6.149971;107.348235;1
6/27/2024;-6.871983;109.391498;1
6/25/2024;-7.793464;110.246443;1
3/19/2024;-6.482294;108.076641;1
2024-02-10;-6.48094511939706;106.71415643194388;0
6/27/2024;-6.896917;109.429551;1
6/25/2024;-7.793192;110.246661;1
4/28/2024;-6.37741;107.832487;1
6/24/2024;-7.741081;109.927745;1
6/13/2024;-6.811694;110.911424;1
3/19/2024;-6.481387;108.07606;1
4/29/2024;-6.454298;108.074137;1
6/24/2024;-7.781798;109.948384;1
6/27/2024;-6.897102;109.406774;1
3/19/2024;-6.40408;108.323556;1
6/10/2024;-6.929785;109.687954;1
6/12/2024;-7.726;109.523186;1
6/12/2024;-7.047932;110.534215;1
6/24/2024;-6.763611;110.766603;1
3/20/2024;-6.365507;107.632964;1
6/10/2024;-6.959891;109.597843;1
6/12/2024;-7.715017;109.487612;1
3/19/2024;-6.454874;108.072532;1
6/24/2024;-7.845616;110.315414;1
6/11/2024;-6.975409;110.171206;1
6/12/2024;-7.733162;109.726398;1
6/27/2024;-6.872229;109.3905;1
6/11/2024;-7.426882;109.413588;1
6/27/2024;-7.410428;109.880907;1
6/28/2024;-6.993932;109.052997;1
4/27/2024;-6.234323;107.465147;1
6/11/2024;-6.975069;110.171273;1
3/19/2024;-6.483063;108.076093;1
4/28/2024;-6.336821;107.600412;1
6/11/2024;-7.434387;109.352652;1
4/29/2024;-6.385165;108.276346;1
6/24/2024;-7.74165;109.927173;1
6/15/2024;-7.499472;110.770944;1
4/27/2024;-6.211492;107.3431;1
6/15/2024;-7.123532;110.400326;1
6/11/2024;-6.960334;110.193605;1
6/26/2024;-6.907924;109.75028;1
6/27/2024;-6.895811;109.406863;1
6/28/2024;-6.994912;109.053648;1
6/11/2024;-6.974618;110.172179;1
6/11/2024;-6.906509;110.184534;1
6/11/2024;-7.426436;109.413541;1
3/18/2024;-6.294464;107.360166;1
6/12/2024;-7.71488;109.487655;1
6/25/2024;-7.869692;110.196436;1
6/26/2024;-6.90857;109.748728;1
4/29/2024;-6.324444;108.302861;1
4/29/2024;-6.4528;108.07549;1
6/11/2024;-6.974959;110.171332;1
6/27/2024;-6.874169;109.38307;1
6/12/2024;-7.638236;109.559471;1
6/11/2024;-7.649609;109.208738;1
6/13/2024;-6.862973;110.857714;1
4/29/2024;-6.454046;108.070704;1
6/28/2024;-6.995799;109.053605;1
3/20/2024;-6.363282;107.630951;1
6/12/2024;-7.036595;110.53897;1
6/11/2024;-6.93827;110.218851;1
6/24/2024;-6.652786;110.663682;1
6/11/2024;-6.975035;110.170272;1
6/26/2024;-6.910276;109.745077;1
3/20/2024;-6.360644;107.606333;1
4/28/2024;-6.360522;107.607949;1
6/12/2024;-7.725223;109.523745;1
2024-08-15;-7.025301409138045;108.57434463385312;0
4/27/2024;-6.21677;107.341327;1
4/27/2024;-6.192524;107.495137;1
6/11/2024;-6.937722;110.21818;1
6/13/2024;-6.866808;110.870527;1
6/11/2024;-7.650229;109.209692;1
6/28/2024;-6.96989;109.093943;1
3/16/2024;-6.148972;107.340363;1
3/18/2024;-6.292249;107.362072;1
6/24/2024;-6.714493;110.708033;1
6/28/2024;-6.995353;109.053161;1
6/13/2024;-6.868359;110.871325;1
6/12/2024;-7.638985;109.558606;1
3/19/2024;-6.481827;108.07698;1
6/26/2024;-6.906798;109.772168;1
4/26/2024;-6.149357;107.34819;1
6/12/2024;-6.861772;110.792804;1
6/28/2024;-6.994582;109.054199;1
6/25/2024;-7.793627;110.246903;1
4/27/2024;-6.194191;107.493446;1
6/26/2024;-6.9086;109.750444;1
6/25/2024;-7.792138;110.247384;1
4/28/2024;-6.37861;107.833319;1
6/10/2024;-6.961182;109.598061;1
6/16/2024;-7.476944;110.23825;1
6/26/2024;-6.907469;109.771939;1
4/28/2024;-6.355481;107.64164;1
6/24/2024;-6.655156;110.664006;1
4/27/2024;-6.212198;107.343499;1
6/11/2024;-7.42616;109.413549;1
6/11/2024;-6.974294;110.17119;1
4/27/2024;-6.293462;107.36238;1
4/27/2024;-6.214997;107.343825;1
4/28/2024;-6.367819;107.795526;1
6/10/2024;-6.982475;109.053364;1
2024-04-15;-8.144912273641427;112.92935507964638;0
2024-05-20;-6.0835109978108735;106.52990147314446;0
6/11/2024;-6.937689;110.218853;1
6/13/2024;-6.812169;110.911453;1
6/13/2024;-6.867227;110.870642;1
6/10/2024;-6.960639;109.597255;1
6/11/2024;-6.938111;110.218345;1
6/27/2024;-7.388507;109.674755;1
6/12/2024;-7.74884;109.67397;1
6/10/2024;-6.929145;109.688924;1
4/28/2024;-6.362731;107.608598;1
3/19/2024;-6.382675;108.271153;1
6/11/2024;-7.434684;109.353134;1
3/20/2024;-6.36462;107.632817;1
4/27/2024;-6.192569;107.494198;1
6/11/2024;-7.613444;109.152343;1
6/13/2024;-6.85914;110.867322;1
6/27/2024;-6.896629;109.406168;1
6/12/2024;-7.725963;109.523898;1
6/11/2024;-7.503331;109.374686;1
6/24/2024;-6.715831;110.707143;1
6/10/2024;-6.960834;109.59384;1
4/27/2024;-6.233773;107.468237;1
6/27/2024;-6.870703;109.390553;1
3/16/2024;-6.212374;107.344054;1
2024-11-15;-5.885928446686943;106.91764552709076;0
6/12/2024;-7.733291;109.726027;1
6/27/2024;-6.871862;109.392114;1
6/11/2024;-7.426443;109.413622;1
6/11/2024;-7.426182;109.413672;1
4/27/2024;-6.292363;107.361597;1
2024-08-15;-5.6750104975044895;105.08365863437092;0
3/19/2024;-6.482573;108.074735;1
6/12/2024;-7.732514;109.726227;1
6/13/2024;-6.85977;110.868714;1
6/10/2024;-6.921838;109.683687;1
3/20/2024;-6.362084;107.607926;1
6/27/2024;-6.870504;109.390216;1
6/28/2024;-6.995135;109.052976;1
6/13/2024;-6.810438;110.964624;1
6/13/2024;-6.866844;110.869506;1
6/26/2024;-6.900241;109.754276;1
3/19/2024;-6.454261;108.071858;1
6/25/2024;-7.793211;110.246914;1
2024-01-15;-7.899723707979088;111.63658271547769;0
6/11/2024;-7.61382;109.152426;1
6/24/2024;-7.741157;109.928086;1
6/10/2024;-6.958611;109.5978;1
6/12/2024;-7.715814;109.488145;1
6/11/2024;-7.427054;109.413762;1
2024-06-15;-6.6595442326999095;107.39512985672296;0
6/24/2024;-6.679424;110.65453;1
6/26/2024;-6.905464;109.772905;1
6/15/2024;-7.124041;110.400754;1
3/16/2024;-6.148641;107.33958;1
6/11/2024;-7.426756;109.295814;1
6/10/2024;-6.961517;109.597128;1
6/27/2024;-6.871325;109.390503;1
3/19/2024;-6.329449;108.303202;1
6/27/2024;-7.388805;109.674076;1
3/16/2024;-6.150015;107.348509;1
6/10/2024;-6.960595;109.595635;1
2024-02-10;-7.169599523434846;111.08895827500004;0
6/10/2024;-6.959358;109.597458;1
3/19/2024;-6.481488;108.075199;1
6/10/2024;-6.980821;109.052599;1
6/10/2024;-6.920497;109.683636;1
6/12/2024;-7.724724;109.524639;1
6/11/2024;-7.503962;109.37503;1
6/24/2024;-6.76343;110.766332;1
6/24/2024;-6.65371;110.664425;1
3/16/2024;-6.149258;107.34977;1
2024-04-15;-5.93219778024106;107.1868499984011;0
6/11/2024;-6.906522;110.184287;1
2024-01-15;-5.843771555158221;106.85207044504496;0
6/13/2024;-6.862576;110.857067;1
4/27/2024;-6.193432;107.494238;1
4/29/2024;-6.480876;108.079532;1
3/20/2024;-6.3655;107.631083;1
6/10/2024;-6.961162;109.59679;1
3/19/2024;-6.404605;108.323937;1
6/25/2024;-7.79254;110.246855;1
6/11/2024;-7.435135;109.352365;1
6/24/2024;-6.652705;110.663449;1
4/28/2024;-6.368002;107.794554;1
4/27/2024;-6.258663;107.460676;1
6/11/2024;-6.905139;110.184638;1
3/20/2024;-6.363179;107.631094;1
6/27/2024;-6.872544;109.390426;1
6/11/2024;-7.426117;109.413598;1
6/27/2024;-6.871177;109.391565;1
6/24/2024;-7.845644;110.316074;1
4/28/2024;-6.369486;107.794512;1
6/15/2024;-7.123643;110.400624;1
6/12/2024;-7.72439;109.524357;1
6/27/2024;-6.896485;109.406816;1
6/12/2024;-7.732705;109.725388;1
6/12/2024;-7.731464;109.725393;1
3/18/2024;-6.292684;107.362149;1
6/11/2024;-6.975352;110.171823;1
4/29/2024;-6.401563;108.324751;1
6/28/2024;-6.971194;109.095252;1
6/13/2024;-6.813381;110.8064;1
3/18/2024;-6.261407;107.461922;1
6/11/2024;-6.959682;110.194069;1
3/19/2024;-6.382569;108.271476;1
6/12/2024;-7.716254;109.48799;1
6/27/2024;-6.872489;109.391012;1
4/27/2024;-6.23471;107.465141;1
4/27/2024;-6.294211;107.359211;1
3/16/2024;-6.149496;107.348792;1
6/15/2024;-7.159262;110.403718;1
6/12/2024;-7.733289;109.725219;1
4/29/2024;-6.384265;108.275889;1
6/27/2024;-6.896912;109.429975;1
6/12/2024;-7.595543;109.449611;1
4/28/2024;-6.336609;107.601054;1
4/28/2024;-6.378319;107.831589;1
6/12/2024;-7.047613;110.534754;1
6/25/2024;-7.86947;110.196271;1
6/12/2024;-7.595305;109.450301;1
6/10/2024;-6.960573;109.597537;1
6/12/2024;-7.03503;110.537432;1
6/24/2024;-7.782048;109.948258;1
4/28/2024;-6.378763;107.832947;1
6/15/2024;-7.123964;110.399648;1
6/11/2024;-6.974796;110.170897;1
6/24/2024;-7.781302;109.949115;1
6/26/2024;-6.906405;109.77235;1
6/11/2024;-6.958527;110.194264;1
6/26/2024;-6.905916;109.77136;1
3/19/2024;-6.402612;108.324004;1
6/15/2024;-7.160514;110.403829;1
6/11/2024;-7.42645;109.413307;1
6/11/2024;-7.426771;109.412827;1
3/19/2024;-6.400448;108.324358;1
4/27/2024;-6.211699;107.344253;1
3/16/2024;-6.148192;107.337046;1
6/11/2024;-6.958669;110.194037;1
6/10/2024;-6.981232;109.053275;1
4/27/2024;-6.294742;107.358232;1
6/10/2024;-6.981275;109.053049;1
2024-09-15;-6.192246884048856;106.58603018974632;0
6/13/2024;-6.811603;110.910025;1
2024-09-15;-6.057071632413784;106.8709850752738;0
6/11/2024;-6.904995;110.185877;1
6/24/2024;-6.71533;110.706857;1
6/24/2024;-7.781741;109.948183;1
6/10/2024;-6.981682;109.052603;1
4/27/2024;-6.234109;107.466892;1
6/10/2024;-6.958791;109.59745;1
4/28/2024;-6.338191;107.599668;1
4/27/2024;-6.2341;107.465468;1
6/12/2024;-6.860414;110.7919;1
6/11/2024;-7.650238;109.209597;1
6/11/2024;-7.650677;109.20971;1
2024-08-15;-8.408633599821153;112.41541553124485;0
6/12/2024;-7.750313;109.673389;1
2024-12-10;-6.272540392859228;107.83107490310948;0
6/25/2024;-7.352333;110.529917;1
6/11/2024;-7.435691;109.35286;1
6/28/2024;-6.995301;109.053924;1
6/12/2024;-7.733233;109.725069;1
6/27/2024;-7.410285;109.880821;1
4/27/2024;-6.259767;107.461469;1
6/11/2024;-7.435218;109.352182;1
6/10/2024;-6.960142;109.595636;1
6/10/2024;-6.928542;109.686669;1
3/19/2024;-6.454028;108.072417;1
6/27/2024;-7.411585;109.881045;1
6/27/2024;-6.871781;109.391859;1
6/12/2024;-7.595554;109.44867;1
6/10/2024;-6.929521;109.688261;1
6/12/2024;-7.595566;109.450554;1
6/10/2024;-6.958533;109.597409;1
6/27/2024;-7.38834;109.674528;1
6/24/2024;-7.74241;109.928357;1
6/27/2024;-6.872327;109.39041;1
3/20/2024;-6.365704;107.631516;1
6/24/2024;-6.763685;110.764747;1
6/12/2024;-7.749498;109.673904;1
6/11/2024;-7.426423;109.413699;1
4/27/2024;-6.233993;107.468707;1
4/27/2024;-6.2122;107.343048;1
4/27/2024;-6.295446;107.358559;1
6/12/2024;-7.733175;109.724982;1
6/26/2024;-6.909166;109.750376;1
6/26/2024;-6.910976;109.746618;1
6/26/2024;-6.909795;109.749481;1
4/28/2024;-6.367658;107.795157;1
6/27/2024;-6.897602;109.406702;1
6/10/2024;-6.960863;109.594163;1
6/15/2024;-7.123705;110.400041;1
6/28/2024;-6.971287;109.094345;1
6/27/2024;-7.410457;109.881162;1
4/27/2024;-6.295284;107.359226;1
6/27/2024;-6.897006;109.406077;1
6/27/2024;-7.388833;109.674431;1
6/15/2024;-7.158928;110.404432;1
3/19/2024;-6.402546;108.32478;1
6/27/2024;-7.40975;109.881068;1
6/10/2024;-6.959243;109.597449;1
6/11/2024;-7.650208;109.209933;1
6/13/2024;-6.8627;110.857972;1
6/12/2024;-7.725998;109.524517;1
6/27/2024;-7.409497;109.881451;1
6/12/2024;-7.749757;109.673113;1
3/19/2024;-6.482065;108.077109;1
6/11/2024;-6.974795;110.170251;1
6/28/2024;-6.970203;109.093917;1
6/26/2024;-6.909022;109.748727;1
3/19/2024;-6.400506;108.32497;1
4/27/2024;-6.211694;107.343833;1
6/12/2024;-7.594898;109.448767;1
6/24/2024;-7.781204;109.950181;1
3/16/2024;-6.148008;107.338148;1
6/12/2024;-6.861663;110.791322;1
6/27/2024;-6.872149;109.391357;1
4/28/2024;-6.336964;107.599711;1
3/19/2024;-6.481402;108.074829;1
4/28/2024;-6.368582;107.794507;1
3/20/2024;-6.360731;107.607898;1
6/13/2024;-6.813456;110.806755;1
6/11/2024;-7.426041;109.411546;1
6/24/2024;-6.654879;110.66325;1
6/10/2024;-6.958952;109.597986;1
3/20/2024;-6.361629;107.607485;1
6/11/2024;-6.905089;110.184475;1
4/28/2024;-6.359265;107.608319;1
3/19/2024;-6.401517;108.323793;1
3/18/2024;-6.261036;107.464425;1
6/28/2024;-6.970594;109.094263;1
6/10/2024;-6.929297;109.686267;1
4/28/2024;-6.356239;107.640328;1
3/20/2024;-6.362062;107.607309;1
6/26/2024;-6.901323;109.755465;1
4/27/2024;-6.212803;107.343389;1
6/11/2024;-7.426751;109.413747;1
6/15/2024;-7.160069;110.404022;1
6/24/2024;-6.654775;110.662978;1
4/28/2024;-6.378768;107.832043;1
6/27/2024;-6.89435;109.429132;1
6/27/2024;-7.410481;109.880692;1
4/26/2024;-6.149349;107.349996;1
6/24/2024;-6.714731;110.707813;1
3/19/2024;-6.402356;108.324461;1
3/18/2024;-6.290934;107.362045;1
4/29/2024;-6.40382;108.324766;1
6/26/2024;-6.901108;109.756318;1
4/29/2024;-6.404278;108.323866;1
3/18/2024;-6.332691;107.401927;1
4/29/2024;-6.404304;108.324808;1
4/29/2024;-6.45434;108.074497;1
4/28/2024;-6.360868;107.607843;1
6/10/2024;-6.929912;109.687353;1
6/27/2024;-7.408795;109.881263;1
3/18/2024;-6.261887;107.462833;1
6/11/2024;-6.975222;110.170024;1
6/15/2024;-7.159142;110.40425;1
6/26/2024;-6.908407;109.749389;1
3/19/2024;-6.402635;108.323673;1
2024-02-10;-6.311349534323325;106.5893989040211;0
4/29/2024;-6.48033;108.079189;1
6/12/2024;-7.715473;109.489253;1
6/11/2024;-6.906593;110.184498;1
4/27/2024;-6.193991;107.493328;1
6/11/2024;-7.426822;109.413886;1
6/11/2024;-6.975067;110.170368;1
3/19/2024;-6.382472;108.271485;1
6/28/2024;-6.969894;109.094152;1
6/11/2024;-6.904919;110.186234;1
4/28/2024;-6.362928;107.608882;1
4/29/2024;-6.480732;108.080826;1
6/24/2024;-6.763158;110.766151;1
6/11/2024;-6.904575;110.185825;1
6/11/2024;-6.975352;110.170811;1
6/10/2024;-6.981945;109.052719;1
6/26/2024;-6.90057;109.755228;1
4/27/2024;-6.215719;107.343626;1
6/27/2024;-6.872369;109.390622;1
4/27/2024;-6.29421;107.358734;1
4/29/2024;-6.453253;108.075412;1
4/29/2024;-6.481579;108.081523;1
6/27/2024;-6.894401;109.42853;1
6/15/2024;-7.159676;110.403578;1
2024-03-20;-7.914302432617559;113.85784772200851;0
6/11/2024;-6.960811;110.194353;1
6/24/2024;-6.715542;110.707048;1
6/11/2024;-7.650065;109.209643;1
6/28/2024;-6.99368;109.052366;1
4/27/2024;-6.293786;107.361834;1
3/16/2024;-6.14889;107.339562;1
3/16/2024;-6.212339;107.34365;1
6/10/2024;-6.929101;109.687079;1
3/18/2024;-6.260535;107.461982;1
4/29/2024;-6.402017;108.324302;1
6/11/2024;-7.435433;109.352743;1
6/24/2024;-6.679218;110.654078;1
4/27/2024;-6.233864;107.467325;1
4/27/2024;-6.259432;107.460936;1
6/11/2024;-7.650524;109.20994;1
6/25/2024;-7.792844;110.247263;1
6/24/2024;-7.782273;109.949583;1
6/10/2024;-6.9288;109.687397;1
4/28/2024;-6.377865;107.832038;1
6/12/2024;-7.637949;109.558791;1
6/27/2024;-6.895833;109.428702;1
6/28/2024;-6.99555;109.054239;1
4/27/2024;-6.258355;107.461823;1
3/18/2024;-6.332288;107.402003;1
6/26/2024;-6.9009;109.756442;1
6/26/2024;-6.910301;109.744891;1
3/19/2024;-6.404867;108.32447;1
6/11/2024;-6.960928;110.194121;1
3/19/2024;-6.482746;108.076644;1
3/19/2024;-6.405441;108.323299;1
6/28/2024;-6.970901;109.093921;1
2024-05-20;-7.341806563463232;113.49513884438326;0
2024-09-15;-6.557218366391418;109.49872849585606;0
3/20/2024;-6.436246;107.885206;1
6/11/2024;-6.975255;110.172265;1
4/27/2024;-6.293771;107.36084;1
6/10/2024;-6.929405;109.687626;1
6/10/2024;-6.959971;109.59714;1
2024-05-20;-7.221473069186598;113.44394470606689;0
6/11/2024;-7.435406;109.35195;1
4/28/2024;-6.359738;107.607969;1
4/27/2024;-6.193892;107.495731;1
4/27/2024;-6.258578;107.462321;1
2024-02-10;-7.559417385611857;112.69082816271164;0
6/12/2024;-7.036177;110.539207;1
4/28/2024;-6.338088;107.599212;1
6/24/2024;-6.654969;110.663475;1
4/29/2024;-6.45505;108.070639;1
6/28/2024;-6.993482;109.053451;1
4/28/2024;-6.362323;107.609313;1
3/18/2024;-6.260572;107.461745;1
6/12/2024;-7.749204;109.674411;1
6/13/2024;-6.812317;110.807437;1
6/11/2024;-7.504766;109.375351;1
3/16/2024;-6.149093;107.338101;1
4/27/2024;-6.258661;107.461128;1
6/10/2024;-6.929655;109.686679;1
6/26/2024;-6.901397;109.756312;1
6/12/2024;-7.715337;109.489013;1
6/11/2024;-6.937161;110.219313;1
6/10/2024;-6.929827;109.687324;1
4/27/2024;-6.235135;107.466888;1
2024-03-20;-5.9856899191025805;107.36727097020214;0
3/19/2024;-6.362889;107.609056;1
6/11/2024;-7.426555;109.411817;1
6/27/2024;-7.410562;109.880897;1
6/11/2024;-7.613889;109.153;1
6/11/2024;-7.649641;109.209333;1
6/13/2024;-6.858847;110.868398;1
6/12/2024;-7.749802;109.672773;1
6/10/2024;-6.959138;109.594983;1
6/11/2024;-6.974822;110.170821;1
3/19/2024;-6.401812;108.325382;1
3/18/2024;-6.332532;107.402205;1
6/11/2024;-6.974785;110.170823;1
6/12/2024;-7.733303;109.725581;1
3/19/2024;-6.483019;108.075119;1
6/27/2024;-7.387729;109.674717;1
6/12/2024;-7.724952;109.523428;1
4/27/2024;-6.293161;107.362139;1
3/19/2024;-6.402257;108.325064;1
6/24/2024;-6.679433;110.654396;1
6/11/2024;-7.425672;109.29491;1
6/24/2024;-7.741986;109.927742;1
3/19/2024;-6.40403;108.325165;1
4/28/2024;-6.378309;107.833396;1
4/28/2024;-6.363847;107.609024;1
6/27/2024;-7.387633;109.674224;1
3/19/2024;-6.454149;108.07183;1
4/27/2024;-6.235425;107.467232;1
6/27/2024;-6.896952;109.405911;1
3/16/2024;-6.147808;107.337573;1
3/18/2024;-6.332229;107.402491;1
6/11/2024;-6.959881;110.194539;1
6/15/2024;-7.160906;110.404445;1
4/28/2024;-6.363046;107.609381;1
2024-05-20;-5.967991499395398;105.8492617152104;0
6/27/2024;-6.896251;109.429784;1
6/26/2024;-6.899466;109.753875;1
6/15/2024;-7.159043;110.404142;1
4/27/2024;-6.29211;107.36147;1
6/11/2024;-7.434471;109.353069;1
6/26/2024;-6.900674;109.754599;1
6/13/2024;-6.860011;110.86684;1
2024-08-15;-6.937885393617409;105.412943412783;0
2024-07-20;-5.806199841724804;106.9686339595125;0
4/28/2024;-6.355843;107.63954;1
6/24/2024;-6.686814;110.677265;1
6/13/2024;-6.812292;110.910852;1
4/28/2024;-6.378833;107.833611;1
4/29/2024;-6.403372;108.324311;1
4/27/2024;-6.235367;107.468021;1
6/11/2024;-7.426929;109.413545;1
4/28/2024;-6.368156;107.795439;1
6/15/2024;-7.159494;110.403689;1
3/18/2024;-6.333461;107.402142;1
6/11/2024;-7.425677;109.294998;1
6/10/2024;-6.920148;109.682633;1
6/11/2024;-7.426918;109.295625;1
4/28/2024;-6.378555;107.831789;1
6/11/2024;-7.434979;109.352292;1
6/27/2024;-6.8716;109.391935;1
6/26/2024;-6.906331;109.7722;1
6/11/2024;-6.905046;110.185546;1
6/11/2024;-7.649927;109.20883;1
6/12/2024;-7.731529;109.726385;1
6/15/2024;-7.15889;110.403714;1
6/15/2024;-7.161084;110.403708;1
6/11/2024;-7.614792;109.152715;1
6/27/2024;-6.897572;109.406707;1
6/11/2024;-7.504397;109.37531;1
6/11/2024;-6.936801;110.219717;1
4/27/2024;-6.293171;107.361574;1
6/27/2024;-6.896861;109.428963;1
4/28/2024;-6.335901;107.599991;1
6/27/2024;-6.875046;109.383062;1
6/11/2024;-6.959179;110.195075;1
6/12/2024;-7.594934;109.449602;1
6/12/2024;-7.732916;109.725045;1
6/11/2024;-7.434319;109.352809;1
2024-05-20;-6.200846812181775;107.29679417579896;0
6/11/2024;-7.426441;109.413582;1
6/15/2024;-7.123938;110.400025;1
6/13/2024;-6.868255;110.871006;1
4/28/2024;-6.378439;107.835881;1
6/12/2024;-7.749815;109.672926;1
3/20/2024;-6.365085;107.633541;1
6/11/2024;-7.649668;109.208421;1
3/19/2024;-6.326806;108.304139;1
6/26/2024;-6.906437;109.772168;1
2024-09-15;-6.113987537284014;106.68044096671352;0
6/24/2024;-6.76338;110.76569;1
6/25/2024;-7.869143;110.196147;1
6/27/2024;-6.872023;109.390313;1
2024-10-20;-6.126625710298352;106.69819816167988;0
3/20/2024;-6.360669;107.606784;1
6/11/2024;-7.426224;109.41389;1
4/29/2024;-6.453239;108.075617;1
6/28/2024;-6.994943;109.054147;1
6/12/2024;-7.595588;109.450536;1
4/29/2024;-6.40166;108.323496;1
6/28/2024;-6.996248;109.053733;1
6/12/2024;-7.047314;110.535372;1
6/10/2024;-6.96014;109.594731;1
6/11/2024;-7.426526;109.413357;1
6/28/2024;-6.995678;109.054226;1
6/12/2024;-7.715672;109.488566;1
2024-01-15;-6.050560406342826;107.1753270692502;0
4/27/2024;-6.260017;107.461134;1
3/16/2024;-6.152247;107.339773;1
6/11/2024;-7.426728;109.295145;1
4/28/2024;-6.338421;107.60016;1
6/24/2024;-7.781988;109.948105;1
6/24/2024;-6.715332;110.706424;1
4/29/2024;-6.453973;108.075975;1
6/13/2024;-6.809962;110.964008;1
4/26/2024;-6.149351;107.349544;1
6/24/2024;-7.846734;110.315688;1
6/24/2024;-6.652761;110.66329;1
6/25/2024;-7.869757;110.195771;1
3/20/2024;-6.36309;107.631197;1
6/27/2024;-6.897006;109.430305;1
6/11/2024;-6.959431;110.194099;1
6/28/2024;-6.970745;109.094113;1
3/20/2024;-6.435087;107.88444;1
6/11/2024;-7.614844;109.152833;1
3/16/2024;-6.151773;107.338524;1
6/12/2024;-7.725024;109.524446;1
6/25/2024;-7.868692;110.196601;1
6/12/2024;-7.035462;110.53894;1
4/28/2024;-6.360278;107.608333;1
2024-07-20;-6.407929548079332;107.45973431110004;0
3/16/2024;-6.148804;107.348747;1
4/28/2024;-6.355387;107.640441;1
6/11/2024;-6.960005;110.193638;1
6/11/2024;-7.426417;109.413419;1
6/24/2024;-6.654998;110.663553;1
6/12/2024;-7.595965;109.450004;1
3/18/2024;-6.333961;107.401319;1
6/10/2024;-6.981822;109.05298;1
6/24/2024;-7.742932;109.927807;1
6/24/2024;-6.714567;110.708016;1
3/19/2024;-6.329273;108.300683;1
4/27/2024;-6.259914;107.46238;1
4/28/2024;-6.336086;107.599781;1
6/11/2024;-6.974769;110.17008;1
4/29/2024;-6.454447;108.075978;1
6/11/2024;-6.960636;110.193929;1
6/10/2024;-6.959475;109.594791;1
6/13/2024;-6.860229;110.868166;1
6/10/2024;-6.958918;109.5979;1
6/12/2024;-7.733098;109.726238;1
6/27/2024;-6.897219;109.406353;1
6/28/2024;-6.99529;109.053444;1
3/18/2024;-6.291795;107.362522;1
4/29/2024;-6.385634;108.273641;1
4/27/2024;-6.260833;107.461806;1
4/29/2024;-6.405073;108.324653;1
3/19/2024;-6.401356;108.323386;1
3/20/2024;-6.43509;107.883988;1
6/25/2024;-7.792426;110.247768;1
6/15/2024;-7.15948;110.404041;1
6/25/2024;-7.792915;110.247215;1
6/12/2024;-7.638338;109.559714;1
6/12/2024;-7.716321;109.488844;1
6/26/2024;-6.905464;109.771814;1
4/27/2024;-6.234252;107.468285;1
4/27/2024;-6.192933;107.493841;1
6/10/2024;-6.92966;109.688489;1
6/26/2024;-6.90975;109.745681;1
4/29/2024;-6.384673;108.275655;1
4/27/2024;-6.235131;107.467792;1
3/20/2024;-6.169111;107.345611;1
6/11/2024;-7.504452;109.37416;1
6/24/2024;-6.715189;110.706291;1
6/10/2024;-6.92125;109.682773;1
4/27/2024;-6.260391;107.461986;1
4/27/2024;-6.215363;107.343062;1
4/29/2024;-6.479862;108.081895;1
4/27/2024;-6.235085;107.468838;1
4/28/2024;-6.335837;107.600051;1
6/27/2024;-7.388568;109.674056;1
6/25/2024;-7.792199;110.247273;1
3/20/2024;-6.360953;107.606443;1
3/20/2024;-6.365885;107.631101;1
3/18/2024;-6.292252;107.362917;1
6/11/2024;-7.434925;109.352872;1
6/27/2024;-7.387713;109.674638;1
2024-01-15;-6.9899213360035;107.03623740305588;0
6/24/2024;-6.715411;110.706307;1
6/24/2024;-6.65395;110.663408;1
3/19/2024;-6.404284;108.323297;1
4/27/2024;-6.294033;107.360843;1
2024-08-15;-6.340917709724279;107.29733238247717;0
2024-04-15;-5.94874685645589;107.07418335220784;0
6/25/2024;-7.792355;110.247517;1
6/11/2024;-6.906407;110.185775;1
6/11/2024;-6.906783;110.185088;1
6/26/2024;-7.318333;110.473444;1
3/19/2024;-6.40397;108.323562;1
4/29/2024;-6.383834;108.276087;1
6/27/2024;-7.388062;109.673882;1
3/19/2024;-6.323917;108.302944;1
3/20/2024;-6.435923;107.885698;1
6/11/2024;-7.426777;109.413147;1
4/28/2024;-6.363387;107.609244;1
6/11/2024;-7.425954;109.29519;1
4/29/2024;-6.404482;108.323783;1
3/19/2024;-6.327788;108.302762;1
3/20/2024;-6.361849;107.607393;1
6/13/2024;-6.813382;110.806853;1
4/28/2024;-6.378953;107.832621;1
6/12/2024;-7.047946;110.534717;1
3/20/2024;-6.436538;107.884459;1
6/11/2024;-7.426137;109.413751;1
6/15/2024;-7.123308;110.399661;1
4/29/2024;-6.452801;108.07541;1
6/26/2024;-6.907531;109.772178;1
3/16/2024;-6.148069;107.338898;1
6/12/2024;-7.595207;109.448848;1
6/28/2024;-6.993398;109.052388;1
6/10/2024;-6.96073;109.594301;1
6/27/2024;-6.874279;109.382499;1
3/20/2024;-6.363253;107.632049;1
3/18/2024;-6.294461;107.359277;1
6/11/2024;-7.435875;109.353602;1
3/20/2024;-6.362028;107.6063;1
6/11/2024;-6.906718;110.185098;1
2024-09-15;-6.191114670542628;106.51594260322932;0
6/13/2024;-6.866774;110.871095;1
6/28/2024;-6.995244;109.052745;1
6/12/2024;-7.731879;109.726407;1
6/13/2024;-6.861739;110.856683;1
6/10/2024;-6.960601;109.597898;1
6/24/2024;-7.741753;109.927448;1
2024-12-10;-5.650203023256258;108.42249425317122;0
6/11/2024;-7.426253;109.413303;1
2024-12-10;-5.759530200835803;107.4404899673177;0
6/11/2024;-7.426324;109.412156;1
6/10/2024;-6.929037;109.688965;1
4/29/2024;-6.32719;108.30653;1
6/12/2024;-7.732987;109.725262;1
4/27/2024;-6.292106;107.362374;1
6/12/2024;-7.035915;110.539127;1
6/15/2024;-7.124083;110.399817;1
4/27/2024;-6.295271;107.358601;1
6/26/2024;-6.905012;109.771815;1
6/12/2024;-7.73327;109.726314;1
6/27/2024;-7.387708;109.674585;1
3/16/2024;-6.152436;107.338075;1
6/11/2024;-7.426021;109.412164;1
6/13/2024;-6.813112;110.80826;1
6/13/2024;-6.809591;110.964087;1
2024-08-15;-7.240621134510352;110.80159994941404;0
6/11/2024;-7.614404;109.151655;1
6/15/2024;-7.159014;110.403647;1
6/11/2024;-6.97491;110.170499;1
4/27/2024;-6.214457;107.343509;1
6/10/2024;-6.981732;109.053483;1
6/26/2024;-6.909381;109.749467;1
3/19/2024;-6.4014;108.32472;1
6/27/2024;-6.875102;109.38256;1
6/10/2024;-6.960966;109.59684;1
2024-08-15;-6.238016948726644;106.75301301785603;0
2024-06-15;-7.607006072502727;113.35067873426172;0
4/29/2024;-6.404496;108.323319;1
6/15/2024;-7.159075;110.40439;1
6/11/2024;-6.936707;110.218409;1
6/15/2024;-7.16074;110.404072;1
4/28/2024;-6.377828;107.831782;1
6/13/2024;-6.858632;110.867477;1
4/27/2024;-6.211094;107.343147;1
4/27/2024;-6.292486;107.356889;1
6/12/2024;-7.036664;110.538495;1
6/12/2024;-6.861164;110.792;1
6/12/2024;-6.851036;110.79729;1
4/27/2024;-6.234544;107.464839;1
3/18/2024;-6.261563;107.463203;1
6/28/2024;-6.994384;109.052995;1
6/24/2024;-6.714278;110.706456;1
2024-05-20;-8.39242395395351;112.53192566150302;0
4/27/2024;-6.194336;107.494242;1
6/15/2024;-7.161074;110.404422;1
6/12/2024;-7.74937;109.674522;1
6/28/2024;-6.994977;109.052999;1
6/15/2024;-7.585583;110.86025;1
3/16/2024;-6.152739;107.338195;1
4/27/2024;-6.259247;107.461589;1
4/27/2024;-6.292681;107.362138;1
4/27/2024;-6.195046;107.493584;1
6/13/2024;-6.810237;110.964544;1
6/12/2024;-6.860023;110.792514;1
3/19/2024;-6.402615;108.323553;1
3/20/2024;-6.367856;107.793892;1
4/29/2024;-6.480782;108.079191;1
4/28/2024;-6.356456;107.640515;1
6/11/2024;-7.504519;109.374245;1
6/12/2024;-7.749376;109.673674;1
6/11/2024;-6.975338;110.171217;1
6/24/2024;-6.6536;110.662439;1
6/11/2024;-6.974714;110.170101;1
2024-10-20;-6.6420876322201545;107.03191552790584;0
3/19/2024;-6.454447;108.073195;1
6/28/2024;-6.971325;109.095245;1
4/27/2024;-6.212682;107.343867;1
6/28/2024;-6.970744;109.093943;1
6/28/2024;-6.970112;109.094933;1
6/24/2024;-6.654298;110.664194;1
6/12/2024;-7.732293;109.725527;1
6/28/2024;-6.96997;109.093153;1
3/16/2024;-6.147782;107.336649;1
4/29/2024;-6.480263;108.079055;1
4/29/2024;-6.479641;108.080728;1
6/12/2024;-7.595722;109.449389;1
6/11/2024;-6.959648;110.193724;1
3/18/2024;-6.33229;107.401551;1
6/24/2024;-7.780932;109.950091;1
3/18/2024;-6.332699;107.40052;1
4/27/2024;-6.193503;107.493731;1
3/18/2024;-6.334028;107.400889;1
6/15/2024;-7.160851;110.403687;1
6/10/2024;-6.921578;109.683736;1
3/19/2024;-6.481393;108.075069;1
6/10/2024;-6.930117;109.688503;1
6/24/2024;-7.781113;109.949221;1
4/27/2024;-6.215301;107.343461;1
6/27/2024;-6.897239;109.407198;1
6/11/2024;-6.937383;110.21916;1
6/24/2024;-6.652273;110.663448;1
6/24/2024;-6.653988;110.66433;1
6/25/2024;-7.792265;110.247178;1
3/16/2024;-6.150313;107.348742;1
6/26/2024;-6.909619;109.744954;1
6/11/2024;-7.426547;109.413869;1
6/24/2024;-6.715187;110.707887;1
3/19/2024;-6.454898;108.073112;1
3/19/2024;-6.402498;108.323778;1
6/10/2024;-6.920536;109.68275;1
6/11/2024;-7.425688;109.295579;1
6/27/2024;-6.897681;109.40628;1
6/11/2024;-6.906295;110.185929;1
6/10/2024;-6.959094;109.597362;1
6/11/2024;-7.434933;109.352605;1
4/29/2024;-6.452851;108.076012;1
6/27/2024;-7.388372;109.674753;1
4/29/2024;-6.454648;108.069927;1
6/24/2024;-7.84628;110.31581;1
6/11/2024;-7.426775;109.411772;1
6/11/2024;-6.937058;110.219936;1
4/27/2024;-6.260472;107.45875;1
6/12/2024;-7.716139;109.489278;1
6/11/2024;-6.974567;110.170778;1
6/13/2024;-6.810453;110.963423;1
6/24/2024;-6.686907;110.676888;1
6/27/2024;-6.870486;109.390536;1
3/20/2024;-6.3783;107.833265;1
3/19/2024;-6.402155;108.324904;1
4/29/2024;-6.402223;108.324798;1
6/11/2024;-7.426689;109.413644;1
6/11/2024;-6.904542;110.185501;1
3/20/2024;-6.361275;107.606961;1
2024-09-15;-6.36205770254269;106.64200586810333;0
4/27/2024;-6.292148;107.362423;1
6/26/2024;-6.907093;109.772713;1
3/19/2024;-6.405418;108.323103;1
4/27/2024;-6.234694;107.464628;1
4/27/2024;-6.259558;107.462487;1
3/20/2024;-6.435983;107.885799;1
6/12/2024;-7.594566;109.448678;1
6/10/2024;-6.921057;109.683987;1
3/20/2024;-6.363864;107.631665;1
6/11/2024;-7.42624;109.411412;1
6/11/2024;-6.904994;110.185425;1
6/24/2024;-6.763039;110.76514;1
2024-09-15;-6.82824367728392;110.03888829867913;0
6/11/2024;-7.42608;109.29481;1
6/13/2024;-6.860347;110.868582;1
4/29/2024;-6.402474;108.323403;1
3/19/2024;-6.329589;108.303676;1
6/11/2024;-6.958698;110.194942;1
6/10/2024;-6.959627;109.594923;1
6/11/2024;-7.650673;109.209882;1
2024-04-15;-7.772439590501029;110.70332663642245;0
6/13/2024;-6.810253;110.964779;1
6/10/2024;-6.959712;109.594503;1
3/19/2024;-6.40204;108.324693;1
3/16/2024;-6.211536;107.344284;1
6/11/2024;-7.504477;109.375583;1
6/10/2024;-6.980677;109.053558;1
4/29/2024;-6.383359;108.276341;1
6/28/2024;-6.970382;109.093903;1
6/24/2024;-6.762706;110.765699;1
6/25/2024;-7.79285;110.246675;1
6/12/2024;-7.715582;109.487677;1
4/28/2024;-6.377894;107.833024;1
3/20/2024;-6.435555;107.884873;1
6/11/2024;-7.650687;109.209315;1
6/25/2024;-7.793306;110.246779;1
4/29/2024;-6.401838;108.323988;1
6/10/2024;-6.929641;109.687582;1
6/24/2024;-6.715095;110.707705;1
6/27/2024;-6.89514;109.429666;1
6/24/2024;-7.742354;109.927509;1
6/26/2024;-6.909823;109.7492;1
6/11/2024;-6.936957;110.219613;1
6/12/2024;-7.594916;109.449186;1
6/10/2024;-6.960296;109.594381;1
6/12/2024;-7.725493;109.523344;1
6/12/2024;-7.595938;109.449018;1
6/12/2024;-7.595048;109.448916;1
3/16/2024;-6.152792;107.339731;1
6/10/2024;-6.958852;109.597796;1
4/29/2024;-6.454838;108.071348;1
6/12/2024;-7.59465;109.448859;1
4/27/2024;-6.2169;107.342386;1
6/13/2024;-6.867974;110.869545;1
3/20/2024;-6.361442;107.60647;1
6/15/2024;-7.123676;110.39985;1
2024-07-20;-5.561550472357605;106.60845591682316;0
4/29/2024;-6.481674;108.081003;1
2024-08-15;-7.2520399291078865;111.416309757431;0
6/27/2024;-6.870535;109.390867;1
3/20/2024;-6.259972;107.460694;1
6/12/2024;-7.638989;109.559023;1
3/20/2024;-6.435898;107.884863;1
2024-04-15;-6.317053580897115;106.72631055537433;0
6/12/2024;-7.716054;109.488744;1
3/16/2024;-6.148637;107.338861;1
6/28/2024;-6.994953;109.054298;1
4/27/2024;-6.292867;107.361806;1
3/16/2024;-6.149096;107.33705;1
2024-08-15;-8.784163531640013;113.77626536700778;0
6/10/2024;-6.929334;109.687253;1
6/26/2024;-6.906042;109.771867;1
6/10/2024;-6.960556;109.596945;1
6/10/2024;-6.961238;109.595803;1
6/15/2024;-7.159817;110.403568;1
6/10/2024;-6.961396;109.596673;1
6/24/2024;-6.678878;110.654225;1
6/11/2024;-7.426623;109.412258;1
6/15/2024;-7.122815;110.400074;1
6/12/2024;-7.048229;110.535918;1
4/28/2024;-6.356117;107.639736;1
6/27/2024;-6.874371;109.382818;1
6/10/2024;-6.928839;109.688795;1
6/28/2024;-6.994081;109.053748;1
4/27/2024;-6.293012;107.361926;1
6/27/2024;-7.411306;109.880059;1
4/27/2024;-6.193193;107.494454;1
6/10/2024;-6.981373;109.052946;1
6/27/2024;-7.388354;109.673719;1
6/11/2024;-6.936604;110.218925;1
6/12/2024;-7.749248;109.674001;1
6/11/2024;-6.975522;110.172177;1
6/12/2024;-7.733112;109.725928;1
4/29/2024;-6.326722;108.306216;1
4/27/2024;-6.214253;107.342571;1
6/11/2024;-6.93712;110.219374;1
4/27/2024;-6.194202;107.494283;1
3/18/2024;-6.333049;107.402155;1
6/27/2024;-6.895792;109.406255;1
4/29/2024;-6.383819;108.277591;1
4/27/2024;-6.294027;107.360545;1
6/12/2024;-6.861449;110.792023;1
6/25/2024;-7.793169;110.246927;1
3/18/2024;-6.260603;107.462641;1
2024-10-20;-7.772704442124296;112.53255033305004;0
3/18/2024;-6.261365;107.464097;1
6/26/2024;-6.907759;109.74869;1
2024-01-15;-6.7149516645309095;109.25039673707909;0
4/29/2024;-6.401571;108.323397;1
3/18/2024;-6.261039;107.462343;1
6/12/2024;-7.715383;109.489247;1
6/13/2024;-6.812507;110.909573;1
4/29/2024;-6.454156;108.075418;1
6/11/2024;-6.959133;110.194662;1
6/10/2024;-6.921082;109.682795;1
6/11/2024;-7.614948;109.151966;1
6/27/2024;-6.872542;109.390668;1
4/29/2024;-6.402227;108.324958;1
6/25/2024;-7.793069;110.246835;1
6/13/2024;-6.862247;110.857067;1
6/26/2024;-6.90592;109.77317;1
3/16/2024;-6.148787;107.337185;1
4/29/2024;-6.327628;108.30577;1
4/29/2024;-6.455536;108.071214;1
6/13/2024;-6.809922;110.963426;1
2024-08-15;-8.507838733202872;113.79840873215548;0
6/11/2024;-7.503963;109.374909;1
6/28/2024;-6.995082;109.053873;1
3/16/2024;-6.147795;107.340455;1
3/20/2024;-6.435538;107.884457;1
2024-10-20;-6.232114398467766;106.82141090621334;0
6/15/2024;-7.160761;110.404524;1
2024-03-20;-6.073637188379768;107.3776910521932;0
6/11/2024;-7.426877;109.411796;1
6/15/2024;-7.158853;110.403996;1
6/11/2024;-6.974469;110.170734;1
3/19/2024;-6.401413;108.32572;1
3/19/2024;-6.403532;108.323025;1
6/26/2024;-6.905462;109.770909;1
6/12/2024;-7.035617;110.539246;1
2024-10-20;-5.65035436660432;105.80213542619904;0
4/29/2024;-6.480325;108.080092;1
4/27/2024;-6.25956;107.462035;1
4/29/2024;-6.401523;108.323393;1
3/16/2024;-6.149085;107.337875;1
4/29/2024;-6.383378;108.276016;1
6/24/2024;-6.650586;110.654733;1
6/11/2024;-7.649922;109.208958;1
6/26/2024;-6.909182;109.749078;1
4/29/2024;-6.453548;108.074034;1
6/11/2024;-7.649607;109.208285;1
6/11/2024;-6.906317;110.185478;1
6/13/2024;-6.809348;110.963422;1
6/10/2024;-6.960664;109.595888;1
6/15/2024;-7.159012;110.403745;1
4/27/2024;-6.23486;107.468684;1
3/20/2024;-6.436437;107.88535;1
3/20/2024;-6.365427;107.630972;1
6/26/2024;-6.910369;109.745104;1
6/11/2024;-6.906494;110.185756;1
6/15/2024;-7.159029;110.403975;1
2024-08-15;-5.871055489406625;107.06256556642327;0
3/18/2024;-6.332817;107.402469;1
3/19/2024;-6.327169;108.302177;1
6/10/2024;-6.981759;109.052827;1
4/27/2024;-6.19367;107.495931;1
4/28/2024;-6.359595;107.607535;1
6/13/2024;-6.810188;110.963997;1
6/10/2024;-6.959922;109.595863;1
6/27/2024;-6.895922;109.429756;1
6/14/2024;-7.603194;110.774528;1
6/13/2024;-6.812638;110.806136;1
3/18/2024;-6.260846;107.464155;1
6/10/2024;-6.92112;109.683064;1
4/27/2024;-6.234382;107.467186;1
4/26/2024;-6.149945;107.347942;1
4/28/2024;-6.35944;107.608903;1
6/10/2024;-6.961609;109.597858;1
3/19/2024;-6.481903;108.076357;1
6/24/2024;-7.742498;109.926573;1
3/16/2024;-6.147815;107.340616;1
6/26/2024;-6.901755;109.756305;1
6/12/2024;-7.048436;110.535853;1
4/28/2024;-6.359616;107.608396;1
4/29/2024;-6.327915;108.306763;1
6/24/2024;-6.6873;110.676664;1
3/20/2024;-6.365441;107.631328;1
2024-02-10;-7.154972473950791;109.24827407283618;0
6/10/2024;-6.95977;109.597191;1
3/20/2024;-6.378611;107.831944;1
4/29/2024;-6.383921;108.272647;1
6/25/2024;-7.79318;110.246548;1
4/27/2024;-6.233974;107.468468;1
6/24/2024;-7.846724;110.315598;1
6/26/2024;-6.908832;109.74914;1
4/27/2024;-6.215031;107.341831;1
4/28/2024;-6.363336;107.608072;1
2024-02-10;-7.107683611688799;106.91450676978155;0
6/11/2024;-7.42637;109.41398;1
6/12/2024;-7.724576;109.524045;1
4/29/2024;-6.454347;108.071189;1
6/12/2024;-7.716237;109.48765;1
4/27/2024;-6.293918;107.361479;1
4/27/2024;-6.259867;107.462113;1
6/11/2024;-6.959698;110.194349;1
6/24/2024;-6.679636;110.654311;1
6/27/2024;-7.388813;109.674199;1
4/28/2024;-6.33771;107.59885;1
4/27/2024;-6.234036;107.46437;1
6/13/2024;-6.81115;110.910478;1
3/19/2024;-6.38284;108.270631;1
6/13/2024;-6.811602;110.910197;1
6/11/2024;-6.958556;110.194077;1
6/11/2024;-6.959025;110.194278;1
6/10/2024;-6.959513;109.594947;1
6/24/2024;-6.715086;110.707908;1
6/11/2024;-6.97522;110.172034;1
6/11/2024;-7.42666;109.294753;1
6/12/2024;-7.724472;109.523544;1
4/29/2024;-6.455786;108.070529;1
6/28/2024;-6.969738;109.094294;1
3/19/2024;-6.403711;108.3246;1
4/27/2024;-6.29392;107.361027;1
6/11/2024;-7.426337;109.41391;1
6/11/2024;-7.504403;109.375051;1
6/12/2024;-7.035723;110.537849;1
3/19/2024;-6.400536;108.323754;1
6/11/2024;-6.975131;110.169877;1
6/25/2024;-7.792927;110.247563;1
4/28/2024;-6.363226;107.609318;1
3/16/2024;-6.211855;107.343094;1
6/10/2024;-6.982135;109.053264;1
6/12/2024;-7.732197;109.72643;1
6/27/2024;-6.896186;109.429472;1
6/11/2024;-6.958651;110.194449;1
2024-06-15;-6.485307457761812;107.30724638115366;0
4/27/2024;-6.193162;107.49578;1
4/27/2024;-6.293194;107.361221;1
6/15/2024;-7.159757;110.403893;1
6/12/2024;-7.732623;109.72544;1
3/19/2024;-6.382205;108.270579;1
6/27/2024;-6.896256;109.406304;1
6/27/2024;-6.875033;109.381899;1
6/10/2024;-6.981763;109.052709;1
6/10/2024;-6.928492;109.687527;1
4/28/2024;-6.33707;107.59925;1
6/11/2024;-6.960735;110.193667;1
6/11/2024;-7.426752;109.413863;1
6/27/2024;-6.870871;109.390052;1
4/28/2024;-6.356377;107.640447;1
3/20/2024;-6.166972;107.346028;1
3/19/2024;-6.401879;108.325012;1
6/15/2024;-7.159179;110.404097;1
6/11/2024;-7.434688;109.352867;1
6/12/2024;-7.59573;109.448454;1
6/10/2024;-6.928822;109.688142;1
6/11/2024;-6.959732;110.194383;1
6/11/2024;-7.434374;109.352907;1
4/29/2024;-6.479783;108.080674;1
6/10/2024;-6.961102;109.595061;1
6/11/2024;-7.650617;109.208985;1
6/24/2024;-7.742153;109.926457;1
6/27/2024;-6.874493;109.381817;1
4/28/2024;-6.35482;107.640355;1
6/13/2024;-6.859415;110.866806;1
6/24/2024;-6.715619;110.707411;1
3/19/2024;-6.401255;108.324447;1
4/27/2024;-6.294041;107.362148;1
3/19/2024;-6.327186;108.303909;1
3/19/2024;-6.401784;108.325579;1
3/20/2024;-6.361569;107.607652;1
4/29/2024;-6.481278;108.08082;1
6/28/2024;-6.994316;109.05358;1
6/27/2024;-6.894502;109.428526;1
3/19/2024;-6.40089;108.324154;1
4/29/2024;-6.402002;108.324669;1
6/27/2024;-7.409045;109.881452;1
4/27/2024;-6.215329;107.343753;1
3/16/2024;-6.14906;107.337178;1
6/28/2024;-6.995906;109.052559;1
6/13/2024;-6.812492;110.80665;1
3/19/2024;-6.455217;108.072865;1
4/29/2024;-6.45338;108.0762;1
6/24/2024;-7.742437;109.927288;1
6/10/2024;-6.960288;109.595284;1
4/29/2024;-6.384387;108.273121;1
6/11/2024;-7.614265;109.152723;1
6/27/2024;-7.411689;109.881026;1
3/20/2024;-6.3637;107.632955;1
4/29/2024;-6.479856;108.079843;1
6/13/2024;-6.813161;110.806311;1
4/27/2024;-6.233514;107.464567;1
6/10/2024;-6.929247;109.686802;1
6/13/2024;-6.812581;110.806555;1
6/12/2024;-7.724307;109.523714;1
6/27/2024;-6.871802;109.390467;1
6/11/2024;-7.426303;109.413721;1
6/27/2024;-7.411476;109.880269;1
6/12/2024;-7.047061;110.535975;1
6/28/2024;-6.993571;109.052834;1
6/11/2024;-7.434978;109.351839;1
6/11/2024;-6.905903;110.185802;1
2024-02-10;-6.269900029972371;108.551652548509;0
4/29/2024;-6.481712;108.080467;1
6/27/2024;-6.895616;109.406549;1
3/19/2024;-6.328228;108.30457;1
4/28/2024;-6.354479;107.641339;1
4/28/2024;-6.355846;107.641445;1
4/28/2024;-6.355036;107.641568;1
6/12/2024;-7.749823;109.673629;1
6/11/2024;-7.614536;109.152698;1
6/25/2024;-7.353006;110.529842;1
6/12/2024;-7.638909;109.55969;1
3/19/2024;-6.482991;108.075846;1
2024-03-20;-6.883571695601394;108.68443763951032;0
6/13/2024;-6.810212;110.963653;1
6/15/2024;-7.159375;110.403694;1
6/24/2024;-7.845816;110.315405;1
6/10/2024;-6.960369;109.595951;1
6/24/2024;-6.714347;110.707597;1
4/29/2024;-6.328076;108.306225;1
6/24/2024;-6.6791;110.654486;1
4/29/2024;-6.400857;108.323733;1
3/18/2024;-6.33232;107.402014;1
6/11/2024;-6.958827;110.193932;1
6/11/2024;-7.426923;109.413198;1
6/27/2024;-7.387961;109.674613;1
6/28/2024;-6.970716;109.095265;1
6/27/2024;-6.874462;109.382349;1
3/18/2024;-6.332596;107.401689;1
6/11/2024;-7.435853;109.353225;1
4/29/2024;-6.452998;108.074193;1
6/11/2024;-7.426628;109.295707;1
3/16/2024;-6.149084;107.339759;1
3/18/2024;-6.261759;107.463565;1
6/15/2024;-7.159511;110.40431;1
6/11/2024;-7.426173;109.41163;1
4/27/2024;-6.217177;107.341715;1
6/12/2024;-7.639214;109.559857;1
6/11/2024;-6.905306;110.184532;1
3/18/2024;-6.294412;107.360498;1
6/11/2024;-6.974629;110.170284;1
6/10/2024;-6.928288;109.68705;1
6/25/2024;-7.792912;110.246889;1
6/11/2024;-7.435367;109.353409;1
6/11/2024;-6.937804;110.218799;1
6/24/2024;-6.655039;110.664231;1
6/12/2024;-6.851749;110.797386;1
6/11/2024;-7.503816;109.375409;1
6/25/2024;-7.793421;110.247121;1
6/12/2024;-7.726006;109.524268;1
4/27/2024;-6.193662;107.494411;1
6/13/2024;-6.810097;110.963707;1
3/16/2024;-6.151835;107.33978;1
6/24/2024;-6.762876;110.766008;1
6/12/2024;-7.638566;109.558453;1
4/27/2024;-6.260012;107.462037;1
6/13/2024;-6.813567;110.808371;1
4/27/2024;-6.215821;107.341709;1
6/13/2024;-6.809559;110.963812;1
6/27/2024;-6.872026;109.391271;1
4/27/2024;-6.215609;107.343011;1
6/12/2024;-7.725112;109.52321;1
6/13/2024;-6.868584;110.871094;1
6/11/2024;-6.959523;110.193742;1
6/10/2024;-6.958794;109.598355;1
3/19/2024;-6.455255;108.071776;1
3/19/2024;-6.403639;108.323917;1
2024-11-15;-8.708539279437836;115.4289948824348;0
4/27/2024;-6.235423;107.468755;1
3/19/2024;-6.40122;108.323688;1
4/28/2024;-6.335854;107.600566;1
3/20/2024;-6.380472;107.835667;1
3/16/2024;-6.148391;107.33888;1
6/11/2024;-7.436007;109.352336;1
6/11/2024;-7.42685;109.413276;1
4/29/2024;-6.480319;108.080995;1
6/27/2024;-6.874919;109.382834;1
6/10/2024;-6.959294;109.598014;1
6/11/2024;-6.975322;110.171624;1
4/27/2024;-6.194937;107.493483;1
4/27/2024;-6.211746;107.343497;1
3/20/2024;-6.362203;107.607685;1
6/28/2024;-6.995075;109.05276;1
6/28/2024;-6.993816;109.053646;1
3/19/2024;-6.402618;108.323102;1
6/12/2024;-7.72612;109.5237;1
2024-12-10;-7.164955436643912;114.0835754444191;0
6/26/2024;-6.900286;109.755956;1
4/27/2024;-6.233295;107.466311;1
4/28/2024;-6.355785;107.639837;1
6/25/2024;-7.793474;110.246812;1
6/11/2024;-7.650591;109.208666;1
6/13/2024;-6.813341;110.808617;1
6/13/2024;-6.813091;110.807247;1
6/24/2024;-6.679102;110.654538;1
6/27/2024;-6.895386;109.430061;1
6/28/2024;-6.970596;109.094715;1
6/12/2024;-7.715587;109.488976;1
4/29/2024;-6.383359;108.276335;1
6/11/2024;-7.436253;109.352789;1
6/27/2024;-7.409495;109.880545;1
6/15/2024;-7.160728;110.404186;1
6/15/2024;-7.159227;110.404113;1
6/26/2024;-6.909462;109.744201;1
6/10/2024;-6.96118;109.596965;1
4/29/2024;-6.454696;108.07021;1
6/10/2024;-6.960587;109.595554;1
6/10/2024;-6.928972;109.687614;1
6/11/2024;-7.649881;109.209914;1
2024-10-20;-7.258099119176213;107.58699777400292;0
4/28/2024;-6.378941;107.833445;1
3/20/2024;-6.36067;107.606744;1
6/15/2024;-7.123904;110.400428;1
6/13/2024;-6.812054;110.807181;1
3/20/2024;-6.364677;107.631115;1
3/19/2024;-6.45477;108.071959;1
4/27/2024;-6.194368;107.493347;1
3/19/2024;-6.404001;108.324127;1
6/15/2024;-7.124198;110.400804;1
6/11/2024;-7.426818;109.295621;1
6/10/2024;-6.96118;109.597361;1
6/12/2024;-7.714878;109.489155;1
4/29/2024;-6.328073;108.306676;1
6/12/2024;-7.638262;109.559076;1
6/15/2024;-7.160551;110.404213;1
3/19/2024;-6.404728;108.322989;1
6/13/2024;-6.810201;110.964465;1
6/11/2024;-7.504154;109.375617;1
4/27/2024;-6.234223;107.464372;1
6/10/2024;-6.981727;109.053047;1
3/19/2024;-6.402674;108.323889;1
6/24/2024;-7.741409;109.926909;1
3/19/2024;-6.383429;108.271353;1
6/11/2024;-7.649651;109.208823;1
6/24/2024;-6.654351;110.664339;1
4/28/2024;-6.355193;107.641693;1
3/19/2024;-6.328234;108.303667;1
6/15/2024;-7.159888;110.403666;1
4/28/2024;-6.35547;107.639594;1
6/11/2024;-7.503704;109.374502;1
6/15/2024;-7.124223;110.400252;1
3/19/2024;-6.382179;108.27106;1
6/27/2024;-6.897244;109.406077;1
3/19/2024;-6.404112;108.323908;1
6/25/2024;-7.868618;110.195743;1
6/12/2024;-7.639435;109.559598;1
6/11/2024;-7.650539;109.208275;1
6/28/2024;-6.971441;109.094528;1
4/28/2024;-6.354512;107.641389;1
6/13/2024;-6.810413;110.964243;1
6/11/2024;-6.959474;110.194698;1
3/18/2024;-6.292247;107.362524;1
6/27/2024;-6.873438;109.380853;1
6/15/2024;-7.122918;110.40004;1
4/29/2024;-6.401774;108.323684;1
6/25/2024;-7.793695;110.246875;1
6/27/2024;-6.89523;109.428619;1
3/18/2024;-6.261961;107.462196;1
3/18/2024;-6.294971;107.359826;1
6/10/2024;-6.928874;109.688419;1
3/19/2024;-6.4542;108.073006;1
4/28/2024;-6.359169;107.607491;1
6/24/2024;-6.714584;110.706679;1
4/27/2024;-6.294038;107.359224;1
6/24/2024;-7.742807;109.927816;1
6/11/2024;-6.974652;110.171393;1
4/27/2024;-6.192758;107.493387;1
6/15/2024;-7.160236;110.404022;1
6/24/2024;-6.654717;110.662825;1
3/20/2024;-6.361349;107.606156;1
6/12/2024;-7.724483;109.523616;1
3/19/2024;-6.482291;108.077092;1
4/27/2024;-6.21739;107.342467;1
3/20/2024;-6.361119;107.607198;1
6/12/2024;-7.714993;109.48919;1
6/10/2024;-6.929043;109.687395;1
4/27/2024;-6.233678;107.467101;1
6/12/2024;-7.595872;109.449894;1
4/29/2024;-6.455539;108.070911;1
4/29/2024;-6.385012;108.27685;1
6/11/2024;-7.427117;109.295743;1
6/25/2024;-7.793727;110.246436;1
2024-03-20;-8.385505655656356;114.96903918231268;0
3/19/2024;-6.405219;108.324099;1
4/27/2024;-6.234535;107.464523;1
6/11/2024;-7.436113;109.352829;1
6/24/2024;-6.653791;110.663261;1
6/24/2024;-7.742198;109.927536;1
6/12/2024;-7.725164;109.523459;1
6/13/2024;-6.809859;110.963845;1
6/10/2024;-6.929543;109.687606;1
4/27/2024;-6.234683;107.466886;1
6/12/2024;-7.638807;109.559033;1
6/27/2024;-7.410401;109.880643;1
4/29/2024;-6.404914;108.325089;1
6/25/2024;-7.792685;110.246711;1
2024-04-15;-7.094681670327131;108.73823950801288;0
6/12/2024;-7.639039;109.559351;1
6/13/2024;-6.862085;110.858125;1
6/10/2024;-6.960179;109.597038;1
6/10/2024;-6.928674;109.687946;1
6/12/2024;-6.862013;110.792075;1
6/26/2024;-6.905597;109.771458;1
6/12/2024;-7.724733;109.523107;1
6/11/2024;-7.436268;109.352573;1
3/20/2024;-6.364405;107.630885;1
6/27/2024;-7.40888;109.880856;1
6/27/2024;-7.387617;109.673827;1
6/27/2024;-7.410853;109.880994;1
4/27/2024;-6.294207;107.359727;1
6/10/2024;-6.928936;109.686815;1
6/11/2024;-6.937331;110.218455;1
6/24/2024;-6.678658;110.654195;1
4/29/2024;-6.453335;108.074403;1
6/12/2024;-7.731486;109.726235;1
4/27/2024;-6.293018;107.360571;1
4/28/2024;-6.355111;107.641333;1
6/10/2024;-6.92015;109.683085;1
3/19/2024;-6.329146;108.302319;1
3/18/2024;-6.26105;107.46201;1
6/11/2024;-7.435885;109.352741;1
3/16/2024;-6.148875;107.338619;1
6/12/2024;-7.732639;109.725972;1
6/25/2024;-7.792102;110.247489;1
4/29/2024;-6.38474;108.272281;1
6/26/2024;-6.905919;109.772717;1
6/15/2024;-7.159927;110.404733;1
4/27/2024;-6.260462;107.462491;1
6/12/2024;-7.716353;109.488317;1
2024-05-20;-7.47225621907463;106.2417382602032;0
6/15/2024;-7.160332;110.403597;1
6/10/2024;-6.959909;109.595531;1
6/13/2024;-6.810253;110.965232;1
6/13/2024;-6.812368;110.909505;1
6/12/2024;-7.731517;109.725936;1
6/25/2024;-7.7928;110.246806;1
6/24/2024;-6.714898;110.706481;1
6/13/2024;-6.8098;110.963422;1
6/10/2024;-6.980968;109.05264;1
6/12/2024;-7.749801;109.673875;1
6/24/2024;-6.715438;110.706002;1
6/11/2024;-7.650599;109.208407;1
3/18/2024;-6.33275;107.402195;1
3/20/2024;-6.378452;107.833094;1
4/27/2024;-6.294714;107.357798;1
6/27/2024;-6.897604;109.407154;1
6/12/2024;-7.731533;109.725169;1
6/11/2024;-7.435574;109.352854;1
4/27/2024;-6.193888;107.493337;1
3/16/2024;-6.147925;107.336627;1
4/29/2024;-6.327639;108.303965;1
6/12/2024;-7.725783;109.523825;1
6/12/2024;-7.047845;110.535536;1
6/13/2024;-6.867679;110.871547;1
4/28/2024;-6.3626;107.607549;1
6/26/2024;-6.909906;109.746234;1
2024-12-10;-6.706746900771162;109.06562948020064;0
6/11/2024;-7.426547;109.413677;1
3/16/2024;-6.152549;107.338975;1
6/13/2024;-6.812765;110.911318;1
6/10/2024;-6.921455;109.683928;1
6/15/2024;-7.12376;110.400113;1
3/18/2024;-6.261096;107.464366;1
6/15/2024;-7.122927;110.400293;1
6/11/2024;-7.504128;109.374776;1
6/11/2024;-7.614565;109.152701;1
6/11/2024;-7.426622;109.41329;1
6/28/2024;-6.995286;109.052539;1
6/11/2024;-7.426805;109.411952;1
4/28/2024;-6.362414;107.609504;1
4/29/2024;-6.327199;108.303915;1
3/19/2024;-6.482835;108.075117;1
6/28/2024;-6.970684;109.094905;1
6/28/2024;-6.971236;109.093559;1
6/15/2024;-7.159763;110.404284;1
6/24/2024;-6.652975;110.663002;1
6/10/2024;-6.981265;109.053799;1
6/13/2024;-6.860449;110.867868;1
3/20/2024;-6.365067;107.630704;1
2024-06-15;-7.354276476982759;111.4756088825582;0
3/19/2024;-6.401815;108.323716;1
3/19/2024;-6.401541;108.323924;1
6/11/2024;-6.905039;110.184742;1
2024-05-20;-7.129413525948831;106.48479360075024;0
6/24/2024;-6.653953;110.663959;1
4/27/2024;-6.260239;107.462396;1
3/19/2024;-6.402177;108.324912;1
4/28/2024;-6.367517;107.794745;1
2024-12-10;-6.194911535219415;106.46522973936284;0
6/13/2024;-6.868054;110.869836;1
6/15/2024;-7.123934;110.400853;1
6/12/2024;-7.750222;109.673279;1
6/24/2024;-6.654603;110.663834;1
6/10/2024;-6.929572;109.686834;1
6/11/2024;-6.960635;110.193476;1
4/29/2024;-6.404269;108.32522;1
4/29/2024;-6.480657;108.080552;1
6/11/2024;-6.906349;110.184517;1
6/12/2024;-7.63826;109.558623;1
3/16/2024;-6.152047;107.339423;1
6/10/2024;-6.959385;109.598343;1
6/13/2024;-6.812462;110.807677;1
6/26/2024;-6.901189;109.754746;1
4/27/2024;-6.259076;107.462736;1
6/27/2024;-6.895742;109.406005;1
6/11/2024;-7.649525;109.209373;1
6/12/2024;-7.732386;109.725054;1
6/27/2024;-6.871611;109.390622;1
6/11/2024;-6.959295;110.194534;1
6/13/2024;-6.866774;110.87019;1
6/24/2024;-6.65358;110.664077;1
6/27/2024;-7.38876;109.673826;1
6/11/2024;-7.435398;109.352871;1
6/12/2024;-7.594702;109.450061;1
6/15/2024;-7.159122;110.404015;1
4/29/2024;-6.401568;108.323848;1
6/26/2024;-6.91098;109.746332;1
6/11/2024;-7.650245;109.209377;1
3/18/2024;-6.26195;107.463539;1
6/11/2024;-7.649722;109.295528;1
6/24/2024;-7.782086;109.949378;1
4/28/2024;-6.359162;107.608845;1
3/20/2024;-6.361071;107.60706;1
3/20/2024;-6.364159;107.631857;1
3/20/2024;-6.365882;107.632291;1
6/11/2024;-7.435693;109.352596;1
6/11/2024;-7.426478;109.411421;1
3/19/2024;-6.405316;108.324925;1
3/19/2024;-6.327337;108.302759;1
6/24/2024;-7.846289;110.316031;1
4/27/2024;-6.194433;107.493671;1
6/25/2024;-7.869383;110.196459;1
4/28/2024;-6.362784;107.609204;1
4/29/2024;-6.480945;108.080353;1
4/27/2024;-6.215817;107.342612;1
6/11/2024;-6.97472;110.172365;1
6/27/2024;-6.896413;109.429543;1
6/24/2024;-6.715635;110.706549;1
6/12/2024;-7.594779;109.448682;1
6/11/2024;-6.905597;110.184865;1
4/29/2024;-6.479964;108.080534;1
3/20/2024;-6.365505;107.633416;1
6/24/2024;-6.764063;110.765698;1
3/16/2024;-6.148648;107.336145;1
3/20/2024;-6.362291;107.607961;1
6/12/2024;-7.732384;109.725123;1
6/13/2024;-6.859084;110.867476;1
6/11/2024;-6.960828;110.194638;1
3/19/2024;-6.482299;108.075738;1
6/27/2024;-6.874166;109.382788;1
6/12/2024;-7.638711;109.558168;1
6/11/2024;-6.937612;110.218408;1
6/28/2024;-6.994459;109.054;1
6/24/2024;-6.762955;110.765826;1
6/11/2024;-6.959716;110.195093;1
6/10/2024;-6.959715;109.598455;1
6/24/2024;-6.71568;110.707132;1
3/19/2024;-6.327235;108.304274;1
6/12/2024;-6.851644;110.797586;1
3/18/2024;-6.260304;107.464289;1
3/18/2024;-6.260506;107.463866;1
4/27/2024;-6.295294;107.359322;1
3/19/2024;-6.401649;108.324557;1
3/19/2024;-6.481918;108.076879;1
6/12/2024;-7.714778;109.487885;1
6/24/2024;-6.653706;110.662758;1
6/27/2024;-6.89715;109.406703;1
6/27/2024;-7.411303;109.880087;1
6/15/2024;-7.123256;110.399897;1
4/29/2024;-6.405178;108.324323;1
4/29/2024;-6.480228;108.081799;1
2024-02-10;-6.076515952181964;106.91454088355746;0
6/26/2024;-6.909167;109.747663;1
3/20/2024;-6.435913;107.885289;1
6/11/2024;-7.650399;109.209078;1
6/10/2024;-6.981511;109.052999;1
3/16/2024;-6.152239;107.338291;1
4/28/2024;-6.377286;107.83261;1
6/13/2024;-6.867227;110.871547;1
6/27/2024;-6.875252;109.38242;1
4/27/2024;-6.193596;107.493328;1
6/11/2024;-6.95967;110.194696;1
6/25/2024;-7.793142;110.246558;1
6/13/2024;-6.859766;110.867139;1
6/13/2024;-6.813834;110.8082;1
6/12/2024;-7.725858;109.523878;1
6/26/2024;-6.901042;109.755448;1
6/15/2024;-7.159728;110.404081;1
4/27/2024;-6.21695;107.341378;1
3/19/2024;-6.405492;108.32439;1
6/27/2024;-6.872101;109.39214;1
3/19/2024;-6.482071;108.075434;1
6/27/2024;-7.388693;109.67492;1
6/11/2024;-7.426451;109.413888;1
3/18/2024;-6.332006;107.402818;1
6/11/2024;-7.426048;109.29577;1
3/19/2024;-6.32868;108.304573;1
6/11/2024;-6.960286;110.194827;1
2024-06-15;-6.306213026153451;105.43506422994126;0
3/16/2024;-6.149064;107.338825;1
6/11/2024;-7.649944;109.208415;1
4/27/2024;-6.212258;107.343431;1
6/25/2024;-7.792525;110.247448;1
3/19/2024;-6.404283;108.322828;1
6/11/2024;-6.906803;110.185422;1
6/11/2024;-7.426705;109.411391;1
6/25/2024;-7.793867;110.24717;1
6/11/2024;-7.436226;109.352861;1
4/29/2024;-6.404723;108.324771;1
6/12/2024;-7.594705;109.449865;1
3/19/2024;-6.404944;108.321917;1
3/16/2024;-6.148055;107.339382;1
6/25/2024;-7.869943;110.195965;1
6/12/2024;-7.036177;110.538754;1
4/29/2024;-6.480317;108.081446;1
6/27/2024;-6.894282;109.429631;1
6/10/2024;-6.961043;109.594276;1
6/26/2024;-6.909545;109.748608;1
6/12/2024;-7.73329;109.725574;1
6/11/2024;-7.435887;109.353194;1
6/26/2024;-6.908232;109.748952;1
4/29/2024;-6.384664;108.273126;1
2024-02-10;-5.882258562585589;107.02628366028392;0
3/20/2024;-6.365756;107.632911;1
6/12/2024;-7.750141;109.673278;1
3/18/2024;-6.292657;107.362904;1
2024-01-15;-7.836123795446376;108.77376369600758;0
6/11/2024;-6.960067;110.19363;1
6/10/2024;-6.929723;109.688014;1
4/29/2024;-6.385098;108.275699;1
6/11/2024;-7.503531;109.374673;1
6/13/2024;-6.808919;110.963593;1
6/27/2024;-6.897359;109.406023;1
6/26/2024;-6.910825;109.74646;1
6/12/2024;-7.725673;109.524167;1
2024-11-15;-7.4435351508798995;107.16668643931123;0
6/13/2024;-6.808952;110.963869;1
6/27/2024;-7.409382;109.880968;1
6/11/2024;-7.426219;109.295745;1
4/29/2024;-6.405267;108.324898;1
6/27/2024;-6.89651;109.40593;1
4/26/2024;-6.15022;107.347724;1
6/11/2024;-7.426216;109.294934;1
4/28/2024;-6.368126;107.795408;1
6/13/2024;-6.810085;110.963573;1
6/11/2024;-6.937504;110.219091;1
3/16/2024;-6.14955;107.348014;1
4/27/2024;-6.193585;107.494053;1
6/28/2024;-6.971044;109.093809;1
3/20/2024;-6.36075;107.608569;1
6/12/2024;-6.860577;110.791982;1
6/11/2024;-6.975293;110.171433;1
6/27/2024;-7.411175;109.880405;1
4/27/2024;-6.193883;107.494635;1
3/16/2024;-6.1504;107.348796;1
3/18/2024;-6.291502;107.362443;1
4/28/2024;-6.336157;107.601052;1
3/19/2024;-6.404847;108.325142;1
4/29/2024;-6.403588;108.324229;1
6/26/2024;-6.909597;109.748275;1
6/11/2024;-7.613446;109.151981;1
4/27/2024;-6.234136;107.465868;1
4/28/2024;-6.355833;107.639503;1
4/27/2024;-6.259674;107.460879;1
4/28/2024;-6.337067;107.599702;1
6/24/2024;-7.781579;109.949837;1
6/11/2024;-7.426153;109.412371;1
3/20/2024;-6.365068;107.632717;1
6/27/2024;-7.411305;109.880993;1
6/28/2024;-6.970174;109.094274;1
6/28/2024;-6.971318;109.094685;1
6/12/2024;-7.724784;109.523342;1
6/26/2024;-6.901586;109.754769;1
6/24/2024;-7.78203;109.949194;1
6/13/2024;-6.81058;110.964615;1
4/27/2024;-6.214677;107.344057;1
4/27/2024;-6.292415;107.362584;1
6/11/2024;-7.614261;109.152548;1
4/27/2024;-6.21231;107.343622;1
4/29/2024;-6.403694;108.323936;1
6/11/2024;-7.504687;109.374681;1
6/11/2024;-7.436008;109.352819;1
2024-05-20;-6.654097824301946;106.6297290952868;0
4/27/2024;-6.292661;107.362579;1
3/16/2024;-6.149032;107.336251;1
6/10/2024;-6.921506;109.683081;1
6/15/2024;-7.123761;110.400566;1
6/26/2024;-6.908697;109.748123;1
6/27/2024;-7.387721;109.674034;1
6/13/2024;-6.866589;110.870977;1
3/16/2024;-6.211994;107.343504;1
4/29/2024;-6.455855;108.070827;1
6/15/2024;-7.160027;110.404698;1
6/10/2024;-6.981432;109.053791;1
6/27/2024;-6.874883;109.382489;1
2024-02-10;-7.043359385506523;109.93657595930296;0
4/27/2024;-6.215732;107.341919;1
6/12/2024;-7.732165;109.725528;1
6/24/2024;-7.74181;109.926744;1
6/11/2024;-7.435884;109.352288;1
6/12/2024;-7.733055;109.72588;1
3/18/2024;-6.261957;107.463099;1
6/12/2024;-7.749406;109.672485;1
3/19/2024;-6.383537;108.270617;1
3/18/2024;-6.291799;107.361619;1
6/10/2024;-6.959591;109.594766;1
4/27/2024;-6.233822;107.46456;1
6/10/2024;-6.921557;109.683006;1
6/27/2024;-6.897419;109.406768;1
6/27/2024;-6.896898;109.407227;1
6/11/2024;-6.904858;110.186251;1
6/24/2024;-6.652308;110.66355;1
6/10/2024;-6.961441;109.596829;1
3/18/2024;-6.294969;107.360278;1
3/20/2024;-6.436872;107.884404;1
6/25/2024;-7.869144;110.1966;1
6/26/2024;-6.907155;109.772882;1
6/11/2024;-6.975039;110.170824;1
6/11/2024;-6.93759;110.217862;1
6/24/2024;-7.741987;109.928196;1
4/29/2024;-6.480322;108.080543;1
3/18/2024;-6.261057;107.462192;1
6/11/2024;-7.426606;109.413069;1
4/29/2024;-6.404755;108.324783;1
4/29/2024;-6.385168;108.275895;1
6/25/2024;-7.792752;110.246643;1
6/28/2024;-6.993934;109.053449;1
4/27/2024;-6.215795;107.342269;1
4/28/2024;-6.364861;107.629667;1
4/27/2024;-6.233611;107.603056;1
3/19/2024;-6.401969;108.323244;1
6/28/2024;-6.994406;109.052421;1
6/10/2024;-6.980852;109.052872;1
6/11/2024;-6.905942;110.185611;1
3/16/2024;-6.149094;107.337501;1
6/28/2024;-6.97032;109.094924;1
3/16/2024;-6.148626;107.34925;1
6/10/2024;-6.960105;109.59442;1
6/10/2024;-6.921509;109.683986;1
4/28/2024;-6.368135;107.793601;1
6/27/2024;-7.411417;109.88106;1
6/27/2024;-6.89613;109.406692;1
3/19/2024;-6.384842;108.272972;1
6/12/2024;-7.715322;109.489245;1
4/29/2024;-6.453538;108.075818;1
6/24/2024;-6.654085;110.664577;1
6/26/2024;-6.900657;109.754458;1
6/13/2024;-6.810372;110.963747;1
3/20/2024;-6.365614;107.630693;1
4/27/2024;-6.235435;107.468584;1
6/12/2024;-7.63886;109.55987;1
4/29/2024;-6.455406;108.071024;1
6/11/2024;-6.960399;110.19454;1
6/10/2024;-6.95969;109.595638;1
6/10/2024;-6.960149;109.597899;1
3/20/2024;-6.378964;107.831917;1
4/27/2024;-6.294378;107.359674;1
6/12/2024;-7.048143;110.535691;1
6/11/2024;-7.649522;109.209492;1
6/10/2024;-6.920965;109.683872;1
3/16/2024;-6.147797;107.337196;1
2024-01-15;-6.108920952715508;106.6110296633421;0
6/26/2024;-6.905423;109.770783;1
4/27/2024;-6.192583;107.493535;1
4/28/2024;-6.336785;107.599249;1
6/10/2024;-6.96012;109.598347;1
6/24/2024;-6.653624;110.662642;1
6/24/2024;-7.742844;109.928127;1
4/29/2024;-6.327633;108.304868;1
3/20/2024;-6.362573;107.606761;1
6/10/2024;-6.921752;109.68335;1
6/10/2024;-6.959439;109.596166;1
6/27/2024;-7.387895;109.674437;1
4/27/2024;-6.212253;107.344292;1
6/10/2024;-6.959282;109.596201;1
6/26/2024;-6.909193;109.749757;1
6/15/2024;-7.159846;110.40384;1
6/25/2024;-7.793911;110.247136;1
6/27/2024;-6.874044;109.381153;1
6/15/2024;-7.123979;110.400223;1
6/24/2024;-7.782366;109.949254;1
3/20/2024;-6.435183;107.884002;1
6/27/2024;-7.388162;109.674539;1
6/11/2024;-7.613328;109.152654;1
6/13/2024;-6.811603;110.911383;1
6/12/2024;-7.035293;110.539322;1
6/11/2024;-6.974739;110.170513;1
4/27/2024;-6.234873;107.467325;1
6/24/2024;-6.654489;110.66225;1
3/17/2024;-6.169111;107.345611;1
6/11/2024;-6.974861;110.171076;1
3/18/2024;-6.332339;107.401779;1
6/24/2024;-7.846809;110.315974;1
6/24/2024;-6.715183;110.706908;1
2024-03-20;-7.189427295529756;114.77382525225627;0
4/28/2024;-6.367919;107.793062;1
6/24/2024;-7.84571;110.316041;1
6/11/2024;-6.905119;110.184958;1
6/11/2024;-7.650194;109.209417;1
4/28/2024;-6.336439;107.60048;1
6/28/2024;-6.994092;109.052619;1
3/19/2024;-6.482436;108.074735;1
4/29/2024;-6.454596;108.071263;1
6/12/2024;-7.595471;109.450272;1
3/16/2024;-6.148081;107.340606;1
6/12/2024;-7.732094;109.726285;1
2024-09-15;-6.708035012847257;112.42583637999164;0
6/12/2024;-7.048923;110.535526;1
6/11/2024;-7.426153;109.413863;1
6/11/2024;-6.97446;110.172303;1
4/27/2024;-6.216561;107.342094;1
6/11/2024;-6.960384;110.194241;1
3/16/2024;-6.148235;107.337672;1
6/12/2024;-6.861844;110.791983;1
6/13/2024;-6.867332;110.870391;1
6/11/2024;-6.959068;110.1942;1
6/27/2024;-6.874273;109.380891;1
6/28/2024;-6.971021;109.093577;1
6/11/2024;-6.975397;110.17161;1
6/13/2024;-6.812589;110.90952;1
4/27/2024;-6.194686;107.493918;1
6/13/2024;-6.812055;110.910025;1
3/19/2024;-6.326879;108.303659;1
6/11/2024;-7.504271;109.375115;1
6/24/2024;-6.679036;110.6547;1
6/11/2024;-6.97469;110.17164;1
6/24/2024;-7.780689;109.949789;1
6/11/2024;-6.906174;110.184273;1
6/11/2024;-6.960464;110.194515;1
4/28/2024;-6.360066;107.60885;1
2024-01-15;-7.304796454078369;112.48105925571222;0
6/13/2024;-6.813591;110.807194;1
6/27/2024;-6.874009;109.382434;1
6/11/2024;-7.426118;109.412097;1
3/20/2024;-6.368972;107.792861;1
4/27/2024;-6.194792;107.493341;1
6/11/2024;-7.42683;109.411431;1
6/27/2024;-6.871285;109.390429;1
6/12/2024;-7.716453;109.488097;1
6/11/2024;-7.504679;109.37461;1
6/12/2024;-7.595634;109.449063;1
6/12/2024;-6.850914;110.79778;1
6/10/2024;-6.928774;109.686538;1
6/24/2024;-7.846185;110.315051;1
3/20/2024;-6.43709;107.884078;1
6/28/2024;-6.970592;109.09381;1
6/27/2024;-6.895642;109.429473;1
6/12/2024;-7.724503;109.524336;1
6/24/2024;-7.742901;109.927637;1
6/12/2024;-7.724441;109.523293;1
6/10/2024;-6.920601;109.682631;1
4/29/2024;-6.481622;108.079731;1
3/16/2024;-6.148224;107.338395;1
6/11/2024;-7.425689;109.295109;1
6/13/2024;-6.866926;110.871622;1
3/20/2024;-6.434928;107.88438;1
6/10/2024;-6.9815;109.053417;1
3/16/2024;-6.211885;107.344099;1
6/26/2024;-6.900446;109.754632;1
6/13/2024;-6.860442;110.868834;1
6/26/2024;-6.908476;109.750314;1
6/13/2024;-6.812682;110.806694;1
6/12/2024;-7.731724;109.72492;1
6/13/2024;-6.858835;110.86749;1
6/11/2024;-7.43584;109.352568;1
3/19/2024;-6.454019;108.071908;1
6/28/2024;-6.99474;109.054189;1
4/29/2024;-6.384285;108.27273;1
6/10/2024;-6.928277;109.6873;1
6/11/2024;-6.975006;110.172294;1
6/11/2024;-6.958993;110.194938;1
2024-12-10;-5.958970626955271;107.3142534525998;0
6/10/2024;-6.958816;109.597421;1
6/11/2024;-6.974205;110.170584;1
6/11/2024;-7.426596;109.413181;1
6/11/2024;-7.426624;109.294801;1
3/16/2024;-6.148773;107.336929;1
6/11/2024;-6.9605;110.193938;1
6/12/2024;-7.714856;109.488566;1
2024-08-15;-7.206398350133426;109.89067904596315;0
6/24/2024;-7.742569;109.926695;1
4/29/2024;-6.401833;108.324414;1
4/28/2024;-6.359319;107.607357;1
6/11/2024;-6.975278;110.170818;1
3/20/2024;-6.362023;107.607203;1
6/15/2024;-7.160255;110.403814;1
6/10/2024;-6.92078;109.682804;1
4/28/2024;-6.377604;107.832813;1
6/13/2024;-6.81188;110.910175;1
4/28/2024;-6.378592;107.832636;1
6/27/2024;-6.872191;109.39215;1
6/12/2024;-7.048359;110.534771;1
6/15/2024;-7.123231;110.400048;1
6/11/2024;-6.974581;110.170918;1
3/19/2024;-6.48222;108.074885;1
6/25/2024;-7.870346;110.196125;1
6/11/2024;-7.650541;109.209388;1
6/13/2024;-6.81115;110.910931;1
6/27/2024;-7.41105;109.880357;1
2024-07-20;-5.993128399239637;106.87652171828;0
3/18/2024;-6.294404;107.360695;1
3/16/2024;-6.148873;107.338372;1
6/10/2024;-6.961544;109.597217;1
4/27/2024;-6.193434;107.493787;1
6/24/2024;-6.653963;110.663291;1
6/12/2024;-7.73304;109.725596;1
6/27/2024;-6.894399;109.429633;1
4/27/2024;-6.294035;107.361819;1
6/13/2024;-6.809801;110.963546;1
6/10/2024;-6.921381;109.68276;1
6/28/2024;-6.970208;109.094137;1
3/18/2024;-6.332825;107.401027;1
6/27/2024;-7.38822;109.674717;1
2024-05-20;-7.918319765726287;110.54773460960196;0
6/12/2024;-7.047481;110.536026;1
4/27/2024;-6.212111;107.344209;1
2024-03-20;-6.818092518873642;111.52430280437667;0
6/13/2024;-6.866774;110.871547;1
6/27/2024;-7.38888;109.674903;1
3/19/2024;-6.400596;108.325306;1
3/18/2024;-6.3275;107.461172;1
6/12/2024;-6.851313;110.799062;1
4/29/2024;-6.479854;108.081622;1
2024-03-20;-6.389738667061006;111.18979596943392;0
3/20/2024;-6.36595;107.631677;1
6/27/2024;-6.896961;109.406946;1
4/27/2024;-6.295282;107.359678;1
3/20/2024;-6.364608;107.632056;1
6/12/2024;-7.595654;109.449595;1
3/18/2024;-6.261955;107.463551;1
6/12/2024;-6.851568;110.798897;1
6/11/2024;-6.975557;110.172247;1
6/10/2024;-6.960909;109.597659;1
6/10/2024;-6.961047;109.597253;1
6/11/2024;-6.97427;110.17046;1
6/25/2024;-7.868948;110.196143;1
6/11/2024;-7.426783;109.413623;1
6/26/2024;-6.910419;109.743933;1
4/26/2024;-6.149732;107.348904;1
6/28/2024;-6.995864;109.052353;1
6/10/2024;-6.980632;109.052658;1
4/28/2024;-6.356174;107.640861;1
6/26/2024;-6.908848;109.748387;1
6/27/2024;-6.89604;109.406122;1
2024-10-20;-7.877588528535312;112.10983794441424;0
3/19/2024;-6.454768;108.07241;1
4/28/2024;-6.367814;107.793861;1
6/25/2024;-7.869238;110.196312;1
6/11/2024;-7.426202;109.41377;1
6/27/2024;-6.871433;109.390774;1
6/15/2024;-7.161137;110.403318;1
6/11/2024;-7.42708;109.295706;1
6/10/2024;-6.981258;109.053655;1
6/28/2024;-6.996196;109.053892;1
6/27/2024;-6.874007;109.381446;1
6/13/2024;-6.812507;110.910025;1
6/27/2024;-6.872203;109.39109;1
3/18/2024;-6.331825;107.401708;1
6/12/2024;-7.732431;109.726173;1
6/28/2024;-6.971439;109.095071;1
6/12/2024;-7.726097;109.523491;1
3/16/2024;-6.149098;107.336598;1
4/27/2024;-6.259317;107.462361;1
6/12/2024;-7.724835;109.523573;1
6/27/2024;-6.870749;109.390082;1
6/11/2024;-6.959851;110.194654;1
6/26/2024;-6.900548;109.753885;1
3/20/2024;-6.362185;107.606222;1
6/11/2024;-6.959598;110.19513;1
6/27/2024;-6.895929;109.430194;1
6/12/2024;-7.595834;109.449105;1
6/27/2024;-6.89578;109.430331;1
6/12/2024;-7.732942;109.725099;1
6/15/2024;-7.484889;110.70425;1
6/24/2024;-6.654244;110.663261;1
2024-11-15;-6.163382146415063;106.72101326510024;0
6/11/2024;-7.504315;109.375321;1
2024-04-15;-7.649877871415844;109.0770390367088;0
6/13/2024;-6.809779;110.963437;1
6/28/2024;-6.993523;109.052492;1
6/11/2024;-6.974776;110.170767;1
6/27/2024;-6.874513;109.382147;1
6/12/2024;-7.594896;109.448469;1
6/27/2024;-6.871799;109.39113;1
6/12/2024;-7.594744;109.448403;1
4/28/2024;-6.3552;107.641949;1
3/20/2024;-6.379358;107.832648;1
4/27/2024;-6.294214;107.360167;1
6/11/2024;-7.426417;109.413472;1
6/15/2024;-7.122856;110.400114;1
4/29/2024;-6.454453;108.076213;1
6/24/2024;-7.742018;109.928492;1
6/10/2024;-6.930001;109.688441;1
4/29/2024;-6.384459;108.275647;1
6/11/2024;-7.425727;109.295269;1
3/20/2024;-6.362625;107.60775;1
4/27/2024;-6.212194;107.344403;1
6/12/2024;-7.725406;109.52388;1
6/11/2024;-7.426553;109.41391;1
6/12/2024;-7.748684;109.673237;1
4/27/2024;-6.214588;107.343632;1
4/27/2024;-6.214907;107.343963;1
6/12/2024;-6.851371;110.796881;1
6/28/2024;-6.994267;109.052806;1
6/13/2024;-6.859174;110.868645;1
2024-02-10;-5.658264741018892;107.03872134030247;0
6/26/2024;-6.901822;109.756386;1
6/12/2024;-6.861526;110.791398;1
6/27/2024;-7.411304;109.88054;1
6/27/2024;-6.87371;109.382438;1
4/27/2024;-6.193383;107.495887;1
6/10/2024;-6.928741;109.687398;1
4/27/2024;-6.216951;107.342735;1
6/15/2024;-7.499583;110.771167;1
6/24/2024;-6.653339;110.663714;1
6/24/2024;-7.846686;110.315236;1
3/20/2024;-6.256167;107.456361;1
6/28/2024;-6.971421;109.093542;1
6/12/2024;-7.047454;110.535565;1
6/26/2024;-6.905513;109.7727;1
6/11/2024;-7.426747;109.295327;1
3/19/2024;-6.402218;108.32382;1
4/27/2024;-6.258975;107.461969;1
3/19/2024;-6.401249;108.32535;1
6/12/2024;-7.715982;109.488656;1
3/19/2024;-6.45455;108.071952;1
6/11/2024;-7.50395;109.374387;1
3/19/2024;-6.40228;108.323282;1
3/19/2024;-6.401145;108.324694;1
4/28/2024;-6.362775;107.607869;1
2024-06-15;-6.046211063694173;107.1024367414388;0
3/20/2024;-6.43712;107.885608;1
2024-07-20;-7.57030833006711;113.17976599896994;0
2024-04-15;-7.45409749056424;108.0206549255988;0
6/26/2024;-6.907717;109.750048;1
4/27/2024;-6.234816;107.468382;1
6/27/2024;-6.897045;109.429973;1
4/28/2024;-6.363505;107.607581;1
6/11/2024;-6.97538;110.172006;1
6/11/2024;-6.959474;110.193794;1
3/20/2024;-6.43508;107.885794;1
4/27/2024;-6.234581;107.466016;1
3/16/2024;-6.148624;107.339824;1
6/10/2024;-6.920701;109.682298;1
6/11/2024;-7.504333;109.374628;1
4/27/2024;-6.216275;107.341259;1
6/15/2024;-7.123218;110.400421;1
6/10/2024;-6.92101;109.682227;1
6/10/2024;-6.928752;109.687134;1
6/13/2024;-6.811155;110.911231;1
6/13/2024;-6.809668;110.963446;1
4/29/2024;-6.404606;108.324283;1
3/20/2024;-6.378246;107.832139;1
4/29/2024;-6.481386;108.079836;1
6/27/2024;-6.873694;109.381884;1
3/19/2024;-6.401542;108.323339;1
4/29/2024;-6.479767;108.079293;1
6/12/2024;-7.724496;109.523686;1
6/12/2024;-6.85152;110.798068;1
6/11/2024;-7.435536;109.353133;1
2024-04-15;-7.825485931913269;111.8567558249104;0
6/13/2024;-6.862879;110.857478;1
4/29/2024;-6.480717;108.081886;1
6/26/2024;-7.318306;110.473806;1
6/11/2024;-7.426818;109.294711;1
6/11/2024;-6.975263;110.171237;1
6/10/2024;-6.929012;109.688522;1
3/19/2024;-6.402152;108.325356;1
6/11/2024;-6.906036;110.185759;1
3/18/2024;-6.261023;107.462696;1
3/19/2024;-6.329137;108.303673;1
2024-01-15;-5.987306224743676;107.17840267144796;0
6/12/2024;-7.595631;109.450002;1
6/12/2024;-7.725368;109.524403;1
6/10/2024;-6.960037;109.597549;1
6/11/2024;-6.974971;110.172061;1
6/25/2024;-7.793787;110.246664;1
4/29/2024;-6.455087;108.070908;1
3/16/2024;-6.149111;107.347986;1
6/28/2024;-6.994037;109.053463;1
6/25/2024;-7.792807;110.247063;1
6/24/2024;-6.65334;110.664619;1
6/24/2024;-6.654881;110.663968;1
4/28/2024;-6.355273;107.6409;1
6/13/2024;-6.813253;110.806042;1
6/11/2024;-6.974861;110.171334;1
6/12/2024;-7.715332;109.487653;1
3/20/2024;-6.365062;107.631607;1
6/11/2024;-6.974711;110.171394;1
6/13/2024;-6.812929;110.806853;1
4/27/2024;-6.19433;107.495597;1
4/27/2024;-6.292125;107.361883;1
4/27/2024;-6.259726;107.46121;1
4/28/2024;-6.367541;107.793568;1
6/10/2024;-6.928587;109.687754;1
4/27/2024;-6.259575;107.46213;1
6/27/2024;-6.89704;109.405907;1
4/29/2024;-6.452831;108.074204;1
6/24/2024;-6.763648;110.765679;1
6/11/2024;-6.974348;110.170467;1
3/19/2024;-6.328703;108.300962;1
6/10/2024;-6.920564;109.683418;1
6/10/2024;-6.981546;109.053529;1
6/12/2024;-7.047604;110.534281;1
4/26/2024;-6.149292;107.349765;1
3/18/2024;-6.261059;107.46174;1
6/10/2024;-6.928876;109.688102;1
4/29/2024;-6.454088;108.074906;1
6/27/2024;-6.870719;109.391368;1
6/24/2024;-6.653253;110.664452;1
2024-06-15;-7.348542841758672;107.77556710704177;0
3/20/2024;-6.365322;107.632099;1
6/11/2024;-6.960431;110.19394;1
6/13/2024;-6.862597;110.856756;1
3/19/2024;-6.40064;108.32458;1
3/19/2024;-6.402166;108.323099;1
6/12/2024;-7.749593;109.674441;1
6/12/2024;-7.725459;109.523166;1
4/28/2024;-6.378613;107.833474;1
4/29/2024;-6.480771;108.080998;1
6/24/2024;-6.653792;110.663714;1
6/27/2024;-6.895302;109.43009;1
6/10/2024;-6.920822;109.683849;1
3/19/2024;-6.481562;108.077018;1
6/24/2024;-7.845863;110.316055;1
6/24/2024;-7.781029;109.949127;1
6/11/2024;-7.504179;109.375866;1
6/25/2024;-7.791954;110.246948;1
6/27/2024;-6.874024;109.380831;1
6/10/2024;-6.959237;109.595186;1
3/20/2024;-6.360668;107.607196;1
2024-06-15;-7.778686985648974;110.86096132687184;0
4/27/2024;-6.260098;107.461716;1
6/12/2024;-7.047028;110.535574;1
6/11/2024;-6.938196;110.219148;1
2024-01-15;-6.775337659579781;110.51710240534145;0
6/26/2024;-6.899577;109.754074;1
6/26/2024;-6.900159;109.754449;1
6/24/2024;-7.846884;110.315001;1
4/29/2024;-6.383608;108.276944;1
6/11/2024;-6.937622;110.219167;1
4/29/2024;-6.48022;108.078918;1
6/15/2024;-7.160861;110.403781;1
3/20/2024;-6.365335;107.633161;1
6/12/2024;-7.715929;109.488121;1
6/12/2024;-7.048695;110.535423;1
6/28/2024;-6.993875;109.053331;1
6/28/2024;-6.994036;109.052803;1
6/12/2024;-7.047093;110.536056;1
6/10/2024;-6.960469;109.595246;1
6/12/2024;-7.749717;109.673953;1
6/28/2024;-6.96969;109.094266;1
6/11/2024;-7.650299;109.208327;1
4/27/2024;-6.295228;107.357587;1
6/27/2024;-7.388399;109.673772;1
6/27/2024;-6.894473;109.428968;1
6/24/2024;-6.715273;110.707818;1
6/11/2024;-7.426786;109.41368;1
6/26/2024;-6.905761;109.771375;1
6/12/2024;-7.74888;109.674134;1
6/27/2024;-6.895597;109.428646;1
6/13/2024;-6.810459;110.963467;1
3/19/2024;-6.402169;108.324837;1
3/19/2024;-6.401201;108.324848;1
6/11/2024;-6.9373;110.21787;1
6/12/2024;-7.732838;109.725575;1
6/13/2024;-6.810594;110.965011;1
3/19/2024;-6.403509;108.324913;1
3/18/2024;-6.292699;107.362526;1
3/20/2024;-6.364147;107.63386;1
3/18/2024;-6.261905;107.462552;1
3/19/2024;-6.401252;108.324898;1
6/12/2024;-7.749801;109.673808;1
4/27/2024;-6.260355;107.46166;1
6/11/2024;-6.960183;110.193477;1
6/10/2024;-6.959696;109.595911;1
6/27/2024;-6.896144;109.406841;1
4/27/2024;-6.294954;107.359515;1
6/26/2024;-6.910218;109.744537;1
6/28/2024;-6.995026;109.053425;1
6/26/2024;-6.906497;109.772869;1
6/11/2024;-7.425969;109.295617;1
6/27/2024;-6.87194;109.391718;1
4/27/2024;-6.212698;107.343475;1
6/11/2024;-6.905521;110.185173;1
4/27/2024;-6.295249;107.358097;1
3/16/2024;-6.211499;107.344018;1
4/29/2024;-6.401296;108.324344;1
4/26/2024;-6.149581;107.347991;1
3/19/2024;-6.455191;108.072676;1
6/11/2024;-7.426396;109.412991;1
2024-07-20;-6.7712350964591606;112.5251680402683;0
6/11/2024;-7.504607;109.375559;1
4/28/2024;-6.368585;107.794055;1
6/13/2024;-6.811859;110.910913;1
6/10/2024;-6.960016;109.598119;1
6/11/2024;-7.426704;109.413731;1
3/16/2024;-6.212584;107.343883;1
4/29/2024;-6.384656;108.272295;1
6/28/2024;-6.994492;109.053168;1
6/15/2024;-7.124133;110.400801;1
6/28/2024;-6.969963;109.094845;1
6/11/2024;-6.974791;110.17234;1
6/24/2024;-7.781481;109.949125;1
2024-01-15;-5.672461743710668;105.35491645040362;0
6/10/2024;-6.920562;109.682869;1
2024-03-20;-7.139224941295267;109.23646037107356;0
4/26/2024;-6.149246;107.348674;1
6/11/2024;-7.426593;109.412102;1
2024-04-15;-7.294419999683881;113.7027869568158;0
3/20/2024;-6.364032;107.631651;1
6/11/2024;-6.974167;110.170326;1
3/20/2024;-6.365968;107.63116;1
6/11/2024;-6.974558;110.172354;1
6/11/2024;-6.905614;110.186169;1
3/18/2024;-6.333191;107.402007;1
6/13/2024;-6.81242;110.806834;1
4/29/2024;-6.404281;108.323672;1
2024-12-10;-6.174055982722284;106.62203214298071;0
6/10/2024;-6.981604;109.052995;1
6/12/2024;-7.035039;110.536777;1
4/29/2024;-6.384734;108.273184;1
6/10/2024;-6.929654;109.686226;1
6/25/2024;-7.792511;110.247734;1
6/11/2024;-6.936519;110.218526;1
2024-06-15;-8.03405326596346;115.4583603777224;0
4/29/2024;-6.480678;108.08163;1
3/20/2024;-6.362465;107.607153;1
6/24/2024;-6.715736;110.706853;1
4/27/2024;-6.214442;107.34397;1
6/26/2024;-6.910389;109.744508;1
6/12/2024;-7.715997;109.489266;1
6/24/2024;-7.741533;109.927743;1
4/28/2024;-6.378575;107.832217;1
4/29/2024;-6.384235;108.276334;1
6/27/2024;-6.894547;109.430272;1
6/10/2024;-6.921136;109.683636;1
3/18/2024;-6.333692;107.401776;1
6/24/2024;-7.782142;109.948507;1
2024-12-10;-7.565554596773427;111.67075077068064;0
6/11/2024;-7.615013;109.151793;1
6/11/2024;-7.426814;109.412014;1
6/12/2024;-7.750375;109.673267;1
2024-02-10;-8.262100999940044;111.52993619021017;0
6/12/2024;-7.715938;109.48901;1
6/10/2024;-6.959539;109.594541;1
6/10/2024;-6.959234;109.598677;1
4/28/2024;-6.359961;107.609138;1
6/12/2024;-7.595268;109.449985;1
6/28/2024;-6.994662;109.05276;1
2024-04-15;-6.1313733404110575;107.04628714807076;0
6/26/2024;-6.901325;109.755741;1
6/11/2024;-6.959789;110.193997;1
2024-11-15;-7.598929097273245;112.6198775241892;0
6/11/2024;-7.614563;109.152248;1
4/28/2024;-6.363685;107.607965;1
6/28/2024;-6.994301;109.053445;1
6/24/2024;-6.652651;110.662853;1
6/12/2024;-6.851371;110.799144;1
4/27/2024;-6.291369;107.356822;1
3/18/2024;-6.332476;107.401434;1
4/27/2024;-6.214676;107.34248;1
6/13/2024;-6.812929;110.807305;1
6/11/2024;-6.960406;110.193614;1
6/11/2024;-6.975069;110.171726;1
6/26/2024;-6.909835;109.745376;1
6/11/2024;-7.426021;109.411441;1
4/28/2024;-6.379209;107.833297;1
2024-01-15;-7.34838478401528;106.67104446101156;0
6/11/2024;-6.906423;110.184567;1
6/10/2024;-6.928629;109.687711;1
6/27/2024;-6.89686;109.428797;1
6/10/2024;-6.929138;109.688492;1
6/11/2024;-7.65068;109.209614;1
4/29/2024;-6.327173;108.306219;1
6/11/2024;-6.975492;110.17224;1
6/15/2024;-7.122764;110.400733;1
3/19/2024;-6.481391;108.076635;1
6/11/2024;-7.650059;109.208283;1
6/27/2024;-6.896246;109.406706;1
6/15/2024;-7.159961;110.403918;1
3/19/2024;-6.404717;108.325178;1
4/28/2024;-6.368725;107.794452;1
4/26/2024;-6.148901;107.348764;1
6/26/2024;-6.901355;109.75644;1
6/12/2024;-7.714878;109.488849;1
4/29/2024;-6.455541;108.070459;1
6/11/2024;-6.959179;110.194589;1
6/11/2024;-7.435781;109.353747;1
4/27/2024;-6.194499;107.495804;1
6/15/2024;-7.160626;110.40411;1
4/29/2024;-6.403369;108.324763;1
6/13/2024;-6.812309;110.806286;1
4/28/2024;-6.368138;107.79315;1
6/11/2024;-6.960878;110.194589;1
6/27/2024;-7.411266;109.880682;1
6/27/2024;-6.895575;109.429114;1
3/20/2024;-6.435201;107.884486;1
6/24/2024;-7.7806;109.948621;1
3/20/2024;-6.378005;107.832189;1
6/11/2024;-6.905114;110.186172;1
3/16/2024;-6.147801;107.337913;1
3/19/2024;-6.454278;108.071306;1
4/27/2024;-6.217255;107.342244;1
6/24/2024;-6.763611;110.766151;1
3/19/2024;-6.404603;108.324303;1
6/12/2024;-7.638252;109.558631;1
6/12/2024;-7.595672;109.44874;1
3/20/2024;-6.363248;107.632953;1
6/13/2024;-6.812507;110.91093;1
2024-09-15;-5.871395858024471;106.58852317067615;0
6/10/2024;-6.958996;109.598419;1
4/28/2024;-6.337226;107.599291;1
6/10/2024;-6.929599;109.687358;1
4/29/2024;-6.404181;108.324421;1
6/11/2024;-6.960704;110.194431;1
6/12/2024;-7.724684;109.524559;1
6/27/2024;-7.388743;109.674912;1
6/10/2024;-6.982091;109.052943;1
6/11/2024;-6.905397;110.185056;1
6/24/2024;-6.763947;110.766184;1
4/29/2024;-6.385075;108.273513;1
3/18/2024;-6.291124;107.361718;1
6/27/2024;-6.897144;109.405902;1
3/16/2024;-6.148463;107.337436;1
4/27/2024;-6.235255;107.468627;1
6/11/2024;-7.435403;109.353115;1
4/28/2024;-6.368587;107.793604;1
6/26/2024;-6.90709;109.77323;1
6/10/2024;-6.920925;109.68359;1
6/25/2024;-7.792487;110.246991;1
6/12/2024;-7.639168;109.559526;1
6/10/2024;-6.959795;109.594724;1
6/11/2024;-7.614445;109.152228;1
6/10/2024;-6.959572;109.595603;1
6/13/2024;-6.86817;110.870614;1
6/15/2024;-7.159312;110.404467;1
6/27/2024;-7.388794;109.674909;1
4/29/2024;-6.454382;108.074922;1
6/26/2024;-6.909922;109.746915;1
6/12/2024;-7.724345;109.524095;1
6/28/2024;-6.995462;109.053762;1
4/28/2024;-6.355924;107.639957;1
6/26/2024;-6.906047;109.772453;1
6/24/2024;-7.741817;109.926502;1
6/24/2024;-7.781318;109.949976;1
3/18/2024;-6.332161;107.402069;1
6/11/2024;-6.960344;110.194808;1
3/16/2024;-6.152703;107.338872;1
6/11/2024;-6.974614;110.17114;1
6/27/2024;-6.871774;109.391295;1
6/25/2024;-7.868691;110.196148;1
6/11/2024;-7.50393;109.375144;1
3/18/2024;-6.261506;107.463585;1
3/18/2024;-6.333361;107.401877;1
6/24/2024;-6.714547;110.706598;1
6/11/2024;-6.975109;110.170224;1
6/10/2024;-6.958606;109.597472;1
4/28/2024;-6.337979;107.600028;1
6/26/2024;-6.899914;109.754678;1
4/28/2024;-6.359671;107.608534;1
3/20/2024;-6.363779;107.631797;1
6/24/2024;-7.845567;110.315168;1
6/24/2024;-6.715731;110.707375;1
2024-11-15;-8.476040448682337;111.67381135546545;0
6/11/2024;-6.974833;110.170505;1
2024-04-15;-7.859143381881559;109.26173780952588;0
6/15/2024;-7.159482;110.403571;1
6/10/2024;-6.929694;109.686524;1
6/25/2024;-7.793077;110.247163;1
6/12/2024;-7.731524;109.725445;1
6/11/2024;-7.42572;109.294805;1
6/27/2024;-6.895591;109.430334;1
6/12/2024;-7.714876;109.48811;1
6/12/2024;-7.716263;109.487706;1
6/11/2024;-6.960465;110.193598;1
6/11/2024;-7.42607;109.294981;1
6/25/2024;-7.793229;110.246791;1
6/10/2024;-6.959613;109.595094;1
6/11/2024;-6.958613;110.194329;1
3/20/2024;-6.436915;107.88565;1
6/26/2024;-6.908115;109.747824;1
6/27/2024;-7.409462;109.881308;1
4/27/2024;-6.216273;107.341711;1
6/11/2024;-7.426031;109.412269;1
4/26/2024;-6.14893;107.348411;1
6/24/2024;-6.714677;110.707989;1
6/12/2024;-6.859901;110.791457;1
4/29/2024;-6.40202;108.323851;1
3/18/2024;-6.293373;107.362854;1
4/29/2024;-6.454033;108.072417;1
6/11/2024;-7.650226;109.209774;1
6/24/2024;-7.781028;109.948673;1
6/28/2024;-6.971091;109.094096;1
6/11/2024;-6.960535;110.194757;1
3/19/2024;-6.382713;108.270762;1
6/24/2024;-6.652887;110.664167;1
4/28/2024;-6.368474;107.795302;1
3/18/2024;-6.261053;107.463095;1
6/10/2024;-6.960592;109.59473;1
6/12/2024;-7.638713;109.558622;1
4/29/2024;-6.327179;108.305316;1
6/28/2024;-6.995053;109.053637;1
6/26/2024;-6.910243;109.745603;1
4/27/2024;-6.234681;107.467358;1
2024-08-15;-6.783372651604149;107.23641519420602;0
2024-11-15;-5.819908472970632;106.78265139075386;0
3/20/2024;-6.364825;107.633489;1
6/15/2024;-7.158838;110.404546;1
6/10/2024;-6.981246;109.05348;1
6/12/2024;-7.726014;109.524396;1
3/20/2024;-6.368917;107.793222;1
6/24/2024;-6.654834;110.663132;1
6/27/2024;-6.875304;109.382915;1
6/13/2024;-6.812634;110.909791;1
6/10/2024;-6.959592;109.597819;1
6/13/2024;-6.861795;110.857519;1
6/27/2024;-6.896582;109.429545;1
3/16/2024;-6.148636;107.338854;1
6/11/2024;-6.960854;110.194072;1
3/20/2024;-6.365586;107.6317;1
4/29/2024;-6.481085;108.081487;1
6/13/2024;-6.810431;110.964361;1
4/28/2024;-6.36858;107.794958;1
6/10/2024;-6.960665;109.593884;1
3/16/2024;-6.147872;107.339886;1
6/27/2024;-7.410969;109.880299;1
6/12/2024;-7.036996;110.538774;1
6/11/2024;-7.503786;109.375591;1
6/12/2024;-7.595302;109.450337;1
2024-11-15;-6.228268838312585;107.48814997905536;0
4/27/2024;-6.234293;107.468669;1
2024-12-10;-6.188678162488198;106.54239192953337;0
2024-08-15;-8.362401766951216;113.93551194124852;0
6/11/2024;-7.425888;109.294707;1
4/27/2024;-6.292362;107.360511;1
6/25/2024;-7.793529;110.246667;1
6/11/2024;-6.974797;110.171453;1
4/27/2024;-6.295326;107.357669;1
6/15/2024;-7.124125;110.399675;1
6/10/2024;-6.959084;109.595482;1
6/12/2024;-7.035068;110.537157;1
4/27/2024;-6.234285;107.464848;1
3/20/2024;-6.37845;107.833546;1
6/24/2024;-7.742438;109.927741;1
6/26/2024;-6.909919;109.74601;1
3/16/2024;-6.211605;107.343923;1
6/12/2024;-7.731923;109.725793;1
4/29/2024;-6.455347;108.070215;1
4/28/2024;-6.368939;107.792694;1
4/29/2024;-6.327188;108.303962;1
6/13/2024;-6.813037;110.806208;1
4/28/2024;-6.359518;107.608046;1
6/15/2024;-7.123119;110.400374;1
2024-10-20;-5.857230455500425;107.17801291014426;0
3/18/2024;-6.260762;107.463608;1
4/27/2024;-6.292352;107.360899;1
6/28/2024;-6.995113;109.054127;1
4/27/2024;-6.258351;107.461637;1
6/24/2024;-7.742424;109.926461;1
6/10/2024;-6.982465;109.053173;1
3/18/2024;-6.332742;107.401553;1
6/24/2024;-7.847098;110.315949;1
6/26/2024;-7.318278;110.473622;1
6/11/2024;-7.426539;109.413438;1
6/27/2024;-7.38834;109.674472;1
4/27/2024;-6.293654;107.36032;1
6/24/2024;-7.741923;109.928125;1
3/19/2024;-6.400955;108.325853;1
6/13/2024;-6.811712;110.806341;1
4/27/2024;-6.258498;107.462083;1
6/12/2024;-7.7243;109.523654;1
6/10/2024;-6.980657;109.053137;1
4/28/2024;-6.378931;107.832203;1
6/27/2024;-7.409655;109.881346;1
6/27/2024;-6.896654;109.428592;1
6/10/2024;-6.921289;109.683041;1
6/12/2024;-7.595097;109.449217;1
6/24/2024;-6.654696;110.663713;1
6/24/2024;-6.763158;110.765246;1
6/27/2024;-6.897124;109.406072;1
3/20/2024;-6.365064;107.631155;1
4/28/2024;-6.359228;107.609296;1
6/11/2024;-6.958875;110.193989;1
6/10/2024;-6.921182;109.683926;1
6/27/2024;-6.896947;109.406787;1
6/24/2024;-6.715038;110.706952;1
6/12/2024;-7.731741;109.725759;1
2024-04-15;-7.175150216932661;114.86462352675407;0
6/24/2024;-7.845834;110.31543;1
6/11/2024;-7.426797;109.412937;1
6/11/2024;-7.613657;109.151799;1
6/13/2024;-6.809348;110.964327;1
6/10/2024;-6.928756;109.688491;1
2024-01-15;-6.745036397663807;110.3071109427374;0
6/12/2024;-7.638794;109.558304;1
6/12/2024;-7.715351;109.487725;1
6/15/2024;-7.161247;110.40344;1
6/27/2024;-6.897548;109.406486;1
6/27/2024;-7.409633;109.880824;1
6/24/2024;-6.652337;110.663654;1
4/27/2024;-6.234677;107.468241;1
6/27/2024;-7.410236;109.880794;1
6/13/2024;-6.859989;110.867024;1
6/10/2024;-6.982391;109.0536;1
6/24/2024;-6.715703;110.707417;1
3/18/2024;-6.294925;107.359509;1
6/12/2024;-7.638259;109.55817;1
6/25/2024;-7.793258;110.246609;1
4/29/2024;-6.453886;108.071097;1
6/27/2024;-6.871098;109.390416;1
4/27/2024;-6.214115;107.343006;1
3/18/2024;-6.261756;107.461983;1
6/27/2024;-6.87463;109.381355;1
6/12/2024;-6.851464;110.798925;1
6/28/2024;-6.971096;109.094913;1
3/18/2024;-6.26197;107.461814;1
3/20/2024;-6.362025;107.606751;1
2024-09-15;-7.002257607987935;114.296749929;0
6/26/2024;-6.907752;109.749493;1
6/26/2024;-6.909472;109.747821;1
6/27/2024;-6.875343;109.382411;1
6/12/2024;-7.035872;110.538404;1
6/27/2024;-6.871791;109.390636;1
6/11/2024;-6.974672;110.171128;1
6/10/2024;-6.928754;109.687586;1
6/12/2024;-7.725476;109.523254;1
4/27/2024;-6.292919;107.361581;1
6/12/2024;-7.74896;109.6743;1
6/24/2024;-6.763744;110.766083;1
6/12/2024;-7.59586;109.448777;1
6/12/2024;-7.715822;109.48862;1
6/15/2024;-7.156222;110.404472;1
4/27/2024;-6.211114;107.343424;1
6/25/2024;-7.793791;110.247207;1
3/18/2024;-6.261293;107.463595;1
6/13/2024;-6.862656;110.857995;1
6/24/2024;-6.654221;110.664402;1
4/27/2024;-6.211292;107.343947;1
6/10/2024;-6.921213;109.684165;1
6/12/2024;-7.047312;110.534056;1
3/19/2024;-6.404308;108.324832;1
6/11/2024;-6.974937;110.172374;1
6/27/2024;-7.388322;109.674331;1
6/13/2024;-6.866755;110.871399;1
6/14/2024;-7.644528;110.699944;1
6/12/2024;-6.851138;110.797088;1
6/11/2024;-7.426405;109.295679;1
2024-10-20;-7.585570146282173;111.45348120390304;0
6/11/2024;-7.435481;109.352849;1
6/12/2024;-7.726089;109.523417;1
4/28/2024;-6.360904;107.608922;1
6/13/2024;-6.866793;110.870823;1
6/24/2024;-7.780575;109.948674;1
6/10/2024;-6.9603;109.594945;1
3/18/2024;-6.261507;107.462646;1
6/13/2024;-6.810157;110.96417;1
4/29/2024;-6.455491;108.071121;1
4/28/2024;-6.356104;107.64012;1
6/10/2024;-6.959687;109.596097;1
6/13/2024;-6.810384;110.963937;1
4/27/2024;-6.259338;107.46281;1
6/12/2024;-7.595727;109.449272;1
6/27/2024;-6.895582;109.428964;1
3/16/2024;-6.149112;107.340567;1
6/24/2024;-6.653367;110.664849;1
6/15/2024;-7.160834;110.403992;1
6/28/2024;-6.969854;109.094686;1
3/16/2024;-6.14781;107.338924;1
6/27/2024;-6.875283;109.382695;1
3/20/2024;-6.436435;107.885802;1
6/27/2024;-6.872433;109.39127;1
6/27/2024;-7.410425;109.880593;1
6/10/2024;-6.920748;109.683959;1
4/29/2024;-6.480519;108.081905;1
6/27/2024;-6.896323;109.406987;1
6/26/2024;-6.907729;109.748424;1
6/27/2024;-6.89483;109.430053;1
3/16/2024;-6.148194;107.336594;1
6/24/2024;-6.763808;110.765667;1
6/13/2024;-6.810282;110.964161;1
6/12/2024;-7.595404;109.448853;1
4/27/2024;-6.234545;107.465764;1
6/15/2024;-7.124171;110.400715;1
6/15/2024;-7.160372;110.4038;1
4/27/2024;-6.212689;107.344;1
6/27/2024;-6.871323;109.390051;1
4/27/2024;-6.234948;107.467736;1
6/24/2024;-6.714526;110.706422;1
6/11/2024;-6.959825;110.193676;1
6/26/2024;-6.900482;109.754051;1
6/11/2024;-6.960656;110.194713;1
4/27/2024;-6.212371;107.344052;1
6/12/2024;-7.724438;109.524463;1
3/16/2024;-6.148441;107.336935;1
4/26/2024;-6.148822;107.349853;1
4/27/2024;-6.194027;107.494499;1
6/24/2024;-6.714613;110.707411;1
6/26/2024;-6.908895;109.750409;1
4/28/2024;-6.377536;107.832534;1
6/24/2024;-6.653792;110.664166;1
3/16/2024;-6.212349;107.343871;1
3/16/2024;-6.148767;107.340612;1
6/27/2024;-7.388287;109.674039;1
6/11/2024;-7.613448;109.15162;1
4/28/2024;-6.367227;107.7945;1
6/12/2024;-7.595733;109.448526;1
3/18/2024;-6.333355;107.400407;1
6/11/2024;-7.426544;109.413648;1
2024-02-10;-5.9615496564934425;107.49907272986182;0
6/12/2024;-7.639348;109.559846;1
3/19/2024;-6.482167;108.075806;1
6/26/2024;-6.908422;109.748565;1
6/11/2024;-6.960525;110.194501;1
6/12/2024;-7.731525;109.72537;1
6/13/2024;-6.809118;110.96357;1
6/26/2024;-6.909475;109.749178;1
2024-11-15;-7.688115397946279;113.6615960415348;0
6/11/2024;-6.974408;110.171959;1
6/24/2024;-6.652887;110.663262;1
6/28/2024;-6.994899;109.053434;1
6/28/2024;-6.995886;109.054033;1
4/29/2024;-6.404234;108.325424;1
6/11/2024;-7.434915;109.353324;1
4/28/2024;-6.338287;107.599895;1
3/19/2024;-6.4016;108.324305;1
6/26/2024;-6.90644;109.773044;1
6/26/2024;-6.910613;109.746378;1
6/11/2024;-7.613658;109.152252;1
3/19/2024;-6.454139;108.071901;1
6/25/2024;-7.792743;110.247249;1
6/24/2024;-6.654243;110.662808;1
4/29/2024;-6.454159;108.074966;1
6/15/2024;-7.12376;110.39966;1
6/24/2024;-6.715004;110.706536;1
3/20/2024;-6.361845;107.606684;1
6/24/2024;-7.845691;110.315878;1
6/11/2024;-7.426337;109.412236;1
6/11/2024;-6.959245;110.194596;1
4/27/2024;-6.192974;107.495591;1
3/16/2024;-6.149389;107.337861;1
4/27/2024;-6.211953;107.34327;1
6/12/2024;-7.72515;109.523387;1
4/28/2024;-6.367681;107.79405;1
6/24/2024;-6.679072;110.654769;1
6/13/2024;-6.867226;110.869737;1
4/28/2024;-6.363551;107.608939;1
6/27/2024;-6.87387;109.382902;1
6/11/2024;-7.426201;109.41311;1
2024-07-20;-6.14998467345672;107.4385406906558;0
3/19/2024;-6.401703;108.324901;1
6/24/2024;-7.741534;109.928197;1
6/10/2024;-6.921623;109.683949;1
2024-10-20;-5.831711246214086;107.17492545855008;0
6/10/2024;-6.981423;109.053634;1
4/29/2024;-6.481491;108.080781;1
3/18/2024;-6.261435;107.46447;1
3/20/2024;-6.36506;107.632059;1
6/13/2024;-6.814159;110.807888;1
4/28/2024;-6.337439;107.599724;1
3/20/2024;-6.361532;107.606786;1
6/12/2024;-7.749386;109.673562;1
3/19/2024;-6.481639;108.076861;1
6/11/2024;-6.974248;110.170317;1
6/27/2024;-6.870947;109.391622;1
6/10/2024;-6.960148;109.597446;1
3/16/2024;-6.14885;107.338117;1
6/24/2024;-6.653179;110.664629;1
4/29/2024;-6.453913;108.074032;1
6/12/2024;-7.725179;109.52353;1
4/27/2024;-6.258036;107.455456;1
6/12/2024;-7.724943;109.524089;1
4/28/2024;-6.362327;107.60841;1
4/28/2024;-6.377489;107.833326;1
4/29/2024;-6.480175;108.081341;1
4/29/2024;-6.454145;108.071389;1
6/11/2024;-7.504139;109.375167;1
6/13/2024;-6.810423;110.964198;1
6/25/2024;-7.792597;110.247071;1
2024-08-15;-5.53121111865533;106.09866239397762;0
6/24/2024;-6.714721;110.707381;1
3/19/2024;-6.401246;108.325801;1
3/19/2024;-6.382182;108.270609;1
3/20/2024;-6.377923;107.832739;1
6/12/2024;-7.638609;109.559295;1
3/19/2024;-6.402279;108.323121;1
4/27/2024;-6.234331;107.466874;1
3/19/2024;-6.482215;108.07565;1
6/10/2024;-6.920602;109.683084;1
4/28/2024;-6.378583;107.835394;1
6/25/2024;-7.792692;110.247398;1
6/13/2024;-6.812995;110.806503;1
4/27/2024;-6.293922;107.360575;1
6/11/2024;-7.426154;109.411659;1
6/11/2024;-7.426331;109.413869;1
6/12/2024;-7.047841;110.535987;1
6/13/2024;-6.812164;110.910152;1
3/20/2024;-6.363079;107.631713;1
6/15/2024;-7.160852;110.40414;1
4/27/2024;-6.233665;107.464394;1
3/20/2024;-6.365461;107.631891;1
6/10/2024;-6.959043;109.595349;1
6/27/2024;-6.871492;109.390118;1
4/27/2024;-6.259565;107.461132;1
6/13/2024;-6.81209;110.909532;1
2024-03-20;-6.163268203170575;107.29608089975204;0
3/20/2024;-6.435993;107.883993;1
6/10/2024;-6.959374;109.597291;1
4/29/2024;-6.453694;108.076533;1
6/10/2024;-6.929026;109.688298;1
6/28/2024;-6.994382;109.052543;1
4/27/2024;-6.217114;107.342691;1
6/12/2024;-7.638301;109.558146;1
6/10/2024;-6.960668;109.597363;1
4/28/2024;-6.336229;107.600766;1
6/26/2024;-6.90992;109.746462;1
6/12/2024;-7.595552;109.450229;1
4/29/2024;-6.453709;108.074397;1
6/12/2024;-7.731722;109.725388;1
6/26/2024;-6.905926;109.770675;1
6/13/2024;-6.812904;110.911138;1
6/11/2024;-7.426231;109.41393;1
6/28/2024;-6.970329;109.094591;1
3/18/2024;-6.260761;107.462667;1
4/27/2024;-6.259934;107.460812;1
6/10/2024;-6.961503;109.59699;1
4/27/2024;-6.261528;107.461806;1
6/12/2024;-7.732386;109.725577;1
6/15/2024;-7.160891;110.403991;1
4/26/2024;-6.148924;107.349512;1
6/10/2024;-6.98153;109.053273;1
6/12/2024;-7.724984;109.524276;1
6/24/2024;-6.652623;110.662972;1
4/28/2024;-6.336638;107.601163;1
6/28/2024;-6.994335;109.054011;1
6/11/2024;-7.434587;109.352417;1
3/19/2024;-6.482966;108.074917;1
6/27/2024;-6.897004;109.430168;1
2024-03-20;-7.274897624043866;114.62989365288249;0
6/24/2024;-6.65377;110.664015;1
6/26/2024;-6.902147;109.755796;1
6/28/2024;-6.995642;109.052855;1
6/10/2024;-6.95881;109.597561;1
6/27/2024;-6.89629;109.430058;1
6/13/2024;-6.866722;110.871234;1
6/12/2024;-7.639043;109.559863;1
3/19/2024;-6.455219;108.072413;1
4/28/2024;-6.337317;107.600564;1
6/12/2024;-6.861771;110.792352;1
6/11/2024;-7.43505;109.352135;1
2024-10-20;-7.022907692078142;114.09015573008526;0
4/28/2024;-6.356258;107.64225;1
6/26/2024;-6.900357;109.75479;1
6/15/2024;-7.15923;110.403693;1
4/28/2024;-6.363177;107.60879;1
6/11/2024;-7.61403;109.15207;1
3/19/2024;-6.40185;108.323876;1
6/27/2024;-6.895573;109.429861;1
4/27/2024;-6.295287;107.358923;1
6/24/2024;-6.653765;110.664576;1
6/12/2024;-6.860343;110.793225;1
4/27/2024;-6.215379;107.341682;1
3/18/2024;-6.261928;107.462303;1
3/18/2024;-6.292864;107.362278;1
6/24/2024;-7.781501;109.949875;1
6/26/2024;-6.901805;109.755533;1
6/11/2024;-7.504112;109.375261;1
6/27/2024;-6.871724;109.392091;1
6/13/2024;-6.809942;110.963688;1
3/19/2024;-6.382307;108.270917;1
6/10/2024;-6.960993;109.59457;1
6/27/2024;-6.871328;109.391408;1
3/16/2024;-6.14955;107.35;1
4/29/2024;-6.383314;108.275773;1
4/27/2024;-6.258686;107.462879;1
3/20/2024;-6.365266;107.632847;1
6/25/2024;-7.868991;110.196356;1
2024-07-20;-6.02057064193352;107.39136056636258;0
4/29/2024;-6.45507;108.071687;1
6/28/2024;-6.970584;109.09412;1
6/11/2024;-6.960269;110.193616;1
6/26/2024;-6.90501;109.77091;1
4/29/2024;-6.32719;108.303511;1
6/12/2024;-6.851423;110.798282;1
6/12/2024;-7.638978;109.558774;1
4/28/2024;-6.363408;107.608354;1
6/10/2024;-6.921201;109.682439;1
6/11/2024;-6.937087;110.218598;1
6/11/2024;-6.90607;110.184668;1
6/15/2024;-7.15884;110.404455;1
6/10/2024;-6.92842;109.687734;1
6/13/2024;-6.861928;110.857433;1
2024-12-10;-7.9806638024784;108.90807599215864;0
6/11/2024;-7.435337;109.351934;1
6/10/2024;-6.928959;109.688855;1
2024-09-15;-6.793485165927455;107.00766481547862;0
6/28/2024;-6.971089;109.093911;1
6/13/2024;-6.813032;110.807072;1
6/27/2024;-6.874103;109.382154;1
6/12/2024;-6.850918;110.797334;1
4/28/2024;-6.359383;107.607614;1
6/13/2024;-6.859734;110.866894;1
6/10/2024;-6.928968;109.688587;1
6/10/2024;-6.928889;109.687863;1
4/29/2024;-6.385686;108.272923;1
6/12/2024;-7.749944;109.673394;1
4/28/2024;-6.359613;107.608346;1
4/27/2024;-6.194782;107.495599;1
6/12/2024;-7.724818;109.523501;1
6/12/2024;-7.595919;109.448519;1
6/13/2024;-6.85982;110.869196;1
6/24/2024;-7.742859;109.927446;1
6/25/2024;-7.792343;110.247802;1
4/27/2024;-6.294376;107.360126;1
6/13/2024;-6.8098;110.963874;1
6/27/2024;-6.873558;109.382352;1
6/24/2024;-7.847049;110.316046;1
4/28/2024;-6.360734;107.608104;1
6/27/2024;-6.897015;109.428778;1
6/15/2024;-7.159552;110.404091;1
6/24/2024;-6.67911;110.654195;1
6/13/2024;-6.81049;110.963717;1
6/13/2024;-6.810253;110.963874;1
6/10/2024;-6.928981;109.688976;1
6/11/2024;-6.938097;110.218943;1
6/11/2024;-7.650322;109.209481;1
6/27/2024;-7.388838;109.674719;1
6/13/2024;-6.810539;110.964236;1
6/10/2024;-6.929973;109.687432;1
3/16/2024;-6.21181;107.343873;1
6/11/2024;-6.904594;110.18483;1
6/10/2024;-6.920437;109.682667;1
6/27/2024;-6.874681;109.381903;1
3/16/2024;-6.211692;107.34425;1
6/13/2024;-6.812575;110.911368;1
6/12/2024;-7.639386;109.558294;1
4/29/2024;-6.480617;108.081222;1
6/11/2024;-6.905925;110.184713;1
3/16/2024;-6.152024;107.339033;1
6/10/2024;-6.96002;109.597277;1
6/24/2024;-6.76361;110.764794;1
6/11/2024;-7.435314;109.352867;1
4/27/2024;-6.212012;107.343498;1
6/11/2024;-7.427107;109.295428;1
2024-05-20;-5.99463990300525;106.5134482552012;0
6/13/2024;-6.812469;110.807881;1
6/11/2024;-6.960645;110.194442;1
6/26/2024;-6.905436;109.773307;1
2024-03-20;-7.744629136368818;111.85245011884696;0
4/27/2024;-6.194714;107.495887;1
6/13/2024;-6.813056;110.806567;1
6/11/2024;-6.959311;110.194133;1
6/10/2024;-6.929577;109.688573;1
6/12/2024;-7.732485;109.72491;1
3/16/2024;-6.149952;107.347891;1
6/13/2024;-6.811151;110.911383;1
2024-11-15;-6.175744648063655;107.07121187951856;0
3/16/2024;-6.211887;107.343648;1
4/29/2024;-6.453097;108.076534;1
3/19/2024;-6.403866;108.323032;1
4/28/2024;-6.362327;107.609213;1
4/27/2024;-6.294834;107.358773;1
3/20/2024;-6.364613;107.631153;1
3/19/2024;-6.404055;108.323102;1
4/29/2024;-6.453707;108.074964;1
4/29/2024;-6.401057;108.324858;1
4/29/2024;-6.481682;108.079648;1
6/10/2024;-6.958842;109.597743;1
3/16/2024;-6.148654;107.349615;1
6/11/2024;-6.905898;110.184971;1
6/10/2024;-6.912222;109.691861;1
6/26/2024;-6.909156;109.749929;1
4/27/2024;-6.29421;107.358262;1
6/10/2024;-6.960768;109.595684;1
6/26/2024;-6.906825;109.773168;1
6/25/2024;-7.869623;110.195426;1
6/13/2024;-6.812126;110.909854;1
6/15/2024;-7.123417;110.399642;1
6/13/2024;-6.859085;110.868834;1
6/12/2024;-6.861101;110.791735;1
6/11/2024;-7.426562;109.41192;1
6/12/2024;-7.732474;109.726379;1
6/11/2024;-7.426517;109.411577;1
6/11/2024;-7.650259;109.209186;1
6/24/2024;-6.653862;110.664549;1
6/26/2024;-6.907728;109.748158;1
4/29/2024;-6.454154;108.075869;1
6/27/2024;-6.895949;109.406534;1
3/16/2024;-6.148837;107.349144;1
6/11/2024;-7.503977;109.375268;1
6/28/2024;-6.995001;109.053223;1
6/12/2024;-6.850919;110.798239;1
6/11/2024;-7.435484;109.351974;1
4/27/2024;-6.216823;107.341881;1
3/19/2024;-6.402609;108.324456;1
6/24/2024;-6.679202;110.653752;1
6/27/2024;-6.873555;109.381448;1
6/12/2024;-6.861028;110.792525;1
3/20/2024;-6.378644;107.833038;1
3/16/2024;-6.147796;107.339629;1
6/11/2024;-7.426905;109.295371;1
4/27/2024;-6.194054;107.49588;1
4/27/2024;-6.215819;107.342161;1
4/29/2024;-6.455689;108.07085;1
6/24/2024;-6.71473;110.706456;1
3/18/2024;-6.333925;107.401105;1
6/10/2024;-6.920605;109.68366;1
6/10/2024;-6.959771;109.595059;1
4/27/2024;-6.292834;107.362577;1
6/11/2024;-7.425807;109.295066;1
6/26/2024;-6.906041;109.772265;1
6/12/2024;-7.047028;110.535121;1
6/12/2024;-7.732976;109.725211;1
3/20/2024;-6.364606;107.632508;1
4/27/2024;-6.193347;107.493886;1
4/28/2024;-6.379222;107.831594;1
6/13/2024;-6.8627;110.857519;1
4/29/2024;-6.404948;108.323772;1
6/24/2024;-6.679554;110.654395;1
4/29/2024;-6.401172;108.323651;1
3/18/2024;-6.261812;107.463837;1
2024-04-15;-7.317977385852751;108.06484227189878;0
3/18/2024;-6.292396;107.362149;1
3/19/2024;-6.455222;108.071962;1
6/27/2024;-6.874142;109.380958;1
6/10/2024;-6.961286;109.597819;1
6/12/2024;-7.595939;109.450236;1
6/11/2024;-6.9744;110.170242;1
6/24/2024;-7.741099;109.927726;1
6/16/2024;-7.569778;110.3085;1
6/10/2024;-6.959688;109.594733;1
2024-04-15;-7.801089069567704;109.94002752897453;0
6/11/2024;-6.959286;110.194333;1
3/16/2024;-6.14907;107.339075;1
4/26/2024;-6.150963;107.348511;1
3/19/2024;-6.400501;108.324173;1
6/24/2024;-6.763909;110.76556;1
6/11/2024;-7.426831;109.295365;1
4/27/2024;-6.234147;107.46737;1
4/27/2024;-6.215367;107.342159;1
6/28/2024;-6.995039;109.052986;1
3/19/2024;-6.482751;108.07574;1
6/26/2024;-6.909936;109.744545;1
6/15/2024;-7.160903;110.403315;1
6/11/2024;-7.426427;109.413728;1
6/15/2024;-7.159346;110.404122;1
6/15/2024;-7.160882;110.404325;1
3/19/2024;-6.402491;108.323919;1
6/26/2024;-6.909914;109.7442;1
6/26/2024;-6.90812;109.749634;1
6/13/2024;-6.858795;110.867087;1
4/29/2024;-6.328082;108.305322;1
3/19/2024;-6.328689;108.303219;1
3/16/2024;-6.149498;107.34834;1
6/11/2024;-6.904528;110.184608;1
6/24/2024;-7.847039;110.315035;1
3/19/2024;-6.482693;108.074872;1
6/27/2024;-7.388128;109.674043;1
4/26/2024;-6.151025;107.348091;1
6/11/2024;-7.427112;109.295569;1
2024-09-15;-5.827351660087976;107.27337560255836;0
2024-02-10;-7.182912334784779;109.04230911728897;0
6/11/2024;-6.905444;110.184519;1
6/11/2024;-7.426611;109.413017;1
4/26/2024;-6.148901;107.349091;1
3/19/2024;-6.481806;108.076446;1
6/12/2024;-7.595593;109.448575;1
6/26/2024;-6.909913;109.743747;1
4/27/2024;-6.259563;107.461584;1
6/11/2024;-7.434578;109.352863;1
6/12/2024;-7.725412;109.524598;1
4/27/2024;-6.294035;107.358272;1
6/27/2024;-6.874317;109.381488;1
6/11/2024;-6.937365;110.219426;1
3/16/2024;-6.149048;107.347887;1
6/28/2024;-6.995948;109.052783;1
6/11/2024;-7.613343;109.151893;1
6/12/2024;-7.72554;109.52356;1
6/25/2024;-7.353992;110.529872;1
4/29/2024;-6.404281;108.323414;1
4/28/2024;-6.378217;107.832449;1
6/26/2024;-6.909889;109.74598;1
6/11/2024;-6.905797;110.185478;1
6/10/2024;-6.960643;109.594703;1
6/15/2024;-7.160367;110.403929;1
3/18/2024;-6.333648;107.401106;1
6/24/2024;-6.653049;110.663595;1
6/10/2024;-6.959347;109.597189;1
6/12/2024;-7.724464;109.523473;1
4/27/2024;-6.193882;107.494692;1
6/11/2024;-7.649781;109.209272;1
6/11/2024;-6.975235;110.170535;1
6/28/2024;-6.971456;109.095234;1
6/26/2024;-6.907516;109.772359;1
6/26/2024;-6.899995;109.755086;1
3/20/2024;-6.435268;107.885706;1
6/28/2024;-6.970585;109.093887;1
6/15/2024;-7.161025;110.403347;1
6/27/2024;-6.871732;109.391612;1
6/10/2024;-6.959416;109.595827;1
6/10/2024;-6.928338;109.687308;1
6/11/2024;-7.504118;109.375083;1
6/11/2024;-7.435485;109.352594;1
6/11/2024;-7.503931;109.375477;1
3/19/2024;-6.401879;108.324017;1
2024-09-15;-8.23091390927691;112.56646277931976;0
3/18/2024;-6.292654;107.363166;1
6/28/2024;-6.994258;109.052976;1
4/27/2024;-6.294838;107.357869;1
6/12/2024;-7.750021;109.672887;1
3/16/2024;-6.150402;107.348344;1
4/29/2024;-6.327981;108.30646;1
6/26/2024;-6.908037;109.749869;1
4/29/2024;-6.453713;108.07406;1
4/29/2024;-6.479676;108.081159;1
4/28/2024;-6.336613;107.600151;1
6/11/2024;-6.960038;110.193965;1
6/11/2024;-7.426281;109.413569;1
6/24/2024;-7.741532;109.92729;1
4/28/2024;-6.378861;107.830833;1
6/11/2024;-7.650512;109.208281;1
6/12/2024;-7.724954;109.523881;1
4/28/2024;-6.362106;107.608093;1
6/27/2024;-6.871651;109.39095;1
6/24/2024;-7.782387;109.949577;1
6/11/2024;-7.426591;109.412022;1
3/19/2024;-6.402443;108.323459;1
6/15/2024;-7.161344;110.40401;1
6/11/2024;-6.958471;110.194584;1
6/11/2024;-7.425931;109.29492;1
4/27/2024;-6.294463;107.358722;1
2024-12-10;-6.118926838302264;107.38691690274388;0
4/26/2024;-6.150259;107.348645;1
6/24/2024;-7.84674;110.315882;1
6/11/2024;-7.650539;109.20949;1
6/28/2024;-6.995725;109.052364;1
6/24/2024;-7.847169;110.316038;1
6/26/2024;-6.905333;109.771746;1
6/13/2024;-6.8098;110.965232;1
6/24/2024;-7.741988;109.92648;1
6/13/2024;-6.868131;110.869737;1
6/13/2024;-6.812024;110.806401;1
3/19/2024;-6.401036;108.323739;1
6/15/2024;-7.159714;110.403884;1
2024-07-20;-6.75418870709503;113.32731742565444;0
6/27/2024;-6.894681;109.42964;1
3/18/2024;-6.261952;107.462033;1
4/29/2024;-6.481223;108.081;1
4/26/2024;-6.15012;107.34946;1
3/19/2024;-6.40092;108.32557;1
6/27/2024;-6.89757;109.407129;1
4/28/2024;-6.336615;107.599699;1
6/24/2024;-6.679174;110.654764;1
6/26/2024;-6.908076;109.747905;1
6/27/2024;-6.872189;109.391773;1
6/10/2024;-6.960597;109.597638;1
6/27/2024;-6.894934;109.430063;1
2024-09-15;-6.287032735235232;107.10089397408906;0
6/28/2024;-6.995292;109.053896;1
6/24/2024;-6.653729;110.662822;1
6/27/2024;-6.873713;109.382665;1
3/19/2024;-6.403973;108.323111;1
6/13/2024;-6.810522;110.96406;1
6/27/2024;-6.896083;109.429535;1
6/24/2024;-6.65274;110.663006;1
4/29/2024;-6.48154;108.08012;1
6/12/2024;-7.047448;110.534647;1
6/27/2024;-6.896093;109.43026;1
6/10/2024;-6.959744;109.597091;1
4/29/2024;-6.479873;108.080089;1
3/20/2024;-6.364615;107.630701;1
6/11/2024;-7.426138;109.412267;1
6/11/2024;-7.50371;109.375269;1
6/12/2024;-7.724765;109.523253;1
6/27/2024;-6.894826;109.429829;1
6/26/2024;-6.909312;109.750203;1
3/18/2024;-6.261797;107.461779;1
3/18/2024;-6.292247;107.362674;1
2024-08-15;-8.474231114051756;112.59568743204562;0
2024-03-20;-7.309302995670887;114.75179197244496;0
6/11/2024;-7.61364;109.151627;1
6/12/2024;-7.73216;109.726251;1
6/13/2024;-6.810469;110.96353;1
4/29/2024;-6.454324;108.071068;1
2024-07-20;-6.497377448926521;107.04695540886114;0
6/10/2024;-6.921166;109.682202;1
4/29/2024;-6.384806;108.272967;1
6/10/2024;-6.980793;109.053782;1
4/28/2024;-6.336196;107.601288;1
6/26/2024;-6.910256;109.745356;1
6/27/2024;-6.895236;109.428501;1
6/11/2024;-6.905899;110.185876;1
6/25/2024;-7.793556;110.246766;1
6/12/2024;-7.595264;109.448661;1
6/25/2024;-7.792207;110.24697;1
6/28/2024;-6.9937;109.052477;1
6/24/2024;-7.741348;109.927736;1
6/28/2024;-6.993499;109.05266;1
6/13/2024;-6.812715;110.808091;1
6/27/2024;-7.41132;109.880159;1
6/11/2024;-7.426334;109.413953;1
3/20/2024;-6.435085;107.884891;1
6/27/2024;-7.387943;109.674578;1
6/26/2024;-6.90834;109.749867;1
3/20/2024;-6.360928;107.606221;1
6/11/2024;-7.435055;109.351782;1
6/13/2024;-6.867227;110.871095;1
6/15/2024;-7.585611;110.859917;1
6/11/2024;-7.614019;109.152747;1
6/12/2024;-7.594933;109.450015;1
6/12/2024;-7.74977;109.674481;1
6/25/2024;-7.868698;110.196187;1
6/12/2024;-7.725006;109.524393;1
4/28/2024;-6.378316;107.832041;1
4/28/2024;-6.36301;107.608188;1
3/20/2024;-6.363607;107.631078;1
6/13/2024;-6.81115;110.910026;1
3/19/2024;-6.482472;108.075402;1
6/27/2024;-6.874505;109.383062;1
6/15/2024;-7.124123;110.399802;1
6/13/2024;-6.809804;110.964102;1
6/27/2024;-7.409368;109.880486;1
6/11/2024;-6.906532;110.185164;1
4/29/2024;-6.453885;108.071502;1
6/12/2024;-6.850721;110.798216;1
6/27/2024;-6.871453;109.390441;1
6/24/2024;-6.654167;110.664258;1
6/26/2024;-6.909564;109.743689;1
6/26/2024;-6.906058;109.771642;1
3/19/2024;-6.404476;108.323801;1
4/28/2024;-6.370186;107.792222;1
6/27/2024;-6.894644;109.428768;1
6/12/2024;-7.047002;110.535765;1
6/12/2024;-7.048385;110.535573;1
6/24/2024;-7.741984;109.927289;1
4/27/2024;-6.216974;107.342018;1
6/27/2024;-7.387678;109.67495;1
6/12/2024;-7.748472;109.673935;1
4/28/2024;-6.36859;107.793152;1
2024-01-15;-6.2518785496519484;107.47197691252008;0
6/24/2024;-6.715424;110.706584;1
6/10/2024;-6.929486;109.688641;1
2024-05-20;-6.141314342884769;105.5022659181315;0
4/28/2024;-6.367629;107.792813;1
6/11/2024;-6.958443;110.194371;1
6/13/2024;-6.813834;110.80821;1
4/27/2024;-6.259298;107.462169;1
6/12/2024;-6.861532;110.792639;1
6/10/2024;-6.959156;109.595606;1
4/28/2024;-6.361694;107.611528;1
6/27/2024;-6.894999;109.428618;1
6/27/2024;-6.875058;109.382141;1
6/11/2024;-7.504691;109.375587;1
6/24/2024;-7.84667;110.31507;1
4/29/2024;-6.402469;108.324305;1
6/27/2024;-6.896748;109.429772;1
4/28/2024;-6.32625;107.668303;1
6/11/2024;-7.434809;109.352888;1
6/13/2024;-6.810327;110.964457;1
4/29/2024;-6.384903;108.272749;1
6/10/2024;-6.921469;109.682491;1
4/27/2024;-6.29528;107.36013;1
6/13/2024;-6.812839;110.910727;1
6/11/2024;-6.960715;110.194686;1
6/13/2024;-6.867519;110.871217;1
2024-08-15;-7.175876946896368;108.67579236036546;0
6/28/2024;-6.994253;109.052478;1
6/24/2024;-6.763098;110.765695;1
6/10/2024;-6.961614;109.597749;1
4/29/2024;-6.383811;108.276338;1
3/18/2024;-6.260908;107.464545;1
6/13/2024;-6.812493;110.910822;1
4/28/2024;-6.361963;107.608192;1
6/11/2024;-7.426683;109.413588;1
6/10/2024;-6.959746;109.597635;1
2024-05-20;-8.419155336184431;113.80069839491878;0
6/15/2024;-7.595278;110.874278;1
6/13/2024;-6.810534;110.964193;1
6/10/2024;-6.960583;109.595724;1
4/27/2024;-6.258655;107.462483;1
6/27/2024;-6.875152;109.382141;1
4/28/2024;-6.362777;107.608864;1
6/27/2024;-7.411035;109.8803;1
6/10/2024;-6.920862;109.684387;1
4/29/2024;-6.403549;108.324049;1
3/18/2024;-6.333367;107.402348;1
6/12/2024;-7.047865;110.5339;1
6/13/2024;-6.812437;110.807886;1
4/28/2024;-6.367674;107.795405;1
3/19/2024;-6.404415;108.324468;1
6/15/2024;-7.160708;110.403531;1
6/11/2024;-7.43612;109.352635;1
2024-09-15;-7.964713970540119;110.08467373552938;0
6/12/2024;-7.731533;109.725518;1
6/11/2024;-7.614691;109.151954;1
6/27/2024;-7.387717;109.673763;1
6/26/2024;-6.900375;109.756226;1
6/12/2024;-7.724358;109.524219;1
6/26/2024;-6.909344;109.748275;1
6/13/2024;-6.810121;110.963911;1
4/29/2024;-6.453553;108.075634;1
3/19/2024;-6.382631;108.271063;1
3/19/2024;-6.454909;108.072885;1
2024-03-20;-6.146671444903954;106.7733939554558;0
6/15/2024;-7.501556;110.770806;1
3/19/2024;-6.403515;108.32401;1
2024-01-15;-5.541627730772909;105.65585156987724;0
6/11/2024;-7.61496;109.152256;1
6/24/2024;-6.65305;110.664288;1
6/27/2024;-6.874338;109.381824;1
6/27/2024;-7.410861;109.880583;1
3/19/2024;-6.481418;108.076779;1
4/27/2024;-6.259106;107.462485;1
6/24/2024;-6.714279;110.707361;1
6/24/2024;-6.654696;110.662808;1
6/24/2024;-7.782272;109.948845;1
6/10/2024;-6.960708;109.59401;1
6/11/2024;-7.649915;109.209789;1
6/11/2024;-6.960185;110.194835;1
4/27/2024;-6.234715;107.465457;1
4/27/2024;-6.194228;107.494713;1
6/11/2024;-6.904759;110.185014;1
4/29/2024;-6.481144;108.079847;1
6/24/2024;-7.780818;109.949721;1
6/13/2024;-6.859085;110.868382;1
3/20/2024;-6.360641;107.606577;1
6/12/2024;-7.594996;109.448295;1
6/12/2024;-7.594806;109.450476;1
3/19/2024;-6.481454;108.074937;1
6/13/2024;-6.812313;110.807659;1
6/26/2024;-6.909934;109.746667;1
2024-11-15;-6.1520796417036925;106.5082929158696;0
6/28/2024;-6.970797;109.093598;1
6/13/2024;-6.81104;110.910219;1
6/24/2024;-7.78148;109.948672;1
6/27/2024;-6.89482;109.429474;1
6/12/2024;-7.594769;109.449287;1
4/29/2024;-6.452936;108.075293;1
6/11/2024;-7.650692;109.20828;1
6/13/2024;-6.810477;110.963593;1
6/27/2024;-6.895446;109.429662;1
4/28/2024;-6.337321;107.599506;1
6/13/2024;-6.810378;110.963809;1
6/27/2024;-6.874457;109.380992;1
6/28/2024;-6.993886;109.052635;1
6/24/2024;-7.78121;109.949974;1
4/27/2024;-6.19433;107.495632;1
6/12/2024;-7.724499;109.522976;1
6/27/2024;-6.874716;109.380945;1
6/11/2024;-7.42659;109.412974;1
4/28/2024;-6.359614;107.608848;1
4/27/2024;-6.234692;107.46508;1
6/26/2024;-6.908808;109.748243;1
6/12/2024;-7.594694;109.448709;1
6/12/2024;-7.036244;110.539435;1
6/27/2024;-6.896696;109.406252;1
6/27/2024;-7.388562;109.674595;1
4/29/2024;-6.452804;108.074958;1
4/27/2024;-6.214763;107.34187;1
3/19/2024;-6.402003;108.324509;1
6/26/2024;-6.909026;109.750085;1
6/27/2024;-7.388142;109.674478;1
3/20/2024;-6.365819;107.631322;1
6/27/2024;-6.896061;109.407385;1
6/11/2024;-7.435271;109.35204;1
6/12/2024;-7.59572;109.450558;1
6/11/2024;-6.975062;110.169923;1
6/12/2024;-7.594505;109.44875;1
6/24/2024;-6.715182;110.706003;1
6/24/2024;-6.653027;110.663788;1
6/16/2024;-7.476417;110.238278;1
3/18/2024;-6.261977;107.463803;1
6/11/2024;-7.503708;109.375708;1
4/27/2024;-6.292112;107.361019;1
6/11/2024;-7.434823;109.352346;1
6/11/2024;-7.426171;109.413987;1
6/24/2024;-6.679562;110.654195;1
4/27/2024;-6.234225;107.468239;1
6/28/2024;-6.971502;109.095164;1
6/27/2024;-7.387956;109.674654;1
6/10/2024;-6.928854;109.687387;1
6/13/2024;-6.862411;110.856657;1
6/12/2024;-7.732387;109.72603;1
3/16/2024;-6.212341;107.343198;1
4/26/2024;-6.149807;107.348643;1
4/27/2024;-6.234809;107.466989;1
6/27/2024;-6.896537;109.406175;1
6/27/2024;-6.896742;109.430057;1
2024-04-15;-6.77763757855872;107.49563804648088;0
6/25/2024;-7.869143;110.195694;1
6/11/2024;-7.614111;109.15225;1
3/16/2024;-6.148402;107.336273;1
6/27/2024;-6.874084;109.381835;1
6/24/2024;-7.78078;109.949066;1
3/19/2024;-6.404924;108.32512;1
6/11/2024;-7.426052;109.294653;1
6/27/2024;-6.871024;109.390744;1
6/27/2024;-6.871183;109.391084;1
6/26/2024;-6.909719;109.745897;1
6/24/2024;-7.780675;109.948753;1
6/12/2024;-7.715697;109.488061;1
3/19/2024;-6.401238;108.325138;1
6/11/2024;-6.937475;110.21873;1
3/20/2024;-6.362069;107.606602;1
6/27/2024;-6.895441;109.428484;1
6/12/2024;-6.860415;110.793257;1
4/28/2024;-6.379207;107.832189;1
6/15/2024;-7.159015;110.403786;1
6/10/2024;-6.959034;109.598573;1
6/26/2024;-6.909817;109.745184;1
6/11/2024;-7.436176;109.352863;1
2024-12-10;-6.0094652531255175;107.1039381236292;0
4/27/2024;-6.259802;107.46262;1
6/10/2024;-6.929139;109.686823;1
6/26/2024;-6.909237;109.748141;1
6/11/2024;-7.426336;109.295551;1
3/20/2024;-6.361122;107.606747;1
6/11/2024;-6.959023;110.19381;1
3/20/2024;-6.435083;107.885543;1
6/11/2024;-6.959147;110.194249;1
6/15/2024;-7.160715;110.403808;1
6/28/2024;-6.995776;109.054207;1
6/12/2024;-7.594716;109.450107;1
4/29/2024;-6.454943;108.069985;1
4/27/2024;-6.294466;107.359717;1
6/11/2024;-6.9053;110.185982;1
6/12/2024;-7.595949;109.450327;1
3/18/2024;-6.260593;107.464464;1
6/28/2024;-6.994386;109.053447;1
6/28/2024;-6.994353;109.054187;1
2024-07-20;-6.904729344207569;111.02662522010162;0
6/13/2024;-6.813803;110.807034;1
6/24/2024;-6.715293;110.707645;1
6/10/2024;-6.958902;109.598167;1
4/27/2024;-6.23469;107.465532;1
4/28/2024;-6.367232;107.793596;1
4/27/2024;-6.294903;107.357775;1
6/12/2024;-7.724557;109.523974;1
2024-11-15;-5.913990371272829;106.1962877374038;0
6/10/2024;-6.959571;109.597134;1
6/10/2024;-6.920595;109.684187;1
6/13/2024;-6.813834;110.807758;1
6/27/2024;-6.896739;109.429152;1
6/28/2024;-6.995601;109.053501;1
6/26/2024;-6.90824;109.748069;1
6/12/2024;-7.047107;110.535096;1
6/10/2024;-6.959068;109.597259;1
6/24/2024;-6.65316;110.663907;1
4/28/2024;-6.377756;107.833512;1
6/27/2024;-6.896581;109.430257;1
6/11/2024;-7.426103;109.295627;1
6/11/2024;-7.503971;109.374355;1
4/29/2024;-6.32697;108.303642;1
6/27/2024;-6.896748;109.429548;1
3/20/2024;-6.364149;107.633409;1
3/19/2024;-6.381907;108.27149;1
6/13/2024;-6.859875;110.866958;1
2024-11-15;-7.495552600029047;108.75895057931676;0
6/26/2024;-6.90868;109.750132;1
6/27/2024;-6.871326;109.390955;1
6/12/2024;-7.639202;109.558676;1
6/24/2024;-6.714999;110.706728;1
6/24/2024;-6.714964;110.707232;1
6/11/2024;-6.97498;110.171859;1
6/11/2024;-7.613635;109.151986;1
3/20/2024;-6.378444;107.833476;1
6/13/2024;-6.81293;110.807758;1
6/11/2024;-7.649919;109.209635;1
6/11/2024;-7.426155;109.412112;1
4/27/2024;-6.192522;107.495588;1
2024-08-15;-5.821938151762919;107.25204652914452;0
2024-09-15;-7.546445633733584;110.10521080187377;0
6/28/2024;-6.995506;109.054009;1
6/10/2024;-6.928773;109.687881;1
6/27/2024;-6.873413;109.383139;1
4/27/2024;-6.234019;107.466461;1
6/26/2024;-6.908791;109.747742;1
4/26/2024;-6.149803;107.349546;1
4/27/2024;-6.193822;107.49377;1
6/12/2024;-7.715231;109.489235;1
6/15/2024;-7.160206;110.40381;1
4/27/2024;-6.194769;107.493391;1
6/11/2024;-6.937188;110.219091;1
6/13/2024;-6.85898;110.868885;1
6/26/2024;-6.901209;109.754925;1
3/16/2024;-6.148552;107.338383;1
6/10/2024;-6.959246;109.598354;1
4/27/2024;-6.233528;107.465154;1
6/28/2024;-6.993815;109.052964;1
6/25/2024;-7.792305;110.24697;1
4/28/2024;-6.37897;107.833308;1
3/20/2024;-6.36313;107.63208;1
6/12/2024;-7.715902;109.488644;1
6/15/2024;-7.15909;110.40444;1
6/28/2024;-6.970315;109.094829;1
4/27/2024;-6.194166;107.495461;1
6/24/2024;-7.741323;109.928502;1
6/26/2024;-6.907468;109.772711;1
4/27/2024;-6.258379;107.462155;1
3/18/2024;-6.332303;107.402249;1
4/27/2024;-6.214363;107.341989;1
4/28/2024;-6.365472;107.631083;1
4/29/2024;-6.326774;108.303972;1
4/28/2024;-6.37891;107.831774;1
4/27/2024;-6.214911;107.34306;1
6/27/2024;-6.895654;109.429852;1
6/10/2024;-6.929046;109.688007;1
2024-12-10;-6.34303937613004;107.41006193857052;0
4/28/2024;-6.369223;107.793622;1
6/12/2024;-7.724614;109.524219;1
6/11/2024;-7.425859;109.295325;1
4/28/2024;-6.359186;107.607868;1
6/11/2024;-7.614034;109.151664;1
3/19/2024;-6.383127;108.270986;1
4/29/2024;-6.481677;108.080552;1
6/27/2024;-6.873854;109.382157;1
6/24/2024;-7.741319;109.927337;1
6/11/2024;-7.435536;109.353432;1
6/12/2024;-6.852435;110.797293;1
6/24/2024;-7.845862;110.315808;1
2024-01-15;-5.857544374965149;106.34327029312652;0
6/15/2024;-7.161284;110.403215;1
6/27/2024;-6.896581;109.430022;1
6/28/2024;-6.994886;109.05237;1
6/25/2024;-7.793834;110.246841;1
4/27/2024;-6.194742;107.495597;1
6/24/2024;-7.742961;109.927965;1
3/20/2024;-6.364557;107.632104;1
6/11/2024;-6.975197;110.17081;1
3/20/2024;-6.362021;107.607655;1
4/28/2024;-6.362774;107.609315;1
6/11/2024;-7.650543;109.20931;1
6/11/2024;-6.96047;110.194782;1
6/28/2024;-6.995899;109.053296;1
6/10/2024;-6.959311;109.595119;1
4/29/2024;-6.453409;108.076407;1
6/27/2024;-7.388583;109.674947;1
6/12/2024;-6.861172;110.792485;1
6/12/2024;-7.748396;109.673754;1
6/27/2024;-6.871843;109.390136;1
6/11/2024;-7.650529;109.209875;1
4/27/2024;-6.234754;107.467766;1
6/11/2024;-7.426133;109.411426;1
6/12/2024;-7.732533;109.725817;1
6/12/2024;-7.595265;109.4483;1
6/11/2024;-7.426937;109.413269;1
6/28/2024;-6.97014;109.093812;1
6/13/2024;-6.86216;110.857531;1
6/25/2024;-7.793008;110.247529;1
6/11/2024;-7.426433;109.413207;1
3/19/2024;-6.481991;108.075189;1
6/24/2024;-6.715635;110.70736;1
6/11/2024;-7.426173;109.41402;1
6/10/2024;-6.928786;109.688528;1
6/11/2024;-6.960363;110.193943;1
6/13/2024;-6.811602;110.909573;1
6/11/2024;-6.906243;110.185751;1
6/27/2024;-6.895706;109.429517;1
6/12/2024;-7.595038;109.450112;1
6/13/2024;-6.812929;110.8064;1
4/27/2024;-6.195117;107.493743;1
6/12/2024;-7.731932;109.725125;1
3/19/2024;-6.400803;108.324444;1
6/27/2024;-6.874378;109.383071;1
6/13/2024;-6.859837;110.86898;1
6/12/2024;-7.036828;110.538854;1
4/29/2024;-6.403561;108.32385;1
2024-05-20;-6.117472319117408;106.1432016187752;0
4/29/2024;-6.404729;108.323869;1
3/19/2024;-6.454105;108.072273;1
4/28/2024;-6.377481;107.831438;1
3/19/2024;-6.481847;108.076264;1
6/10/2024;-6.930067;109.688045;1
6/10/2024;-6.958756;109.598315;1
6/10/2024;-6.929713;109.687577;1
6/25/2024;-7.793291;110.247005;1
6/27/2024;-6.895931;109.430331;1
6/27/2024;-6.871128;109.390101;1
4/28/2024;-6.336159;107.6006;1
6/11/2024;-6.936996;110.219134;1
6/25/2024;-7.792192;110.247588;1
2024-03-20;-7.933218988815621;111.47180914130035;0
6/27/2024;-7.38858;109.674041;1
3/19/2024;-6.405327;108.323119;1
4/29/2024;-6.385163;108.276798;1
6/11/2024;-7.504643;109.374465;1
6/15/2024;-7.160813;110.40445;1
3/16/2024;-6.151617;107.339017;1
6/25/2024;-7.792111;110.247275;1
6/11/2024;-7.434941;109.352352;1
6/13/2024;-6.811276;110.910182;1
4/28/2024;-6.367354;107.79292;1
6/24/2024;-6.654244;110.664166;1
4/27/2024;-6.216992;107.34303;1
4/29/2024;-6.45325;108.075864;1
6/27/2024;-7.388297;109.67414;1
3/16/2024;-6.212363;107.343334;1
6/11/2024;-7.613442;109.152654;1
2024-12-10;-7.344837719340153;109.9204157327175;0
6/13/2024;-6.813874;110.807375;1
6/13/2024;-6.859309;110.869296;1
6/11/2024;-6.938194;110.218695;1
6/10/2024;-6.959876;109.596056;1
6/11/2024;-7.503764;109.375517;1
6/11/2024;-6.975038;110.171867;1
6/11/2024;-7.435215;109.352926;1
3/18/2024;-6.292241;107.362424;1
6/25/2024;-7.792635;110.2472;1
6/13/2024;-6.810238;110.963861;1
3/18/2024;-6.291752;107.362426;1
6/27/2024;-6.873678;109.381615;1
6/10/2024;-6.980921;109.053822;1
6/11/2024;-6.974183;110.170431;1
3/16/2024;-6.150404;107.347893;1
6/26/2024;-6.909077;109.750106;1
6/24/2024;-6.653238;110.664777;1
3/19/2024;-6.382917;108.270989;1
6/26/2024;-6.909437;109.749844;1
4/27/2024;-6.235281;107.468791;1
4/27/2024;-6.23424;107.465078;1
2024-09-15;-8.127947561269936;112.43110644863934;0
6/25/2024;-7.792719;110.24683;1
2024-12-10;-5.895049836417433;107.1730938074963;0
6/12/2024;-7.725856;109.523425;1
6/12/2024;-7.047034;110.535901;1
6/28/2024;-6.9705;109.095037;1
6/10/2024;-6.92879;109.68765;1
2024-10-20;-7.49572906190676;107.4585682269029;0
6/12/2024;-7.725804;109.523122;1
4/29/2024;-6.454412;108.075285;1
3/18/2024;-6.261046;107.46445;1
6/24/2024;-7.742435;109.926834;1
6/24/2024;-7.847083;110.315654;1
6/12/2024;-7.594796;109.449085;1
4/27/2024;-6.233542;107.465474;1
4/28/2024;-6.336807;107.601757;1
6/24/2024;-6.714887;110.707951;1
6/24/2024;-6.715352;110.706146;1
6/12/2024;-7.724482;109.522988;1
6/12/2024;-7.716455;109.488407;1
6/12/2024;-6.861771;110.791446;1
3/20/2024;-6.437096;107.884411;1
3/19/2024;-6.454144;108.072644;1
4/28/2024;-6.336142;107.600378;1
4/28/2024;-6.33787;107.599801;1
6/26/2024;-6.9001;109.755149;1
6/26/2024;-6.907752;109.749075;1
6/12/2024;-7.048385;110.53512;1
4/29/2024;-6.384061;108.275872;1
6/28/2024;-6.994531;109.052412;1
6/27/2024;-7.388313;109.674235;1
4/27/2024;-6.260038;107.46141;1
6/12/2024;-7.595039;109.449996;1
6/11/2024;-6.937613;110.219313;1
6/11/2024;-6.905742;110.18482;1
4/28/2024;-6.362329;107.607958;1
6/28/2024;-6.994175;109.054329;1
6/11/2024;-6.975066;110.169915;1
6/12/2024;-7.725688;109.52424;1
3/19/2024;-6.403521;108.323108;1
6/12/2024;-7.731483;109.726033;1
6/27/2024;-6.874206;109.38183;1
6/24/2024;-6.715088;110.707064;1
4/27/2024;-6.234687;107.465983;1
6/11/2024;-7.650279;109.208745;1
4/28/2024;-6.356369;107.640804;1
6/24/2024;-6.763524;110.766648;1
6/11/2024;-7.650289;109.208268;1
3/18/2024;-6.261053;107.461757;1
6/12/2024;-7.749236;109.673931;1
6/11/2024;-7.650596;109.208579;1
6/11/2024;-6.906688;110.185694;1
6/28/2024;-6.994345;109.053861;1
3/20/2024;-6.435224;107.884913;1
6/27/2024;-7.388122;109.6743;1
3/16/2024;-6.151774;107.339055;1
6/11/2024;-6.937857;110.21846;1
6/12/2024;-6.851001;110.796786;1
6/11/2024;-7.426695;109.295529;1
6/10/2024;-6.960391;109.595765;1
4/29/2024;-6.402014;108.324754;1
4/27/2024;-6.292566;107.360569;1
2024-08-15;-6.168320429512054;107.24792981031948;0
6/24/2024;-7.847055;110.315467;1
3/16/2024;-6.152793;107.339336;1
6/27/2024;-7.388351;109.674578;1
3/19/2024;-6.404445;108.323479;1
4/28/2024;-6.368128;107.794956;1
6/11/2024;-7.426613;109.412179;1
4/29/2024;-6.453314;108.074904;1
6/10/2024;-6.960885;109.597556;1
6/13/2024;-6.808987;110.964174;1
6/25/2024;-7.869366;110.19584;1
6/27/2024;-6.895145;109.430088;1
4/27/2024;-6.23426;107.464536;1
3/18/2024;-6.261354;107.462476;1
6/11/2024;-7.503737;109.375762;1
3/18/2024;-6.333976;107.401833;1
6/11/2024;-7.426158;109.413018;1
4/27/2024;-6.217171;107.34307;1
6/27/2024;-6.871985;109.392128;1
6/11/2024;-7.435128;109.3518;1
6/10/2024;-6.959803;109.595223;1
6/27/2024;-6.894477;109.428707;1
4/28/2024;-6.35629;107.640445;1
4/28/2024;-6.368737;107.792569;1
6/28/2024;-6.970483;109.093625;1
4/29/2024;-6.327252;108.306821;1
6/11/2024;-7.426847;109.41364;1
3/19/2024;-6.326139;107.670528;1
3/20/2024;-6.36558;107.632792;1
6/28/2024;-6.994538;109.053704;1
6/12/2024;-7.594728;109.450188;1
6/15/2024;-7.159081;110.403992;1
3/20/2024;-6.364488;107.631406;1
4/29/2024;-6.453813;108.075701;1
3/18/2024;-6.33277;107.401563;1
6/12/2024;-7.726006;109.523034;1
6/26/2024;-6.909341;109.743989;1
6/11/2024;-7.503428;109.374631;1
4/29/2024;-6.401994;108.323623;1
6/10/2024;-6.929157;109.686295;1
6/11/2024;-7.425842;109.295229;1
6/10/2024;-6.959644;109.595258;1
6/13/2024;-6.8134;110.808392;1
2024-06-15;-6.283137339197832;106.90305763521044;0
6/10/2024;-6.959105;109.598636;1
6/27/2024;-6.896741;109.429604;1
3/19/2024;-6.402277;108.324973;1
4/28/2024;-6.378766;107.832495;1
6/25/2024;-7.868915;110.196644;1
6/24/2024;-7.742889;109.927287;1
3/18/2024;-6.294973;107.359375;1
6/26/2024;-6.901172;109.755917;1
4/29/2024;-6.384737;108.272733;1
2024-01-15;-7.084889458743837;110.77803524791352;0
6/12/2024;-7.63827;109.5588;1
6/12/2024;-6.860182;110.792915;1
6/11/2024;-7.435646;109.353674;1
6/15/2024;-7.484778;110.704167;1
4/29/2024;-6.454527;108.069836;1
3/18/2024;-6.261503;107.463549;1
4/28/2024;-6.360586;107.60737;1
2024-10-20;-6.474863154768978;107.19419197221686;0
4/27/2024;-6.293361;107.361858;1
6/12/2024;-7.748954;109.672486;1
6/25/2024;-7.869236;110.195767;1
3/20/2024;-6.365966;107.631612;1
4/28/2024;-6.362788;107.607419;1
6/12/2024;-6.860741;110.792773;1
6/27/2024;-6.870976;109.391069;1
6/13/2024;-6.809809;110.964418;1
6/28/2024;-6.995276;109.053782;1
6/10/2024;-6.958661;109.597897;1
6/27/2024;-7.409044;109.880999;1
6/11/2024;-7.425653;109.2954;1
6/11/2024;-7.504235;109.374683;1
6/12/2024;-7.731934;109.725578;1
6/11/2024;-7.426991;109.295417;1
6/13/2024;-6.810222;110.963697;1
6/28/2024;-6.969919;109.094476;1
6/24/2024;-7.74279;109.92701;1
6/13/2024;-6.810171;110.963762;1
4/28/2024;-6.336034;107.600776;1
6/27/2024;-7.410992;109.880242;1
6/27/2024;-6.871894;109.39196;1
6/12/2024;-7.749573;109.672825;1
6/12/2024;-7.595251;109.449576;1
4/27/2024;-6.233333;107.466578;1
6/26/2024;-6.906367;109.770906;1
6/15/2024;-7.160398;110.404625;1
6/13/2024;-6.862216;110.85688;1
6/11/2024;-6.960228;110.194851;1
6/11/2024;-6.960741;110.194111;1
6/28/2024;-6.970516;109.095271;1
6/11/2024;-6.904637;110.185808;1
4/27/2024;-6.21704;107.342353;1
6/28/2024;-6.995944;109.053536;1
6/11/2024;-6.960595;110.194741;1
6/15/2024;-7.122936;110.400851;1
3/19/2024;-6.382464;108.271812;1
6/27/2024;-6.875025;109.382829;1
6/10/2024;-6.929659;109.688036;1
3/19/2024;-6.4825;108.076083;1
6/15/2024;-7.124307;110.400291;1
6/26/2024;-6.904983;109.770874;1
4/27/2024;-6.234773;107.468111;1
6/10/2024;-6.960932;109.597756;1
6/10/2024;-6.960081;109.594661;1
6/10/2024;-6.929377;109.688057;1
6/27/2024;-6.87157;109.392075;1
4/29/2024;-6.45577;108.071024;1
6/11/2024;-7.426425;109.295782;1
4/28/2024;-6.35607;107.640765;1
4/29/2024;-6.385188;108.272735;1
3/18/2024;-6.261114;107.46453;1
6/13/2024;-6.859964;110.866696;1
3/18/2024;-6.293148;107.36315;1
4/29/2024;-6.32717;108.30667;1
6/10/2024;-6.961579;109.597354;1
4/28/2024;-6.367688;107.792696;1
6/12/2024;-6.860565;110.792941;1
4/29/2024;-6.401647;108.324726;1
6/27/2024;-6.873553;109.380995;1
4/28/2024;-6.377972;107.832889;1
3/19/2024;-6.381915;108.271729;1
3/19/2024;-6.32824;108.302765;1
6/24/2024;-6.654105;110.663594;1
3/20/2024;-6.378909;107.832194;1
2024-03-20;-7.382428490445716;111.8396703138026;0
4/27/2024;-6.212647;107.343953;1
6/24/2024;-6.715297;110.70674;1
6/12/2024;-7.749318;109.673801;1
3/18/2024;-6.333407;107.400904;1
4/28/2024;-6.337515;107.600607;1
2024-04-15;-6.269051107018082;107.39582530058118;0
2024-05-20;-6.45714724527557;106.95203172276392;0
6/26/2024;-6.908328;109.748305;1
6/12/2024;-7.748828;109.673849;1
6/11/2024;-6.960095;110.193945;1
4/28/2024;-6.362053;107.607823;1
3/19/2024;-6.328841;108.303709;1
6/11/2024;-7.426536;109.413789;1
6/26/2024;-6.902078;109.755522;1
3/18/2024;-6.333115;107.401084;1
6/27/2024;-7.388808;109.674537;1
4/29/2024;-6.452829;108.074483;1
6/24/2024;-7.846857;110.315859;1
4/27/2024;-6.256094;107.456136;1
2024-06-15;-6.34828158007462;107.253142708991;0
3/16/2024;-6.147957;107.34061;1
3/18/2024;-6.260303;107.461753;1
3/16/2024;-6.149494;107.349243;1
4/27/2024;-6.260419;107.460809;1
6/11/2024;-6.960176;110.194224;1
3/19/2024;-6.481324;108.076206;1
6/28/2024;-6.993478;109.052546;1
6/28/2024;-6.9715;109.094712;1
6/13/2024;-6.811222;110.911051;1
4/28/2024;-6.367229;107.794048;1
3/20/2024;-6.363206;107.631858;1
6/27/2024;-6.871314;109.390109;1
6/11/2024;-7.614836;109.152468;1
3/20/2024;-6.360665;107.607648;1
4/27/2024;-6.217164;107.342977;1
6/11/2024;-7.426488;109.294905;1
6/15/2024;-7.159759;110.403687;1
6/28/2024;-6.995614;109.052661;1
4/29/2024;-6.481357;108.081434;1
4/27/2024;-6.233695;107.4682;1
6/26/2024;-6.908722;109.749969;1
4/29/2024;-6.384166;108.275606;1
4/27/2024;-6.216116;107.341829;1
6/10/2024;-6.960791;109.595341;1
6/28/2024;-6.994368;109.054315;1
6/13/2024;-7.744167;109.927417;1
6/25/2024;-7.793416;110.246607;1
6/15/2024;-7.159878;110.403645;1
6/27/2024;-7.388592;109.674328;1
6/10/2024;-6.959695;109.598207;1
6/12/2024;-7.639061;109.55877;1
6/10/2024;-6.928928;109.687375;1
3/20/2024;-6.379356;107.832597;1
4/28/2024;-6.360524;107.607497;1
6/27/2024;-6.896749;109.406368;1
6/13/2024;-6.813257;110.806693;1
3/19/2024;-6.481845;108.076187;1
2024-09-15;-6.129757100127976;107.0560782679253;0
4/29/2024;-6.383006;108.271306;1
3/18/2024;-6.260261;107.463654;1
6/25/2024;-7.793282;110.246527;1
2024-10-20;-6.105302312920701;106.9246677984117;0
4/29/2024;-6.384433;108.273708;1
4/27/2024;-6.260506;107.462641;1
6/15/2024;-7.159657;110.404285;1
6/10/2024;-6.961214;109.595509;1
6/24/2024;-6.653293;110.664001;1
6/13/2024;-6.811448;110.911446;1
3/19/2024;-6.454699;108.071798;1
6/13/2024;-6.809366;110.96383;1
2024-12-10;-7.114991160275758;113.29086083541723;0
4/27/2024;-6.234697;107.465829;1
2024-11-15;-7.0799017991231965;114.21172662187992;0
6/13/2024;-6.859698;110.868419;1
3/20/2024;-6.436233;107.884849;1
6/11/2024;-7.426754;109.411666;1
6/11/2024;-7.427098;109.294631;1
6/11/2024;-7.42616;109.413471;1
3/18/2024;-6.333056;107.401222;1
6/12/2024;-7.638017;109.558201;1
6/10/2024;-6.921311;109.682267;1
6/12/2024;-7.731909;109.726235;1
3/16/2024;-6.149082;107.34021;1
6/10/2024;-6.960383;109.596871;1
3/20/2024;-6.363255;107.631598;1
4/27/2024;-6.233336;107.465074;1
6/26/2024;-6.909896;109.743757;1
6/13/2024;-6.814252;110.807788;1
3/20/2024;-6.362588;107.606091;1
6/10/2024;-6.96123;109.597569;1
6/10/2024;-6.960508;109.594346;1
4/27/2024;-6.233191;107.466545;1
6/10/2024;-6.928918;109.688322;1
6/11/2024;-7.426894;109.295142;1
3/20/2024;-6.360961;107.60767;1
6/12/2024;-7.047481;110.535574;1
6/11/2024;-6.937604;110.21928;1
6/28/2024;-6.995625;109.053611;1
4/27/2024;-6.194246;107.493853;1
4/28/2024;-6.338009;107.601086;1
6/24/2024;-6.679561;110.654041;1
6/12/2024;-7.72524;109.523815;1
6/11/2024;-6.90493;110.184791;1
6/11/2024;-6.905044;110.185051;1
6/11/2024;-7.426238;109.413975;1
6/28/2024;-6.995979;109.052422;1
6/26/2024;-6.899985;109.754902;1
6/27/2024;-6.895838;109.43006;1
4/27/2024;-6.193794;107.493412;1
3/20/2024;-6.435569;107.885275;1
6/28/2024;-6.994563;109.053988;1
6/24/2024;-7.781394;109.949923;1
4/29/2024;-6.3268;108.304333;1
4/29/2024;-6.38413;108.273575;1
6/10/2024;-6.960344;109.594603;1
6/12/2024;-7.715006;109.487886;1
6/28/2024;-6.99521;109.053409;1
6/12/2024;-7.639206;109.559343;1
6/26/2024;-6.900462;109.754972;1
3/16/2024;-6.150237;107.347952;1
4/29/2024;-6.384259;108.276792;1
6/13/2024;-6.810216;110.964255;1
6/12/2024;-6.860224;110.792546;1
6/11/2024;-7.436022;109.352979;1
4/28/2024;-6.378225;107.833432;1
6/26/2024;-6.908121;109.750087;1
6/13/2024;-6.809694;110.963592;1
4/28/2024;-6.354908;107.642013;1
3/18/2024;-6.294213;107.360493;1
4/29/2024;-6.330278;108.302656;1
6/13/2024;-6.859178;110.867579;1
6/27/2024;-6.874413;109.380885;1
4/27/2024;-6.235405;107.468303;1
4/29/2024;-6.481672;108.081455;1
6/11/2024;-6.959327;110.195119;1
6/27/2024;-6.894274;109.429822;1
6/10/2024;-6.980823;109.053051;1
4/27/2024;-6.292374;107.361868;1
4/27/2024;-6.23379;107.464624;1
6/27/2024;-7.409522;109.880674;1
4/29/2024;-6.385066;108.273118;1
6/10/2024;-6.960385;109.593941;1
6/26/2024;-6.909737;109.749807;1
2024-11-15;-7.6090973019052495;110.96169244201958;0
6/11/2024;-6.906229;110.185187;1
4/29/2024;-6.4551;108.070989;1
6/12/2024;-7.638714;109.559075;1
6/27/2024;-6.895836;109.429607;1
6/27/2024;-7.410523;109.880701;1
6/12/2024;-7.732008;109.726297;1
4/28/2024;-6.337447;107.598946;1
6/24/2024;-6.764011;110.766523;1
6/27/2024;-6.871624;109.390453;1
3/18/2024;-6.331778;107.402151;1
6/10/2024;-6.980989;109.052945;1
6/27/2024;-7.410464;109.880927;1
4/27/2024;-6.211296;107.343044;1
6/24/2024;-7.741622;109.927469;1
6/27/2024;-6.873926;109.381156;1
6/10/2024;-6.920659;109.683436;1
2024-08-15;-7.265029682644847;114.3148545048802;0
6/10/2024;-6.928262;109.687411;1
6/13/2024;-6.858518;110.867172;1
3/20/2024;-6.361571;107.607201;1
6/13/2024;-6.812055;110.911383;1
2024-08-15;-7.398586309756238;107.5579959647413;0
4/27/2024;-6.216174;107.342184;1
4/28/2024;-6.378771;107.831592;1
6/28/2024;-6.996101;109.053004;1
6/25/2024;-7.792991;110.246862;1
6/10/2024;-6.959897;109.594151;1
6/15/2024;-7.160125;110.404673;1
6/12/2024;-7.733281;109.725169;1
6/13/2024;-6.810227;110.964211;1
2024-04-15;-6.051418975571796;106.53019260850576;0
6/12/2024;-7.748732;109.673151;1
6/25/2024;-7.793557;110.247348;1
3/20/2024;-6.378417;107.835889;1
6/27/2024;-7.387963;109.674692;1
4/27/2024;-6.234679;107.467789;1
6/11/2024;-7.426763;109.295437;1
6/28/2024;-6.970138;109.09336;1
4/29/2024;-6.403817;108.325217;1
6/28/2024;-6.970909;109.094458;1
6/24/2024;-7.78174;109.949434;1
6/25/2024;-7.79377;110.246834;1
6/10/2024;-6.959279;109.594827;1
4/27/2024;-6.193671;107.493617;1
2024-10-20;-7.676871432686981;109.69541126935836;0
6/12/2024;-7.725522;109.523487;1
3/20/2024;-6.363604;107.631687;1
6/11/2024;-7.426446;109.413847;1
4/28/2024;-6.360794;107.608984;1
4/27/2024;-6.259121;107.462628;1
4/28/2024;-6.377557;107.833376;1
4/26/2024;-6.14911;107.350053;1
3/19/2024;-6.401709;108.323999;1
6/24/2024;-6.71521;110.706657;1
6/27/2024;-6.873558;109.382756;1
6/11/2024;-7.503785;109.375138;1
6/12/2024;-7.724995;109.524326;1
6/11/2024;-6.958533;110.193986;1
2024-01-15;-7.092942358956285;111.93861437564074;0
4/29/2024;-6.402523;108.324403;1
6/10/2024;-6.960035;109.595172;1
3/19/2024;-6.404756;108.324806;1
6/27/2024;-6.873798;109.381161;1
6/25/2024;-7.79276;110.24763;1
6/28/2024;-6.971292;109.094539;1
6/24/2024;-6.652887;110.663714;1
4/29/2024;-6.452923;108.075604;1
4/28/2024;-6.337957;107.598872;1
6/15/2024;-7.160038;110.403944;1
6/25/2024;-7.869229;110.195631;1
6/27/2024;-7.410592;109.881211;1
4/29/2024;-6.328094;108.303517;1
6/28/2024;-6.97133;109.093815;1
3/19/2024;-6.481714;108.075051;1
6/11/2024;-7.426886;109.411867;1
6/27/2024;-7.410402;109.881448;1
6/24/2024;-6.679078;110.654247;1
6/27/2024;-7.409554;109.881188;1
6/10/2024;-6.982452;109.052541;1
6/26/2024;-6.910685;109.74455;1
6/24/2024;-6.679497;110.654528;1
6/13/2024;-6.810425;110.965073;1
4/26/2024;-6.150255;107.349548;1
6/28/2024;-6.994099;109.053884;1
6/11/2024;-6.958676;110.194542;1
3/18/2024;-6.260778;107.459472;1
6/15/2024;-7.158808;110.404542;1
6/11/2024;-7.650584;109.20887;1
6/11/2024;-7.436269;109.352437;1
6/15/2024;-7.159588;110.404305;1
6/11/2024;-6.974726;110.171884;1
6/10/2024;-6.959698;109.598353;1
6/11/2024;-7.435321;109.352633;1
6/12/2024;-7.750358;109.672908;1
6/11/2024;-7.426174;109.295256;1
6/26/2024;-6.906769;109.772353;1
2024-05-20;-6.892400120800752;106.45502608920005;0
6/27/2024;-6.875095;109.381601;1
6/27/2024;-7.387944;109.675889;1
2024-01-15;-5.838682291951285;106.59240091255307;0
6/24/2024;-7.846747;110.315801;1
6/13/2024;-6.810404;110.964324;1
6/11/2024;-7.435435;109.353196;1
3/16/2024;-6.149948;107.348794;1
6/10/2024;-6.960214;109.593982;1
6/27/2024;-6.895454;109.406561;1
6/11/2024;-7.649942;109.209163;1
6/11/2024;-6.906306;110.185136;1
2024-08-15;-6.120829238912675;107.05210662978824;0
4/26/2024;-6.149355;107.348641;1
3/20/2024;-6.364676;107.631939;1
6/11/2024;-6.937767;110.217789;1
6/26/2024;-6.904997;109.77111;1
6/12/2024;-7.724955;109.524335;1
2024-01-15;-6.052364487829476;106.84870494380873;0
6/11/2024;-7.42612;109.413328;1
4/29/2024;-6.479648;108.079477;1
3/19/2024;-6.400809;108.323541;1
6/10/2024;-6.960837;109.597198;1
6/24/2024;-6.678974;110.653744;1
4/28/2024;-6.368592;107.792701;1
6/24/2024;-7.780577;109.949128;1
6/24/2024;-7.845828;110.315697;1
6/12/2024;-7.035326;110.537098;1
6/11/2024;-7.650063;109.209189;1
6/24/2024;-7.78164;109.949151;1
4/27/2024;-6.194003;107.495289;1
6/24/2024;-6.714324;110.706879;1
4/28/2024;-6.36813;107.794504;1
6/11/2024;-7.42599;109.411876;1
6/12/2024;-7.724337;109.524002;1
2024-09-15;-7.208177677937884;111.44454462326624;0
6/27/2024;-6.870423;109.391411;1
4/27/2024;-6.214811;107.342107;1
6/25/2024;-7.868949;110.195915;1
6/26/2024;-6.900829;109.755507;1
6/26/2024;-6.906823;109.772904;1
6/27/2024;-6.873862;109.382437;1
6/13/2024;-6.861622;110.857709;1
2024-02-10;-8.037042838622389;112.15376432387224;0
6/11/2024;-6.958449;110.193854;1
3/18/2024;-6.292417;107.362663;1
3/20/2024;-6.36461;107.631605;1
6/27/2024;-6.870419;109.390054;1
3/20/2024;-6.363438;107.632631;1
6/26/2024;-6.900608;109.754683;1
6/27/2024;-6.874459;109.381445;1
6/11/2024;-6.93726;110.219225;1
6/15/2024;-7.160161;110.404635;1
6/13/2024;-6.811077;110.911064;1
6/12/2024;-7.748828;109.673915;1
6/27/2024;-6.895918;109.429516;1
6/27/2024;-7.41108;109.880389;1
4/27/2024;-6.233338;107.464622;1
6/12/2024;-7.749161;109.672587;1
6/27/2024;-6.872574;109.391138;1
6/24/2024;-7.78103;109.94958;1
6/10/2024;-6.929205;109.687132;1
4/28/2024;-6.379217;107.832497;1
4/27/2024;-6.235347;107.466979;1
4/26/2024;-6.149203;107.348088;1
6/12/2024;-7.724923;109.524002;1
6/10/2024;-6.928846;109.687637;1
6/27/2024;-7.38882;109.674485;1
6/12/2024;-7.732301;109.726187;1
6/11/2024;-6.904995;110.18633;1
3/20/2024;-6.435856;107.883939;1
6/12/2024;-7.725714;109.524361;1
6/24/2024;-6.654532;110.66362;1
6/10/2024;-6.959029;109.595199;1
4/27/2024;-6.2944;107.360401;1
6/11/2024;-7.426818;109.413798;1
6/11/2024;-7.425854;109.294586;1
4/29/2024;-6.32706;108.305416;1
6/11/2024;-6.905628;110.185514;1
3/20/2024;-6.364601;107.633411;1
6/28/2024;-6.99574;109.052989;1
6/11/2024;-6.905839;110.184431;1
4/27/2024;-6.260019;107.460683;1
4/28/2024;-6.367083;107.793417;1
3/20/2024;-6.36412;107.631571;1
4/28/2024;-6.362056;107.607969;1
3/16/2024;-6.148628;107.34066;1
6/15/2024;-7.124213;110.400112;1
4/27/2024;-6.211884;107.343069;1
3/19/2024;-6.404075;108.323417;1
6/10/2024;-6.920694;109.683127;1
6/12/2024;-7.750121;109.672926;1
3/19/2024;-6.402385;108.324641;1
6/27/2024;-6.896562;109.407243;1
4/28/2024;-6.379221;107.832607;1
4/27/2024;-6.233939;107.468178;1
4/26/2024;-6.150261;107.348194;1
6/27/2024;-7.387878;109.674917;1
6/11/2024;-6.958911;110.194959;1
6/13/2024;-6.858578;110.867505;1
6/11/2024;-6.938002;110.218136;1
6/24/2024;-7.740913;109.926966;1
2024-05-20;-7.195996442021254;108.25387371087736;0
6/12/2024;-7.731805;109.72575;1
6/11/2024;-6.936818;110.218797;1
6/27/2024;-7.388765;109.674749;1
2024-04-15;-8.765114304282902;114.46396434656768;0
6/10/2024;-6.981087;109.052946;1
4/27/2024;-6.258915;107.462879;1
6/11/2024;-7.504238;109.375589;1
4/28/2024;-6.355691;107.640269;1
6/28/2024;-6.970065;109.093399;1
6/15/2024;-7.159768;110.404601;1
6/15/2024;-7.123673;110.39967;1
6/11/2024;-7.504438;109.374212;1
6/15/2024;-7.159864;110.404248;1
4/29/2024;-6.327878;108.304541;1
4/27/2024;-6.214843;107.342794;1
3/16/2024;-6.149068;107.337416;1
6/12/2024;-7.725407;109.524333;1
4/28/2024;-6.368577;107.793991;1
4/28/2024;-6.368504;107.79259;1
3/18/2024;-6.310444;107.367472;1
6/10/2024;-6.961156;109.595146;1
3/16/2024;-6.152126;107.339766;1
6/27/2024;-6.895785;109.428569;1
6/12/2024;-7.725331;109.52423;1
6/24/2024;-7.782215;109.948695;1
6/11/2024;-7.425756;109.294744;1
6/27/2024;-6.874911;109.381443;1
2024-09-15;-6.051014218450179;106.99749047757088;0
6/11/2024;-7.61458;109.151666;1
3/19/2024;-6.482637;108.07527;1
2024-03-20;-7.283936960659776;111.02213953330528;0
3/19/2024;-6.482957;108.075365;1
3/20/2024;-6.361573;107.606749;1
6/12/2024;-6.861324;110.791843;1
4/27/2024;-6.259542;107.461855;1
6/27/2024;-6.89666;109.429144;1
6/15/2024;-7.160233;110.404652;1
6/27/2024;-7.41155;109.880531;1
6/12/2024;-7.732833;109.726158;1
4/29/2024;-6.454486;108.074717;1
2024-08-15;-7.457597585993913;106.4628889090401;0
2024-06-15;-5.920313037117508;107.3687745204742;0
3/20/2024;-6.365923;107.633483;1
4/26/2024;-6.150073;107.348811;1
6/24/2024;-7.74126;109.928409;1
6/10/2024;-6.981729;109.0535;1
4/29/2024;-6.383814;108.275886;1
6/11/2024;-6.974453;110.17168;1
6/13/2024;-6.867916;110.870152;1
6/11/2024;-7.649653;109.209636;1
6/11/2024;-6.959167;110.195276;1
6/27/2024;-7.38883;109.674375;1
6/28/2024;-6.995738;109.052537;1
3/18/2024;-6.261952;107.464003;1
6/26/2024;-6.910745;109.746838;1
3/16/2024;-6.149918;107.347977;1
4/29/2024;-6.384001;108.272166;1
4/28/2024;-6.362784;107.607509;1
6/27/2024;-6.894932;109.42961;1
6/28/2024;-6.993794;109.053503;1
6/12/2024;-7.03621;110.539045;1
6/12/2024;-7.594676;109.448427;1
6/11/2024;-7.649517;109.209643;1
6/12/2024;-7.726038;109.523094;1
6/15/2024;-7.160854;110.404244;1
6/11/2024;-7.434725;109.351983;1
6/12/2024;-7.725729;109.522912;1
4/29/2024;-6.454641;108.070002;1
6/27/2024;-6.870872;109.390505;1
6/28/2024;-6.97016;109.094365;1
4/28/2024;-6.360029;107.607747;1
4/29/2024;-6.452999;108.074501;1
6/11/2024;-6.960004;110.194298;1
6/24/2024;-7.845626;110.315907;1
6/27/2024;-6.894998;109.428746;1
3/19/2024;-6.400924;108.325214;1
2024-01-15;-7.42752576818536;109.56201220000597;0
6/27/2024;-6.894977;109.429474;1
6/27/2024;-6.897478;109.406058;1
6/24/2024;-7.741983;109.926836;1
6/12/2024;-7.035805;110.539578;1
6/15/2024;-7.122965;110.399828;1
6/11/2024;-7.426188;109.413712;1
6/24/2024;-7.741445;109.928503;1
6/10/2024;-6.959085;109.598716;1
4/28/2024;-6.336307;107.601107;1
6/12/2024;-7.750289;109.673264;1
4/29/2024;-6.401191;108.325091;1
6/12/2024;-7.724474;109.524574;1
2024-07-20;-7.231532292901136;110.91622553931218;0
6/27/2024;-6.896027;109.405988;1
6/28/2024;-6.993582;109.053022;1
6/12/2024;-7.595344;109.450273;1
4/29/2024;-6.454034;108.075315;1
6/27/2024;-7.388154;109.674659;1
6/28/2024;-6.995218;109.052351;1
6/10/2024;-6.920607;109.682642;1
2024-07-20;-6.034000491343683;108.62451650028356;0
6/15/2024;-7.161442;110.403874;1
6/10/2024;-6.961392;109.597999;1
3/16/2024;-6.148429;107.336568;1
3/16/2024;-6.148989;107.340053;1
4/27/2024;-6.295238;107.357828;1
3/19/2024;-6.403872;108.32398;1
6/24/2024;-6.687083;110.676679;1
6/10/2024;-6.928874;109.688971;1
6/12/2024;-7.594989;109.449204;1
6/10/2024;-6.959234;109.594281;1
6/11/2024;-7.504208;109.374483;1
6/10/2024;-6.928932;109.688093;1
6/12/2024;-7.595389;109.448671;1
3/16/2024;-6.212506;107.343042;1
6/12/2024;-7.733117;109.726343;1
6/24/2024;-6.715582;110.706386;1
3/20/2024;-6.378083;107.832917;1
4/28/2024;-6.362323;107.608441;1
6/15/2024;-7.160399;110.403688;1
6/24/2024;-6.652188;110.663205;1
3/20/2024;-6.365053;107.633413;1
6/13/2024;-6.861532;110.857565;1
6/28/2024;-6.995363;109.054257;1
2024-11-15;-6.981333903152617;109.21892782497268;0
6/12/2024;-7.731975;109.72514;1
6/11/2024;-7.650061;109.208736;1
6/13/2024;-6.810382;110.963852;1
3/18/2024;-6.294713;107.359708;1
4/26/2024;-6.148899;107.349542;1
6/27/2024;-6.87042;109.390506;1
4/27/2024;-6.259113;107.46113;1
6/13/2024;-6.868617;110.869777;1
6/27/2024;-6.895415;109.428968;1
6/12/2024;-7.595837;109.450012;1
3/20/2024;-6.379353;107.833551;1
6/15/2024;-7.15921;110.404478;1
2024-04-15;-8.60330118595856;113.09241845516227;0
3/19/2024;-6.405324;108.323571;1
6/10/2024;-6.981349;109.052628;1
3/18/2024;-6.291141;107.362205;1
6/11/2024;-6.906004;110.184135;1
6/13/2024;-6.810484;110.963677;1
6/13/2024;-6.812907;110.80845;1
6/11/2024;-7.42655;109.413478;1
6/11/2024;-7.650536;109.209608;1
6/12/2024;-7.595949;109.450427;1
3/18/2024;-6.333378;107.401441;1
6/10/2024;-6.929936;109.688055;1
4/27/2024;-6.292785;107.360876;1
4/27/2024;-6.29377;107.361535;1
3/20/2024;-6.365753;107.63072;1
2024-07-20;-6.484654080494789;107.29811317347452;0
6/10/2024;-6.929238;109.688474;1
6/25/2024;-7.79239;110.246954;1
6/10/2024;-6.960677;109.597987;1
6/26/2024;-6.900447;109.755084;1
6/27/2024;-7.388832;109.674136;1
6/12/2024;-7.036176;110.538301;1
4/27/2024;-6.215548;107.342665;1
4/27/2024;-6.292167;107.360543;1
3/18/2024;-6.332941;107.400773;1
3/16/2024;-6.148299;107.340613;1
4/29/2024;-6.328079;108.305773;1
6/27/2024;-6.896903;109.406116;1
6/11/2024;-6.974438;110.170522;1
3/19/2024;-6.482293;108.076972;1
6/13/2024;-6.812499;110.8071;1
6/11/2024;-6.974941;110.171866;1
4/29/2024;-6.454062;108.071561;1
3/19/2024;-6.402645;108.324605;1
6/11/2024;-6.93749;110.218322;1
3/18/2024;-6.333989;107.402327;1
4/28/2024;-6.37922;107.832046;1
6/24/2024;-7.742439;109.928195;1
6/15/2024;-7.161059;110.404004;1
6/24/2024;-7.782102;109.948388;1
6/11/2024;-6.974914;110.171686;1
3/19/2024;-6.329541;108.304182;1
4/27/2024;-6.216499;107.34175;1
4/29/2024;-6.401355;108.324697;1
6/27/2024;-6.871303;109.390265;1
6/24/2024;-6.653682;110.662694;1
6/26/2024;-6.909222;109.747802;1
2024-01-15;-6.339573483049939;106.50517735168292;0
6/13/2024;-6.862952;110.857592;1
6/12/2024;-7.639035;109.558135;1
6/12/2024;-7.724631;109.524324;1
6/28/2024;-6.994479;109.052909;1
4/27/2024;-6.23503;107.468658;1
4/28/2024;-6.354475;107.640909;1
2024-03-20;-6.96720536582862;107.58465248399968;0
2024-04-15;-5.72579837285726;108.28017678271117;0
2024-10-20;-6.955910224467535;110.16654811253494;0
6/27/2024;-7.409564;109.880375;1
6/11/2024;-7.42629;109.295366;1
6/10/2024;-6.98156;109.053756;1
6/11/2024;-7.427001;109.29563;1
2024-02-10;-6.121111176667903;105.44628985591142;0
3/16/2024;-6.147915;107.336416;1
4/27/2024;-6.259314;107.462628;1
6/13/2024;-6.810234;110.963819;1
3/20/2024;-6.362196;107.605975;1
2024-02-10;-6.488494020909999;107.45147286910588;0
6/12/2024;-7.639429;109.559203;1
6/26/2024;-6.900469;109.754505;1
6/28/2024;-6.995687;109.053068;1
2024-03-20;-6.545613722051243;108.59819229048315;0
2024-10-20;-6.808298845543739;111.15871830453996;0
6/12/2024;-7.035724;110.538302;1
6/27/2024;-6.874924;109.381908;1
6/25/2024;-7.792432;110.247191;1
6/11/2024;-6.959588;110.194413;1
6/24/2024;-6.655055;110.663709;1
6/24/2024;-6.763999;110.765781;1
6/11/2024;-7.435438;109.353609;1
6/11/2024;-7.426733;109.295766;1
3/19/2024;-6.481455;108.077052;1
3/18/2024;-6.260605;107.46219;1
6/12/2024;-7.716204;109.489281;1
6/10/2024;-6.961251;109.597668;1
6/24/2024;-6.655007;110.6641;1
6/13/2024;-6.813269;110.808475;1
4/28/2024;-6.369036;107.794058;1
6/13/2024;-6.867255;110.870807;1
6/26/2024;-6.900621;109.754314;1
6/10/2024;-6.960958;109.595823;1
6/28/2024;-6.993785;109.053867;1
4/28/2024;-6.377862;107.83249;1
6/12/2024;-7.637948;109.558431;1
6/28/2024;-6.994493;109.054306;1
6/11/2024;-7.649793;109.208595;1
3/16/2024;-6.148392;107.339124;1
4/28/2024;-6.355338;107.640141;1
2024-01-15;-6.133045764491198;107.28685852397456;0
4/27/2024;-6.193428;107.495141;1
6/27/2024;-7.388847;109.674586;1
3/16/2024;-6.211694;107.343944;1
6/26/2024;-6.907967;109.749032;1
6/12/2024;-7.595468;109.449562;1
3/19/2024;-6.405416;108.324015;1
6/13/2024;-6.862415;110.856539;1
6/11/2024;-6.974574;110.171404;1
4/27/2024;-6.260015;107.461586;1
6/27/2024;-6.895928;109.406326;1
6/11/2024;-6.958575;110.195045;1
6/27/2024;-6.873816;109.381506;1
6/12/2024;-7.725207;109.523674;1
6/11/2024;-7.426787;109.411866;1
6/11/2024;-6.960866;110.194331;1
6/12/2024;-7.595639;109.45025;1
4/29/2024;-6.405183;108.324097;1
4/26/2024;-6.150257;107.349097;1
6/12/2024;-7.595837;109.448921;1
4/27/2024;-6.258659;107.461579;1
6/11/2024;-6.974688;110.17215;1
4/27/2024;-6.258743;107.460909;1
6/27/2024;-6.894984;109.430082;1
4/29/2024;-6.40112;108.323394;1
6/26/2024;-6.908036;109.750584;1
6/12/2024;-6.861797;110.791606;1
3/16/2024;-6.149064;107.338607;1
6/11/2024;-6.93721;110.219545;1
6/27/2024;-6.87072;109.390388;1
3/19/2024;-6.404421;108.323565;1
6/26/2024;-6.908572;109.749633;1
6/27/2024;-6.896808;109.406125;1
4/29/2024;-6.402137;108.323586;1
4/26/2024;-6.149556;107.347695;1
2024-04-15;-8.051956160580048;113.2008574229296;0
6/10/2024;-6.920338;109.683619;1
6/12/2024;-7.724647;109.52437;1
4/26/2024;-6.149773;107.349192;1
2024-03-20;-6.083700278990217;106.94381681074006;0
2024-03-20;-6.082993961369834;106.9900515997844;0
3/16/2024;-6.14878;107.349794;1
4/28/2024;-6.337971;107.599706;1
6/27/2024;-7.410578;109.880479;1
6/12/2024;-7.724849;109.523643;1
4/29/2024;-6.402207;108.325052;1
6/12/2024;-7.046772;110.535714;1
6/13/2024;-6.810507;110.963909;1
6/12/2024;-7.732784;109.725732;1
6/15/2024;-7.159901;110.404762;1
6/24/2024;-6.655081;110.663785;1
2024-12-10;-7.647138995593694;111.1083138632009;0
6/12/2024;-7.724674;109.524488;1
6/10/2024;-6.960813;109.597063;1
4/28/2024;-6.336164;107.599697;1
6/13/2024;-6.862247;110.856614;1
6/13/2024;-6.812055;110.91093;1
6/12/2024;-6.861282;110.79247;1
6/15/2024;-7.159213;110.404369;1
6/28/2024;-6.970391;109.09337;1
3/16/2024;-6.149484;107.349705;1
4/27/2024;-6.292556;107.360883;1
6/12/2024;-7.725257;109.523886;1
6/26/2024;-6.900343;109.754701;1
4/28/2024;-6.377415;107.831584;1
3/16/2024;-6.149165;107.348304;1
6/13/2024;-6.811931;110.806848;1
6/12/2024;-7.731576;109.725897;1
6/24/2024;-6.687316;110.677096;1
6/10/2024;-6.95971;109.595739;1
6/12/2024;-7.716119;109.488794;1
6/24/2024;-6.65398;110.662241;1
6/12/2024;-7.639278;109.558138;1
6/13/2024;-6.811997;110.911;1
4/28/2024;-6.337538;107.599939;1
6/13/2024;-6.812769;110.806782;1
4/28/2024;-6.355073;107.641179;1
6/11/2024;-6.938385;110.21887;1
2024-09-15;-6.746225989084258;108.96667723082749;0
4/29/2024;-6.45401;108.070326;1
3/19/2024;-6.382334;108.27181;1
4/28/2024;-6.355703;107.640114;1
6/26/2024;-6.908699;109.749589;1
3/19/2024;-6.455136;108.072052;1
4/29/2024;-6.402406;108.323608;1
6/12/2024;-7.732397;109.725496;1
6/24/2024;-7.742103;109.927108;1
6/12/2024;-7.749326;109.673868;1
6/27/2024;-7.387899;109.673781;1
6/12/2024;-7.749452;109.674251;1
6/25/2024;-7.793614;110.2466;1
6/27/2024;-6.870876;109.391409;1
6/10/2024;-6.959761;109.597349;1
6/28/2024;-6.993827;109.053055;1
6/13/2024;-6.862114;110.957806;1
4/28/2024;-6.359368;107.609487;1
3/18/2024;-6.332048;107.401754;1
6/12/2024;-7.749584;109.673118;1
4/28/2024;-6.36217;107.608711;1
4/28/2024;-6.355565;107.641824;1
6/12/2024;-7.724502;109.523883;1
6/27/2024;-6.874358;109.382152;1
4/28/2024;-6.363235;107.607511;1
6/11/2024;-6.975305;110.170525;1
6/12/2024;-7.04722;110.534416;1
6/15/2024;-7.124406;110.400284;1
6/13/2024;-6.859537;110.868381;1
6/26/2024;-6.907394;109.773219;1
3/20/2024;-6.434976;107.885336;1
6/11/2024;-6.975517;110.171967;1
6/24/2024;-7.847;110.315;1
6/12/2024;-7.639424;109.559083;1
4/27/2024;-6.217256;107.341919;1
6/12/2024;-7.725379;109.524475;1
6/27/2024;-7.388273;109.673697;1
6/11/2024;-7.50375;109.37516;1
4/29/2024;-6.385643;108.272287;1
2024-10-20;-7.381491184297269;107.78190512397704;0
4/29/2024;-6.384359;108.276701;1
4/27/2024;-6.258608;107.461776;1
3/19/2024;-6.481394;108.07579;1
6/10/2024;-6.92845;109.686621;1
6/26/2024;-6.900563;109.755978;1
6/11/2024;-7.504545;109.375316;1
3/19/2024;-6.405506;108.323669;1
6/15/2024;-7.158776;110.403977;1
6/27/2024;-6.896307;109.406829;1
6/11/2024;-6.906586;110.185642;1
6/27/2024;-6.896416;109.430024;1
6/28/2024;-6.971108;109.09469;1
6/11/2024;-6.959538;110.194467;1
4/29/2024;-6.327;108.304528;1
3/19/2024;-6.400969;108.323492;1
6/27/2024;-6.895875;109.406953;1
6/24/2024;-6.65404;110.663924;1
6/10/2024;-6.981273;109.052597;1
6/27/2024;-6.870906;109.390569;1
6/11/2024;-6.974328;110.170335;1
4/28/2024;-6.35558;107.640174;1
6/12/2024;-7.725404;109.523426;1
6/24/2024;-6.654041;110.664473;1
6/15/2024;-7.159612;110.403632;1
6/11/2024;-7.43527;109.352185;1
4/27/2024;-6.292669;107.362415;1
6/27/2024;-6.872261;109.392036;1
4/27/2024;-6.192725;107.494001;1
6/13/2024;-6.813554;110.806908;1
6/28/2024;-6.969928;109.093331;1
6/11/2024;-7.42677;109.413437;1
6/12/2024;-7.732093;109.725929;1
6/10/2024;-6.929009;109.687809;1
6/15/2024;-7.160661;110.403466;1
6/11/2024;-6.960636;110.194381;1
4/29/2024;-6.45292;108.075786;1
6/27/2024;-6.874162;109.382487;1
6/13/2024;-6.809935;110.963538;1
3/16/2024;-6.148819;107.337653;1
2024-05-20;-6.377915073780625;105.15381875387789;0
6/11/2024;-7.504103;109.375881;1
6/24/2024;-6.715991;110.707356;1
4/29/2024;-6.323694;108.302972;1
6/27/2024;-6.874029;109.383136;1
6/15/2024;-7.160991;110.403977;1
6/27/2024;-6.872511;109.391903;1
6/13/2024;-6.809917;110.965007;1
6/28/2024;-6.995059;109.052543;1
6/28/2024;-6.995335;109.054117;1
6/26/2024;-6.907664;109.748278;1
6/10/2024;-6.959239;109.596091;1
6/28/2024;-6.994729;109.053973;1
6/24/2024;-6.715574;110.707875;1
6/26/2024;-6.909687;109.748268;1
6/11/2024;-7.503645;109.375386;1
6/13/2024;-6.812025;110.806853;1
6/12/2024;-7.036045;110.539476;1
3/20/2024;-6.257889;107.461583;1
4/29/2024;-6.404941;108.324171;1
4/27/2024;-6.260169;107.460841;1
6/26/2024;-6.909387;109.748441;1
4/27/2024;-6.293489;107.360492;1
6/11/2024;-7.427132;109.295259;1
6/26/2024;-6.905378;109.7712;1
6/12/2024;-7.714885;109.489015;1
6/12/2024;-7.733266;109.725119;1
6/24/2024;-7.741616;109.928329;1
4/28/2024;-6.359862;107.608787;1
6/12/2024;-7.59524;109.450115;1
6/11/2024;-7.504286;109.374228;1
6/12/2024;-7.595611;109.448816;1
6/11/2024;-7.42696;109.413661;1
6/24/2024;-6.653895;110.664359;1
6/25/2024;-7.792355;110.247512;1
6/11/2024;-6.905699;110.185179;1
6/26/2024;-6.90787;109.750257;1
6/25/2024;-7.352369;110.529497;1
6/24/2024;-6.653491;110.664528;1
6/27/2024;-6.895583;109.430137;1
6/11/2024;-6.959016;110.194736;1
3/18/2024;-6.379528;107.804667;1
6/27/2024;-6.87475;109.381744;1
6/27/2024;-6.895642;109.406875;1
6/27/2024;-6.874601;109.382651;1
3/20/2024;-6.436895;107.884839;1
6/15/2024;-7.161254;110.403931;1
6/25/2024;-7.792453;110.247516;1
6/28/2024;-6.97147;109.094674;1
6/25/2024;-7.792879;110.246777;1
6/24/2024;-6.653787;110.663026;1
6/11/2024;-7.426433;109.412836;1
6/24/2024;-6.764153;110.766067;1
3/19/2024;-6.405021;108.32511;1
4/29/2024;-6.455401;108.070569;1
4/29/2024;-6.454103;108.071141;1
6/25/2024;-7.793252;110.247167;1
4/27/2024;-6.193437;107.493335;1
6/11/2024;-7.504539;109.375075;1
6/11/2024;-6.906429;110.184246;1
3/19/2024;-6.329432;108.301176;1
2024-05-20;-5.649892261756275;105.77215102867416;0
3/20/2024;-6.361722;107.611556;1
3/16/2024;-6.14781;107.339166;1
4/28/2024;-6.354841;107.641433;1
4/27/2024;-6.29529;107.357871;1
4/29/2024;-6.384219;108.277577;1
6/27/2024;-6.875128;109.381918;1
3/18/2024;-6.293161;107.362153;1
3/20/2024;-6.436522;107.884096;1
6/24/2024;-7.782385;109.949123;1
6/27/2024;-7.411395;109.880236;1
4/27/2024;-6.294026;107.361169;1
3/16/2024;-6.148178;107.336938;1
6/11/2024;-6.904889;110.185426;1
3/20/2024;-6.364154;107.632506;1
6/25/2024;-7.793146;110.247107;1
6/25/2024;-7.793531;110.247018;1
6/12/2024;-7.733134;109.726131;1
3/19/2024;-6.404937;108.32419;1
3/20/2024;-6.436594;107.885676;1
6/24/2024;-6.653791;110.662356;1
6/15/2024;-7.160096;110.403898;1
6/11/2024;-6.937601;110.218969;1
6/15/2024;-7.158871;110.404544;1
6/10/2024;-6.930038;109.68789;1
6/25/2024;-7.79263;110.24684;1
6/26/2024;-6.909497;109.747595;1
2024-06-15;-7.95936845368738;110.18758622652136;0
6/27/2024;-7.387732;109.674754;1
6/25/2024;-7.792548;110.24721;1
4/27/2024;-6.293005;107.361017;1
4/27/2024;-6.29428;107.357599;1
4/28/2024;-6.360499;107.609215;1
6/11/2024;-6.905209;110.186075;1
2024-06-15;-6.812597683374258;109.68993720410754;0
2024-04-15;-7.849542511707263;110.14965223187173;0
6/24/2024;-7.781091;109.949692;1
6/24/2024;-6.715183;110.706455;1
6/11/2024;-6.937464;110.219616;1
6/10/2024;-6.958827;109.597692;1
6/11/2024;-7.4351;109.353375;1
6/28/2024;-6.971391;109.094888;1
6/27/2024;-7.410355;109.880903;1
6/11/2024;-6.906272;110.184048;1
2024-12-10;-6.079276628509988;106.53236479198392;0
6/25/2024;-7.793498;110.246897;1
6/13/2024;-6.811999;110.806155;1
4/28/2024;-6.361667;107.606111;1
4/27/2024;-6.295069;107.35778;1
6/24/2024;-7.846083;110.315483;1
6/24/2024;-7.846242;110.315579;1
6/12/2024;-7.595264;109.450483;1
6/11/2024;-7.426947;109.413341;1
6/27/2024;-6.894982;109.429871;1
3/19/2024;-6.481393;108.076184;1
4/27/2024;-6.233531;107.466607;1
6/12/2024;-7.71624;109.488557;1
6/11/2024;-6.974871;110.17024;1
4/28/2024;-6.360263;107.608725;1
4/27/2024;-6.194458;107.495175;1
6/11/2024;-7.426553;109.413705;1
4/29/2024;-6.454405;108.071461;1
6/12/2024;-7.036629;110.538753;1
6/15/2024;-7.159838;110.404061;1
4/27/2024;-6.259041;107.462223;1
2024-07-20;-7.324230080900946;107.11353706050213;0
6/11/2024;-7.650513;109.208734;1
6/28/2024;-6.97051;109.094701;1
6/10/2024;-6.959831;109.598194;1
4/28/2024;-6.35916;107.609297;1
6/26/2024;-6.900999;109.754909;1
6/12/2024;-7.639165;109.55862;1
3/18/2024;-6.292233;107.36216;1
6/13/2024;-6.810112;110.963828;1
3/19/2024;-6.481535;108.075917;1
6/10/2024;-6.959863;109.597741;1
6/10/2024;-6.958831;109.597473;1
6/10/2024;-6.981637;109.053524;1
6/24/2024;-7.781931;109.948218;1
4/27/2024;-6.217189;107.341701;1
2024-06-15;-6.596645951934198;115.20668109547948;0
6/11/2024;-7.650689;109.20834;1
6/27/2024;-7.387635;109.673881;1
3/18/2024;-6.333051;107.402399;1
4/29/2024;-6.453871;108.070707;1
6/13/2024;-6.810233;110.964504;1
6/11/2024;-7.649926;109.209485;1
2024-04-15;-5.724293281347229;105.73941597964654;0
3/20/2024;-6.365055;107.632962;1
6/28/2024;-6.969735;109.094483;1
4/28/2024;-6.362814;107.608078;1
6/12/2024;-7.724658;109.524436;1
4/27/2024;-6.192978;107.494688;1
2024-07-20;-5.903678873704017;106.9238985126043;0
3/18/2024;-6.293151;107.362491;1
6/13/2024;-6.811603;110.91093;1
3/18/2024;-6.294223;107.360165;1
6/27/2024;-6.894986;109.430274;1
3/18/2024;-6.333687;107.402366;1
4/27/2024;-6.294471;107.357809;1
6/24/2024;-7.780793;109.950104;1
4/27/2024;-6.234543;107.468255;1
2024-08-15;-5.964006910225847;107.29103301928345;0
3/19/2024;-6.482204;108.074744;1
4/29/2024;-6.455598;108.070996;1
3/20/2024;-6.3608;107.607193;1
6/11/2024;-6.974595;110.16999;1
6/26/2024;-6.901726;109.755494;1
6/12/2024;-7.595766;109.448925;1
6/25/2024;-7.792846;110.246971;1
3/17/2024;-6.201472;107.431722;1
6/25/2024;-7.792276;110.247562;1
3/20/2024;-6.362889;107.609056;1
4/29/2024;-6.479868;108.080992;1
6/11/2024;-6.975437;110.171405;1
6/12/2024;-7.594596;109.448442;1
6/12/2024;-7.035919;110.538389;1
3/19/2024;-6.328243;108.302313;1
6/15/2024;-7.159075;110.404266;1
3/18/2024;-6.333601;107.400518;1
2024-09-15;-7.387244232034464;110.53740297594992;0
6/13/2024;-6.811933;110.911511;1
6/11/2024;-6.938133;110.218569;1
6/25/2024;-7.793113;110.246683;1
6/11/2024;-7.649937;109.208282;1
6/12/2024;-7.73327;109.7262;1
4/27/2024;-6.294382;107.358771;1
6/11/2024;-7.426612;109.41347;1
4/29/2024;-6.481217;108.081903;1
6/13/2024;-6.810253;110.963422;1
6/11/2024;-7.504648;109.374539;1
6/24/2024;-7.741468;109.927262;1
2024-05-20;-6.208431123226002;107.42681169268018;0
4/28/2024;-6.362222;107.60886;1
4/28/2024;-6.337969;107.600158;1
6/12/2024;-7.725196;109.523602;1
4/27/2024;-6.293165;107.36184;1
6/11/2024;-6.975537;110.172106;1
6/11/2024;-7.426312;109.41375;1
6/13/2024;-6.813336;110.807377;1
6/24/2024;-6.652869;110.662822;1
6/11/2024;-7.649646;109.208949;1
2024-08-15;-6.661856845275558;110.56781307054057;0
6/28/2024;-6.994047;109.052989;1
4/29/2024;-6.401566;108.3243;1
4/27/2024;-6.216719;107.343068;1
4/27/2024;-6.211132;107.343695;1
6/28/2024;-6.970319;109.094702;1
6/26/2024;-6.909477;109.749631;1
6/11/2024;-6.905897;110.184518;1
3/16/2024;-6.151786;107.339448;1
6/13/2024;-6.868583;110.869737;1
6/27/2024;-6.873561;109.381522;1
6/27/2024;-6.870952;109.391547;1
4/29/2024;-6.480779;108.079643;1
6/11/2024;-6.959769;110.193706;1
4/29/2024;-6.328091;108.303968;1
6/11/2024;-7.61363;109.152349;1
4/26/2024;-6.149311;107.349054;1
6/24/2024;-6.654707;110.664195;1
6/24/2024;-6.715399;110.706221;1
6/27/2024;-6.895137;109.429476;1
6/26/2024;-6.908896;109.748541;1
3/19/2024;-6.404979;108.323514;1
3/19/2024;-6.327949;108.30419;1
6/12/2024;-7.750065;109.674043;1
4/27/2024;-6.234603;107.468699;1
3/18/2024;-6.334339;107.402017;1
6/13/2024;-6.810349;110.963558;1
3/20/2024;-6.365389;107.629444;1
4/28/2024;-6.359833;107.608275;1
3/20/2024;-6.365946;107.633006;1
3/19/2024;-6.482017;108.07476;1
6/26/2024;-6.905658;109.771759;1
6/12/2024;-7.595601;109.44848;1
6/27/2024;-6.895663;109.430126;1
6/12/2024;-7.595246;109.450046;1
4/27/2024;-6.192971;107.49423;1
6/28/2024;-6.996089;109.053517;1
4/27/2024;-6.294463;107.36017;1
6/27/2024;-6.87197;109.390652;1
6/25/2024;-7.868876;110.195696;1
6/10/2024;-6.92986;109.687039;1
6/24/2024;-7.742237;109.926672;1
3/20/2024;-6.364028;107.631008;1
6/13/2024;-6.813382;110.806436;1
4/29/2024;-6.384422;108.275941;1
6/27/2024;-6.89448;109.428834;1
4/29/2024;-6.401011;108.324435;1
3/16/2024;-6.14878;107.348364;1
4/28/2024;-6.336366;107.599632;1
4/27/2024;-6.194496;107.494581;1
6/11/2024;-7.613826;109.151963;1
4/29/2024;-6.402472;108.323854;1
4/29/2024;-6.453705;108.075415;1
6/12/2024;-7.731703;109.725315;1
6/10/2024;-6.920794;109.684232;1
4/27/2024;-6.259534;107.462816;1
6/27/2024;-6.871432;109.391586;1
4/29/2024;-6.326736;108.303959;1
6/27/2024;-6.894813;109.428975;1
6/12/2024;-7.595638;109.449269;1
2024-11-15;-6.38405607220885;106.6104115317854;0
6/13/2024;-6.810003;110.964226;1
6/10/2024;-6.929207;109.688037;1
3/20/2024;-6.365161;107.633012;1
6/28/2024;-6.970598;109.095168;1
4/29/2024;-6.480454;108.080879;1
6/27/2024;-6.894833;109.430272;1
6/11/2024;-7.426236;109.413179;1
4/27/2024;-6.214455;107.343961;1
6/28/2024;-6.994722;109.053826;1
6/13/2024;-6.812055;110.910478;1
6/28/2024;-6.97069;109.095027;1
2024-11-15;-6.483900137729888;106.59157112040786;0
3/16/2024;-6.212096;107.344196;1
6/26/2024;-6.907219;109.771935;1
3/20/2024;-6.378982;107.832193;1
6/11/2024;-7.426112;109.413558;1
2024-10-20;-7.25216491711973;112.49751874045384;0
6/11/2024;-7.434981;109.352745;1
6/27/2024;-6.872372;109.391541;1
3/18/2024;-6.260277;107.462621;1
6/15/2024;-7.160319;110.404631;1
6/13/2024;-6.810438;110.964534;1
6/24/2024;-7.781191;109.948466;1
6/27/2024;-6.87401;109.382351;1
2024-03-20;-8.70936853022699;113.2368856512579;0
6/27/2024;-6.896403;109.407363;1
6/12/2024;-7.59538;109.448654;1
6/12/2024;-7.594888;109.450543;1
6/13/2024;-6.810551;110.964316;1
4/29/2024;-6.385683;108.273435;1
3/18/2024;-6.261049;107.463998;1
4/28/2024;-6.363231;107.608414;1
4/27/2024;-6.233782;107.466431;1
3/18/2024;-6.331905;107.401952;1
6/27/2024;-7.444706;109.411086;1
4/29/2024;-6.480151;108.080426;1
3/19/2024;-6.481678;108.077114;1
4/27/2024;-6.214915;107.342157;1
4/28/2024;-6.335959;107.600392;1
6/11/2024;-7.426817;109.295148;1
4/28/2024;-6.378184;107.831774;1
3/16/2024;-6.212229;107.343092;1
6/12/2024;-7.724688;109.522934;1
6/13/2024;-6.812231;110.806596;1
6/12/2024;-7.726081;109.523342;1
6/11/2024;-6.958451;110.194491;1
4/28/2024;-6.354935;107.640438;1
6/10/2024;-6.929261;109.688078;1
3/16/2024;-6.148874;107.338845;1
6/11/2024;-6.95892;110.194393;1
6/13/2024;-6.813427;110.808073;1
6/11/2024;-7.426657;109.413449;1
6/12/2024;-7.03546;110.538278;1
6/10/2024;-6.980901;109.053546;1
6/10/2024;-6.928227;109.687041;1
6/11/2024;-7.435493;109.35211;1
6/13/2024;-6.812855;110.807718;1
4/27/2024;-6.292802;107.360483;1
3/19/2024;-6.481391;108.07696;1
6/25/2024;-7.793711;110.247061;1
2024-04-15;-6.614364793709924;110.84101668715208;0
3/16/2024;-6.148164;107.336562;1
6/10/2024;-6.928672;109.687041;1
6/11/2024;-6.959706;110.193707;1
6/28/2024;-6.995433;109.053597;1
6/11/2024;-7.425957;109.411588;1
6/12/2024;-7.750198;109.672892;1
3/16/2024;-6.14898;107.340602;1
6/13/2024;-6.814013;110.808253;1
6/27/2024;-6.894397;109.429463;1
2024-06-15;-6.3492383606652245;106.70540217357257;0
6/10/2024;-6.921035;109.682464;1
6/24/2024;-6.653863;110.663988;1
6/27/2024;-6.87095;109.39123;1
6/11/2024;-7.426176;109.295709;1
6/26/2024;-6.900689;109.755501;1
4/29/2024;-6.480865;108.079071;1
6/25/2024;-7.793556;110.247194;1
6/10/2024;-6.929474;109.687228;1
4/29/2024;-6.481837;108.079369;1
2024-03-20;-7.519595674193878;111.95084238202332;0
6/11/2024;-6.959872;110.194066;1
4/27/2024;-6.213964;107.34246;1
2024-12-10;-6.664714661420099;107.93540152022244;0
6/12/2024;-6.861319;110.792352;1
6/13/2024;-6.868131;110.871094;1
6/15/2024;-7.159679;110.40365;1
4/29/2024;-6.404272;108.324768;1
3/20/2024;-6.436907;107.88525;1
6/27/2024;-6.870821;109.390729;1
2024-09-15;-6.464883044764588;107.84808522558586;0
4/29/2024;-6.40227;108.323918;1
6/12/2024;-7.715103;109.48878;1
6/28/2024;-6.995045;109.05236;1
4/27/2024;-6.29494;107.359811;1
6/12/2024;-7.637936;109.558622;1
4/29/2024;-6.384583;108.276655;1
6/11/2024;-7.426185;109.295214;1
6/27/2024;-6.870516;109.390069;1
6/13/2024;-6.860038;110.867081;1
6/11/2024;-7.650572;109.209139;1
6/11/2024;-7.504233;109.37423;1
6/15/2024;-7.158886;110.404438;1
6/11/2024;-6.938033;110.218359;1
6/10/2024;-6.928728;109.68823;1
4/29/2024;-6.404401;108.325355;1
6/26/2024;-6.909023;109.74918;1
3/19/2024;-6.403648;108.323178;1
4/28/2024;-6.366888;107.793639;1
6/11/2024;-7.426503;109.411487;1
3/19/2024;-6.454765;108.072862;1
3/16/2024;-6.14825;107.337901;1
6/10/2024;-6.958596;109.59775;1
2024-12-10;-7.825989563528821;114.1713581233199;0
6/11/2024;-7.435956;109.3522;1
3/16/2024;-6.21162;107.343374;1
6/10/2024;-6.959124;109.59752;1
6/10/2024;-6.920731;109.682538;1
2024-05-20;-5.716310995427611;107.07350717791284;0
4/27/2024;-6.233875;107.465875;1
3/19/2024;-6.328246;108.301862;1
6/27/2024;-7.388575;109.674199;1
6/27/2024;-6.874987;109.382478;1
6/11/2024;-6.960208;110.194557;1
6/12/2024;-7.048056;110.53391;1
3/16/2024;-6.147774;107.340185;1
6/12/2024;-6.860415;110.792805;1
4/27/2024;-6.292872;107.362143;1
6/27/2024;-7.387926;109.674488;1
3/19/2024;-6.482302;108.075286;1
2024-12-10;-6.772932901099993;106.83279954275568;0
6/24/2024;-7.846287;110.31543;1
6/12/2024;-6.851824;110.798691;1
3/19/2024;-6.482246;108.07498;1
6/25/2024;-7.793236;110.247434;1
4/29/2024;-6.401497;108.323896;1
6/24/2024;-6.653576;110.662365;1
4/27/2024;-6.19388;107.495143;1
6/11/2024;-6.974951;110.17024;1
6/27/2024;-6.895648;109.429655;1
4/27/2024;-6.19343;107.49469;1
6/10/2024;-6.929065;109.688506;1
3/18/2024;-6.333421;107.400681;1
4/28/2024;-6.337759;107.600392;1
6/11/2024;-6.974637;110.172345;1
2024-12-10;-6.841623928840949;112.71379467882473;0
4/28/2024;-6.362515;107.60918;1
2024-08-15;-7.123445706929394;110.3236415175402;0
3/16/2024;-6.14779;107.336916;1
6/10/2024;-6.929781;109.687049;1
6/27/2024;-6.897707;109.40689;1
3/16/2024;-6.211582;107.34314;1
6/27/2024;-6.875035;109.381045;1
6/27/2024;-6.896092;109.406315;1
6/12/2024;-6.851371;110.798239;1
6/12/2024;-7.638783;109.558141;1
6/10/2024;-6.928514;109.68696;1
4/27/2024;-6.259109;107.462033;1
6/11/2024;-6.974336;110.170899;1
6/10/2024;-6.929;109.686539;1
4/28/2024;-6.359544;107.609244;1
6/13/2024;-6.859084;110.867024;1
4/29/2024;-6.453248;108.076315;1
6/28/2024;-6.969903;109.093416;1
3/18/2024;-6.33214;107.40276;1
6/13/2024;-6.810443;110.964403;1
2024-06-15;-7.27612077666842;115.24156185676122;0
6/12/2024;-7.595081;109.448642;1
3/16/2024;-6.211655;107.343608;1
6/15/2024;-7.158749;110.404238;1
4/28/2024;-6.360073;107.607495;1
6/13/2024;-6.810117;110.96387;1
6/15/2024;-7.160712;110.404527;1
6/24/2024;-7.741421;109.928133;1
6/10/2024;-6.928738;109.688003;1
4/26/2024;-6.149789;107.349515;1
6/27/2024;-6.87391;109.380833;1
3/17/2024;-6.166972;107.346028;1
6/27/2024;-6.870422;109.3915;1
6/24/2024;-7.742027;109.927787;1
6/10/2024;-6.958941;109.598047;1
2024-11-15;-6.374720955436287;107.9181166100412;0
3/19/2024;-6.403717;108.323639;1
4/27/2024;-6.213861;107.342306;1
4/29/2024;-6.479879;108.079186;1
6/27/2024;-6.89482;109.42852;1
6/27/2024;-6.896773;109.4066;1
3/19/2024;-6.403518;108.323202;1
2024-07-20;-7.843397154538156;108.8264369534851;0
6/24/2024;-6.654034;110.663455;1
6/11/2024;-7.435403;109.35259;1
6/13/2024;-6.810181;110.96404;1
6/13/2024;-6.860441;110.868381;1
6/10/2024;-6.929444;109.687839;1
6/11/2024;-7.427049;109.295111;1
6/11/2024;-7.65055;109.208335;1
3/18/2024;-6.294923;107.359262;1
6/24/2024;-7.847107;110.31537;1
6/12/2024;-7.047508;110.533932;1
6/11/2024;-7.426285;109.411867;1
6/28/2024;-6.971439;109.094072;1
2024-06-15;-6.309217644853962;106.86094263846672;0
6/11/2024;-6.95928;110.194384;1
6/24/2024;-7.781932;109.948671;1
2024-05-20;-7.881987175667032;109.7217616410438;0
3/19/2024;-6.382189;108.271442;1
6/13/2024;-6.866774;110.870642;1
6/27/2024;-7.387982;109.674754;1
3/18/2024;-6.261441;107.462212;1
6/27/2024;-6.872553;109.391282;1
4/29/2024;-6.453892;108.071335;1
6/28/2024;-6.993647;109.05371;1
6/11/2024;-7.436015;109.352596;1
2024-07-20;-6.228599922161355;107.19105698365816;0
2024-06-15;-7.067357937373734;114.69301918751142;0
6/24/2024;-6.763481;110.765347;1
3/19/2024;-6.404418;108.324016;1
6/27/2024;-6.874588;109.38095;1
3/20/2024;-6.435988;107.884896;1
4/29/2024;-6.384562;108.276155;1
6/11/2024;-6.904675;110.186176;1
6/13/2024;-6.868131;110.870642;1
6/24/2024;-6.763709;110.765164;1
6/27/2024;-6.870734;109.390231;1
6/24/2024;-7.846271;110.315924;1
6/25/2024;-7.792474;110.247181;1
6/13/2024;-6.861552;110.8572;1
6/24/2024;-7.780875;109.948489;1
6/26/2024;-6.906321;109.772698;1
6/11/2024;-6.959948;110.193653;1
3/19/2024;-6.40236;108.32419;1
3/19/2024;-6.404876;108.323116;1
4/29/2024;-6.481818;108.080161;1
3/16/2024;-6.148209;107.340122;1
6/13/2024;-6.810121;110.963414;1
6/10/2024;-6.959235;109.595879;1
4/28/2024;-6.36368;107.608868;1
4/28/2024;-6.36192;107.608094;1
6/13/2024;-6.810228;110.964374;1
6/10/2024;-6.959725;109.59557;1
4/29/2024;-6.384673;108.273707;1
6/11/2024;-7.425665;109.294768;1
6/11/2024;-6.974827;110.169949;1
4/27/2024;-6.233172;107.465931;1
6/11/2024;-7.426703;109.413771;1
2024-09-15;-6.206722360781946;106.67774758128876;0
6/27/2024;-6.871272;109.390597;1
6/15/2024;-7.158982;110.40452;1
6/27/2024;-6.874914;109.382348;1
6/11/2024;-6.974557;110.170764;1
6/27/2024;-7.3886;109.674442;1
6/11/2024;-6.958839;110.194685;1
6/28/2024;-6.97058;109.094257;1
6/11/2024;-6.974411;110.170869;1
2024-02-10;-7.928810454688406;111.26986558086712;0
6/10/2024;-6.96008;109.595329;1
6/27/2024;-6.895835;109.429155;1
6/12/2024;-6.861319;110.791899;1
4/27/2024;-6.292695;107.361585;1
6/11/2024;-7.426078;109.411796;1
6/13/2024;-6.81206;110.806699;1
4/29/2024;-6.403912;108.325291;1
6/27/2024;-7.388178;109.674699;1
6/12/2024;-6.851823;110.797786;1
6/24/2024;-6.763721;110.765893;1
3/19/2024;-6.401152;108.323446;1
3/16/2024;-6.150234;107.348187;1
6/24/2024;-6.714565;110.70678;1
6/26/2024;-6.91082;109.74465;1
6/27/2024;-6.895762;109.429477;1
2024-04-15;-6.675620098262359;110.96395761234466;0
6/25/2024;-7.792944;110.247002;1
6/27/2024;-6.874781;109.383086;1
6/11/2024;-6.97468;110.170105;1
3/18/2024;-6.260421;107.464424;1
4/28/2024;-6.360063;107.609302;1
6/12/2024;-7.750404;109.673531;1
4/29/2024;-6.385322;108.272249;1
6/10/2024;-6.961135;109.596677;1
3/19/2024;-6.482362;108.076859;1
6/11/2024;-7.504664;109.375335;1
6/11/2024;-6.975071;110.171564;1
6/27/2024;-6.874005;109.380994;1
6/15/2024;-7.16002;110.404056;1
6/28/2024;-6.994493;109.05259;1
6/24/2024;-7.742224;109.928236;1
6/15/2024;-7.161294;110.403259;1
4/27/2024;-6.193055;107.495453;1
6/15/2024;-7.161125;110.403469;1
6/27/2024;-6.894995;109.428839;1
6/27/2024;-6.895214;109.429444;1
6/12/2024;-7.595651;109.449982;1
6/12/2024;-7.715381;109.487579;1
6/10/2024;-6.921577;109.682473;1
6/11/2024;-6.905008;110.185821;1
6/25/2024;-7.792679;110.24702;1
6/15/2024;-7.159389;110.40376;1
4/27/2024;-6.215247;107.34309;1
6/13/2024;-6.810203;110.964336;1
4/28/2024;-6.35541;107.640372;1
4/29/2024;-6.326719;108.306667;1
6/24/2024;-7.780595;109.949286;1
6/12/2024;-6.850919;110.798692;1
6/13/2024;-6.813613;110.806632;1
6/15/2024;-7.160108;110.403954;1
4/27/2024;-6.216376;107.343226;1
3/19/2024;-6.405309;108.322774;1
6/15/2024;-7.124068;110.400268;1
6/24/2024;-6.652872;110.663035;1
6/26/2024;-6.900354;109.754394;1
4/27/2024;-6.233166;107.466335;1
6/24/2024;-7.740941;109.927213;1
6/24/2024;-6.652979;110.664105;1
6/11/2024;-7.425722;109.295258;1
6/11/2024;-6.90612;110.18483;1
6/10/2024;-6.959706;109.59541;1
6/28/2024;-6.994953;109.052569;1
6/28/2024;-6.99523;109.05253;1
6/10/2024;-6.959923;109.594459;1
3/19/2024;-6.405318;108.324473;1
3/20/2024;-6.363112;107.631582;1
3/19/2024;-6.482754;108.075289;1
4/27/2024;-6.212371;107.34333;1
6/12/2024;-7.724329;109.523929;1
6/13/2024;-6.812219;110.806059;1
4/27/2024;-6.194332;107.495145;1
6/10/2024;-6.981095;109.053792;1
6/26/2024;-6.906742;109.772533;1
3/19/2024;-6.327054;108.304642;1
6/10/2024;-6.92065;109.682882;1
3/18/2024;-6.261096;107.464192;1
6/27/2024;-6.895765;109.406336;1
6/10/2024;-6.921009;109.684198;1
3/19/2024;-6.328793;108.303361;1
6/12/2024;-7.594794;109.449607;1
6/12/2024;-7.716273;109.489262;1
3/19/2024;-6.481706;108.077007;1
6/12/2024;-7.048136;110.535962;1
6/11/2024;-7.649692;109.209155;1
6/11/2024;-6.959921;110.19401;1
6/10/2024;-6.929017;109.688848;1
4/26/2024;-6.149623;107.348299;1
6/13/2024;-6.810321;110.963404;1
3/19/2024;-6.404864;108.324922;1
6/11/2024;-7.504089;109.375537;1
6/13/2024;-6.810204;110.963566;1
4/28/2024;-6.355903;107.640616;1
6/12/2024;-7.594834;109.450396;1
3/18/2024;-6.261959;107.462648;1
6/24/2024;-7.781044;109.950042;1
6/11/2024;-7.65026;109.209128;1
2024-07-20;-7.468322059657633;107.54415652758762;0
6/15/2024;-7.159984;110.403979;1
6/10/2024;-6.980669;109.053379;1
4/29/2024;-6.402351;108.324614;1
6/24/2024;-7.847077;110.315559;1
6/10/2024;-6.982182;109.052552;1
6/26/2024;-6.906451;109.771929;1
6/26/2024;-6.900449;109.755989;1
6/15/2024;-7.434056;110.613028;1
4/28/2024;-6.337524;107.598801;1
6/27/2024;-6.875131;109.381297;1
4/28/2024;-6.378165;107.831383;1
6/10/2024;-6.929446;109.68708;1
6/12/2024;-7.59481;109.448311;1
4/27/2024;-6.192591;107.495484;1
6/24/2024;-6.686636;110.676561;1
6/10/2024;-6.929296;109.687057;1
4/27/2024;-6.294463;107.359195;1
6/11/2024;-6.974571;110.17191;1
4/29/2024;-6.480073;108.079808;1
6/11/2024;-6.958631;110.19484;1
6/10/2024;-6.929006;109.687694;1
3/19/2024;-6.402135;108.323166;1
3/19/2024;-6.454316;108.072408;1
6/10/2024;-6.929501;109.686847;1
6/13/2024;-6.813704;110.808291;1
6/12/2024;-7.749811;109.672865;1
6/24/2024;-7.782177;109.948594;1
6/24/2024;-6.653796;110.663091;1
6/24/2024;-6.715187;110.707417;1
6/13/2024;-6.811012;110.909911;1
6/26/2024;-6.905011;109.771362;1
6/27/2024;-6.897005;109.428651;1
6/27/2024;-6.871117;109.390255;1
6/25/2024;-7.352639;110.530083;1
6/28/2024;-6.970142;109.094265;1
6/26/2024;-6.90902;109.747822;1
4/29/2024;-6.384743;108.27183;1
6/26/2024;-6.900619;109.754014;1
4/29/2024;-6.453;108.074045;1
6/26/2024;-6.906272;109.771727;1
6/11/2024;-6.97499;110.170496;1
3/19/2024;-6.328686;108.30367;1
6/15/2024;-7.16056;110.404105;1
4/28/2024;-6.36387;107.608832;1
4/27/2024;-6.295004;107.358204;1
6/27/2024;-6.896414;109.430258;1
6/28/2024;-6.995581;109.052408;1
6/11/2024;-6.959618;110.194071;1
3/16/2024;-6.14822;107.337444;1
6/12/2024;-7.594628;109.448347;1
6/13/2024;-6.810575;110.964571;1
3/18/2024;-6.291481;107.362177;1
6/12/2024;-7.724322;109.523857;1
6/11/2024;-6.936841;110.218133;1
6/28/2024;-6.996178;109.05399;1
6/12/2024;-7.7153;109.487941;1
6/24/2024;-6.762935;110.765036;1
6/12/2024;-7.048837;110.535572;1
2024-11-15;-6.128461446244288;107.04908880715683;0
3/19/2024;-6.329592;108.303225;1
4/28/2024;-6.338278;107.600344;1
6/12/2024;-6.861061;110.793103;1
6/24/2024;-7.847192;110.315881;1
6/24/2024;-6.652847;110.663333;1
6/12/2024;-7.725528;109.524278;1
6/12/2024;-7.595826;109.44959;1
6/24/2024;-6.653014;110.66372;1
6/26/2024;-6.900454;109.754904;1
4/28/2024;-6.377684;107.833052;1
6/25/2024;-7.792808;110.247516;1
6/24/2024;-6.71488;110.706395;1
6/12/2024;-7.595792;109.44913;1
6/28/2024;-6.970685;109.094576;1
6/12/2024;-7.048096;110.53375;1
6/28/2024;-6.996136;109.05376;1
6/25/2024;-7.792769;110.246697;1
6/24/2024;-6.654164;110.664524;1
6/27/2024;-6.895798;109.406713;1
6/27/2024;-6.871089;109.391089;1
6/11/2024;-7.650616;109.209046;1
4/29/2024;-6.455165;108.071724;1
6/25/2024;-7.793487;110.246526;1
2024-05-20;-6.190843725668699;107.45618013583862;0
6/11/2024;-6.974889;110.17206;1
6/10/2024;-6.92858;109.686573;1
6/11/2024;-7.425711;109.295205;1
4/28/2024;-6.368341;107.794737;1
4/29/2024;-6.455544;108.070008;1
6/10/2024;-6.921453;109.683284;1
3/18/2024;-6.292258;107.363168;1
4/27/2024;-6.294037;107.358743;1
6/12/2024;-7.715832;109.488996;1
3/20/2024;-6.360978;107.606828;1
6/26/2024;-6.909283;109.743756;1
6/27/2024;-7.388855;109.67476;1
6/28/2024;-6.996069;109.054189;1
3/20/2024;-6.378906;107.832645;1
6/26/2024;-6.90993;109.750082;1
6/12/2024;-7.035943;110.538357;1
6/10/2024;-6.981621;109.053269;1
6/27/2024;-6.895452;109.42987;1
3/16/2024;-6.148446;107.338641;1
3/18/2024;-6.291347;107.361617;1
3/16/2024;-6.148395;107.339596;1
6/27/2024;-6.895466;109.43033;1
6/27/2024;-7.388333;109.674409;1
2024-03-20;-6.132622268354133;105.26315261465814;0
4/27/2024;-6.258398;107.462376;1
2024-11-15;-6.462223959237625;106.95138448946716;0
4/27/2024;-6.25831;107.461131;1
6/24/2024;-6.762613;110.765492;1
6/12/2024;-7.726105;109.523561;1
6/11/2024;-6.960068;110.194294;1
4/29/2024;-6.454097;108.070914;1
6/28/2024;-6.994507;109.053379;1
6/15/2024;-7.15939;110.40403;1
6/13/2024;-6.861343;110.857067;1
2024-07-20;-8.503550639766427;115.44519461483162;0
3/16/2024;-6.14909;107.338404;1
4/28/2024;-6.337966;107.600609;1
4/27/2024;-6.193318;107.495198;1
2024-11-15;-8.240929894528804;112.37539128381007;0
6/25/2024;-7.79326;110.247515;1
6/12/2024;-7.63914;109.559597;1
6/13/2024;-6.810377;110.96409;1
6/27/2024;-6.874225;109.382152;1
6/12/2024;-7.731774;109.726192;1
4/28/2024;-6.338582;107.600629;1
4/27/2024;-6.294722;107.359722;1
4/27/2024;-6.214463;107.342155;1
6/27/2024;-6.870763;109.391214;1
4/28/2024;-6.377413;107.832036;1
4/29/2024;-6.383355;108.276893;1
3/20/2024;-6.361117;107.60765;1
6/12/2024;-7.715562;109.487994;1
6/11/2024;-6.937486;110.219358;1
4/29/2024;-6.453256;108.074961;1
6/13/2024;-6.809615;110.964328;1
6/27/2024;-6.873649;109.381111;1
6/15/2024;-7.160932;110.403498;1
6/12/2024;-7.716068;109.489273;1
6/27/2024;-6.896573;109.407352;1
3/16/2024;-6.148634;107.339305;1
3/18/2024;-6.261402;107.464289;1
6/24/2024;-6.655026;110.663631;1
2024-11-15;-7.780176126294264;109.10085183264022;0
3/19/2024;-6.404398;108.325091;1
6/12/2024;-7.725569;109.523703;1
2024-06-15;-6.285594629360537;107.19521518703895;0
6/27/2024;-6.894686;109.430271;1
6/24/2024;-7.741567;109.926681;1
6/10/2024;-6.959197;109.595737;1
6/24/2024;-6.653949;110.664507;1
6/15/2024;-7.159375;110.404172;1
6/13/2024;-6.812789;110.806398;1
6/26/2024;-6.910737;109.746773;1
3/16/2024;-6.148832;107.337889;1
6/27/2024;-6.896091;109.430027;1
2024-08-15;-5.828368118315439;106.66487823236866;0
4/27/2024;-6.294032;107.359733;1
6/27/2024;-6.872431;109.390206;1
6/27/2024;-6.897375;109.406346;1
2024-08-15;-8.769812577024464;114.7845590304766;0
6/11/2024;-7.427076;109.2948;1
2024-08-15;-6.003899830776148;108.14708574220477;0
4/28/2024;-6.367679;107.794502;1
4/27/2024;-6.211608;107.343923;1
4/29/2024;-6.383362;108.275884;1
3/19/2024;-6.405485;108.322895;1
6/10/2024;-6.980709;109.052651;1
4/29/2024;-6.481466;108.079585;1
4/29/2024;-6.384288;108.272278;1
6/24/2024;-7.741899;109.92789;1
6/10/2024;-6.92853;109.687726;1
2024-04-15;-6.16441596238039;107.3522037993833;0
6/28/2024;-6.993954;109.054123;1
4/28/2024;-6.338102;107.599462;1
6/26/2024;-6.90029;109.754027;1
6/27/2024;-7.411215;109.88051;1
6/15/2024;-7.124213;110.400565;1
6/11/2024;-7.436383;109.35245;1
6/13/2024;-6.809861;110.963889;1
6/11/2024;-7.435837;109.352838;1
6/24/2024;-7.781364;109.948327;1
6/26/2024;-6.901437;109.756411;1
6/15/2024;-7.158742;110.403897;1
2024-01-15;-5.979196521956037;107.10612425753114;0
4/27/2024;-6.233253;107.464712;1
4/28/2024;-6.377868;107.832477;1
6/11/2024;-7.43584;109.352383;1
3/20/2024;-6.365697;107.632611;1
4/28/2024;-6.360149;107.608347;1
4/29/2024;-6.384082;108.273229;1
6/27/2024;-6.89622;109.407261;1
4/29/2024;-6.453339;108.075808;1
2024-06-15;-6.735451906675192;107.54987764095004;0
6/27/2024;-6.897117;109.406936;1
6/27/2024;-7.387638;109.674147;1
6/26/2024;-6.908468;109.749208;1
6/10/2024;-6.959579;109.594322;1
6/27/2024;-7.411529;109.880465;1
6/24/2024;-7.742337;109.927941;1
4/29/2024;-6.454288;108.07002;1
3/16/2024;-6.148452;107.337191;1
2024-07-20;-7.280121620005624;109.97685376154377;0
4/27/2024;-6.235055;107.466954;1
6/27/2024;-6.873559;109.383018;1
4/28/2024;-6.335908;107.599956;1
6/11/2024;-7.504791;109.375106;1
6/12/2024;-7.748646;109.673616;1
6/24/2024;-6.652955;110.66308;1
4/28/2024;-6.360518;107.608852;1
4/29/2024;-6.401561;108.324277;1
2024-11-15;-6.735221758017738;108.19442193375563;0
6/10/2024;-6.960589;109.59455;1
2024-11-15;-7.442492944453348;113.54644828665172;0
6/27/2024;-7.38769;109.674526;1
4/28/2024;-6.33801;107.598987;1
3/19/2024;-6.481507;108.075638;1
4/29/2024;-6.385593;108.271825;1
2024-10-20;-7.2136444251081775;109.88249457842322;0
6/13/2024;-6.809684;110.963321;1
6/10/2024;-6.95936;109.595546;1
3/16/2024;-6.147902;107.340155;1
6/26/2024;-6.906823;109.772715;1
6/12/2024;-7.715965;109.487687;1
6/15/2024;-7.159302;110.40396;1
3/20/2024;-6.363707;107.6316;1
3/20/2024;-6.363709;107.631148;1
6/24/2024;-6.655106;110.663855;1
4/28/2024;-6.368133;107.794053;1
6/11/2024;-6.974434;110.172134;1
6/15/2024;-7.160665;110.404185;1
6/12/2024;-7.725706;109.524307;1
3/20/2024;-6.36507;107.633143;1
2024-12-10;-7.6584028429221185;112.7104107749456;0
6/24/2024;-7.846173;110.316116;1
2024-06-15;-5.943689426107266;106.58866853172144;0
6/11/2024;-6.937582;110.219542;1
3/19/2024;-6.327905;108.303821;1
6/26/2024;-6.900767;109.756476;1
6/26/2024;-6.909196;109.748869;1
3/19/2024;-6.482069;108.076622;1
4/28/2024;-6.336611;107.600603;1
3/20/2024;-6.3675;107.603611;1
3/20/2024;-6.36086;107.606031;1
4/29/2024;-6.453864;108.070485;1
3/20/2024;-6.378623;107.832206;1
4/27/2024;-6.294384;107.358319;1
6/12/2024;-7.725306;109.524134;1
6/27/2024;-6.894929;109.428705;1
6/13/2024;-6.809938;110.964622;1
6/11/2024;-7.425913;109.294836;1
6/26/2024;-6.906084;109.77124;1
6/11/2024;-6.906351;110.185422;1
6/11/2024;-6.959551;110.194968;1
6/10/2024;-6.9813;109.053413;1
2024-01-15;-7.567548774680818;112.6675355669376;0
3/20/2024;-6.43644;107.884899;1
4/28/2024;-6.338089;107.600262;1
3/19/2024;-6.455168;108.072923;1
6/13/2024;-6.811575;110.909839;1
6/26/2024;-6.899804;109.754479;1
6/11/2024;-6.959847;110.1942;1
6/28/2024;-6.99393;109.052544;1
6/11/2024;-7.435581;109.352357;1
4/27/2024;-6.211111;107.342915;1
6/15/2024;-7.160034;110.40389;1
3/18/2024;-6.292835;107.362654;1
6/27/2024;-6.871453;109.391918;1
6/10/2024;-6.921641;109.683501;1
6/10/2024;-6.980872;109.053158;1
6/13/2024;-6.813991;110.807282;1
4/27/2024;-6.235129;107.468243;1
6/11/2024;-7.504238;109.375035;1
6/24/2024;-6.653791;110.662809;1
6/11/2024;-6.937611;110.217955;1
6/13/2024;-6.812477;110.807306;1
6/28/2024;-6.995313;109.052956;1
4/29/2024;-6.327973;108.306072;1
6/25/2024;-7.793259;110.247062;1
6/10/2024;-6.959259;109.59604;1
6/15/2024;-7.159589;110.403932;1
3/18/2024;-6.33365;107.400654;1
6/27/2024;-7.388579;109.674126;1
6/10/2024;-6.920858;109.684064;1
4/29/2024;-6.453263;108.074038;1
6/10/2024;-6.921053;109.68263;1
2024-02-10;-7.195271010622106;108.56860071426075;0
6/28/2024;-6.995246;109.053615;1
6/27/2024;-6.894374;109.428836;1
6/12/2024;-7.035271;110.537397;1
6/24/2024;-7.780615;109.949831;1
6/27/2024;-6.895144;109.429876;1
3/19/2024;-6.327328;108.304113;1
6/11/2024;-6.905735;110.185836;1
6/10/2024;-6.920604;109.683989;1
3/16/2024;-6.148261;107.340421;1
6/27/2024;-7.387763;109.674139;1
6/14/2024;-7.705875;110.570539;1
6/15/2024;-7.159818;110.403896;1
6/12/2024;-7.595386;109.450466;1
6/10/2024;-6.981497;109.052789;1
3/17/2024;-6.218361;107.360139;1
6/27/2024;-7.411502;109.880393;1
2024-01-15;-7.925199950174219;113.5626916427828;0
6/24/2024;-6.762908;110.765459;1
6/24/2024;-6.762711;110.765355;1
6/12/2024;-6.861701;110.791719;1
6/12/2024;-7.637808;109.558625;1
3/16/2024;-6.149273;107.349051;1
6/11/2024;-6.974524;110.170536;1
3/20/2024;-6.365517;107.633276;1
4/28/2024;-6.337061;107.601057;1
6/15/2024;-7.160944;110.403971;1
6/15/2024;-7.15929;110.404135;1
4/28/2024;-6.378216;107.832781;1
6/26/2024;-6.906216;109.770723;1
6/15/2024;-7.123246;110.400104;1
6/24/2024;-7.781803;109.948603;1
3/20/2024;-6.437106;107.885013;1
2024-01-15;-6.60427216620368;106.96542500263736;0
4/29/2024;-6.327717;108.30357;1
6/24/2024;-6.714427;110.706304;1
6/27/2024;-7.387809;109.673766;1
6/24/2024;-6.652666;110.663102;1
6/12/2024;-7.731714;109.726207;1
4/27/2024;-6.212034;107.343818;1
3/18/2024;-6.333645;107.401558;1
6/28/2024;-6.971439;109.094336;1
3/19/2024;-6.455123;108.071796;1
6/12/2024;-7.716038;109.489145;1
2024-10-20;-8.449777070974918;114.90926413864132;0
3/20/2024;-6.436197;107.884082;1
3/16/2024;-6.151799;107.338868;1
6/27/2024;-6.874764;109.381374;1
6/13/2024;-6.859989;110.868381;1
6/10/2024;-6.958786;109.598142;1
4/27/2024;-6.258647;107.462766;1
4/29/2024;-6.401536;108.325052;1
6/27/2024;-7.410675;109.880486;1
3/19/2024;-6.382762;108.271565;1
4/28/2024;-6.33718;107.601605;1
6/10/2024;-6.929208;109.68849;1
6/28/2024;-6.995586;109.052519;1
6/11/2024;-7.426162;109.413924;1
6/27/2024;-6.896916;109.429775;1
6/11/2024;-7.505055;109.375389;1
2024-10-20;-5.910143964009963;106.52310715962244;0
6/27/2024;-6.895606;109.428486;1
3/19/2024;-6.32914;108.303222;1
6/12/2024;-7.715111;109.489216;1
6/27/2024;-6.89605;109.407271;1
6/11/2024;-7.434601;109.35223;1
6/28/2024;-6.970579;109.093356;1
2024-09-15;-5.975998978369068;107.12693299472072;0
6/24/2024;-7.742588;109.927495;1
6/10/2024;-6.960302;109.597883;1
6/11/2024;-7.426413;109.413377;1
3/18/2024;-6.333641;107.402461;1
6/24/2024;-7.781028;109.949278;1
6/24/2024;-6.714764;110.707929;1
6/24/2024;-7.780348;109.949111;1
6/11/2024;-6.937311;110.219025;1
6/11/2024;-6.974737;110.170254;1
6/12/2024;-7.73309;109.725998;1
3/19/2024;-6.402164;108.32355;1
6/28/2024;-6.969831;109.09317;1
6/27/2024;-6.873873;109.383116;1
6/15/2024;-7.124165;110.400246;1
6/27/2024;-6.8974;109.406588;1
6/26/2024;-6.909024;109.749632;1
6/11/2024;-6.904913;110.185109;1
3/19/2024;-6.32778;108.304116;1
4/27/2024;-6.19474;107.494342;1
6/11/2024;-7.426134;109.413722;1
6/12/2024;-6.851111;110.799083;1
6/12/2024;-6.860646;110.791671;1
6/27/2024;-6.874467;109.381483;1
4/29/2024;-6.402232;108.324878;1
6/11/2024;-7.426532;109.413398;1
6/15/2024;-7.159264;110.40392;1
6/27/2024;-6.873335;109.382741;1
6/24/2024;-6.715265;110.707522;1
6/27/2024;-6.871187;109.391408;1
6/27/2024;-7.411358;109.880744;1
6/24/2024;-7.846213;110.315301;1
3/19/2024;-6.482809;108.075553;1
4/29/2024;-6.403826;108.323863;1
4/26/2024;-6.149805;107.349095;1
6/12/2024;-7.595608;109.450141;1
3/19/2024;-6.403512;108.324462;1
6/13/2024;-6.810005;110.96441;1
6/11/2024;-6.906602;110.184825;1
6/10/2024;-6.960372;109.596991;1
3/19/2024;-6.40487;108.324019;1
6/10/2024;-6.929773;109.687475;1
3/19/2024;-6.400444;108.324546;1
3/20/2024;-6.362477;107.606754;1
6/13/2024;-6.860424;110.868847;1
4/28/2024;-6.355484;107.641093;1
6/25/2024;-7.868629;110.196637;1
3/20/2024;-6.362246;107.607238;1
3/19/2024;-6.454341;108.071961;1
6/24/2024;-7.781719;109.948869;1
4/27/2024;-6.214529;107.343277;1
3/20/2024;-6.362486;107.607851;1
4/27/2024;-6.193884;107.49424;1
6/12/2024;-7.595319;109.44837;1
6/15/2024;-7.159179;110.404496;1
2024-10-20;-6.643927069196647;111.09410036591524;0
6/15/2024;-7.123819;110.400336;1
4/29/2024;-6.38435;108.277156;1
4/28/2024;-6.367686;107.793147;1
6/13/2024;-6.85942;110.866994;1
6/15/2024;-7.159756;110.403726;1
3/16/2024;-6.148631;107.34019;1
6/11/2024;-6.959238;110.19529;1
6/27/2024;-6.873531;109.38108;1
6/28/2024;-6.97106;109.095256;1
6/11/2024;-6.960632;110.194182;1
6/24/2024;-6.652146;110.663067;1
6/13/2024;-6.813154;110.807889;1
6/13/2024;-6.81299;110.808;1
3/18/2024;-6.261986;107.461693;1
3/19/2024;-6.328175;108.301972;1
4/29/2024;-6.480442;108.079868;1
6/10/2024;-6.960093;109.596129;1
6/10/2024;-6.960406;109.59775;1
6/24/2024;-6.679503;110.653957;1
6/27/2024;-6.871778;109.390954;1
2024-12-10;-6.25344469080912;107.07814233936227;0
6/10/2024;-6.929556;109.687131;1
6/12/2024;-7.72586;109.524331;1
4/28/2024;-6.360114;107.607306;1
6/28/2024;-6.995435;109.052728;1
4/29/2024;-6.327185;108.304414;1
6/10/2024;-6.960357;109.597337;1
6/27/2024;-6.896227;109.407374;1
6/24/2024;-6.715155;110.707777;1
4/27/2024;-6.194401;107.494896;1
6/11/2024;-6.974493;110.170882;1
3/16/2024;-6.148883;107.339343;1
6/26/2024;-6.909868;109.745636;1
4/27/2024;-6.193529;107.495421;1
4/26/2024;-6.148897;107.349994;1
6/15/2024;-7.159024;110.404262;1
3/18/2024;-6.26183;107.464527;1
6/24/2024;-6.714893;110.706874;1
6/11/2024;-6.958922;110.193918;1
3/18/2024;-6.333629;107.400399;1
6/12/2024;-7.035256;110.537391;1
6/12/2024;-7.594476;109.448657;1
6/24/2024;-7.741122;109.927408;1
4/29/2024;-6.481445;108.079275;1
3/20/2024;-6.365472;107.631083;1
6/10/2024;-6.96012;109.594816;1
6/15/2024;-7.124268;110.39998;1
3/20/2024;-6.365504;107.632485;1
6/12/2024;-6.860751;110.792387;1
6/12/2024;-7.035629;110.539445;1
6/13/2024;-6.862264;110.857683;1
4/27/2024;-6.260288;107.461355;1
2024-02-10;-7.794289161789348;111.81599905382492;0
3/20/2024;-6.361393;107.605941;1
6/11/2024;-6.97449;110.170289;1
6/10/2024;-6.929112;109.688754;1
4/28/2024;-6.355968;107.639624;1
2024-01-15;-8.00389226044539;112.88025928177522;0
3/19/2024;-6.481896;108.075042;1
6/15/2024;-7.123881;110.399723;1
3/16/2024;-6.148646;107.336596;1
6/11/2024;-6.95911;110.195072;1
6/15/2024;-7.159898;110.403911;1
4/28/2024;-6.378761;107.833398;1
6/12/2024;-7.594727;109.448916;1
3/19/2024;-6.326888;108.302305;1
6/12/2024;-7.036299;110.537848;1
6/13/2024;-6.810502;110.963846;1
6/24/2024;-7.742891;109.928193;1
3/18/2024;-6.260314;107.461968;1
6/11/2024;-7.425771;109.295528;1
4/28/2024;-6.359059;107.608528;1
4/28/2024;-6.362235;107.607804;1
6/27/2024;-6.896865;109.429144;1
6/13/2024;-6.859989;110.868834;1
6/11/2024;-6.904542;110.185425;1
3/18/2024;-6.29243;107.362912;1
4/27/2024;-6.193426;107.495593;1
6/27/2024;-6.896738;109.428699;1
6/12/2024;-7.716232;109.489176;1
6/24/2024;-7.782589;109.949353;1
6/13/2024;-6.811614;110.91083;1
6/26/2024;-6.90034;109.754244;1
3/19/2024;-6.482906;108.076155;1
3/18/2024;-6.332985;107.401956;1
3/16/2024;-6.149046;107.348338;1
3/20/2024;-6.361975;107.606293;1
3/18/2024;-6.261573;107.464557;1
3/18/2024;-6.332507;107.40269;1
4/29/2024;-6.453089;108.076003;1
6/24/2024;-6.714868;110.707008;1
6/11/2024;-6.937182;110.218175;1
6/11/2024;-7.425948;109.295122;1
6/11/2024;-6.960819;110.193754;1
3/19/2024;-6.400535;108.324305;1
4/29/2024;-6.401954;108.323363;1
6/10/2024;-6.920213;109.682911;1
4/27/2024;-6.192897;107.493518;1
4/27/2024;-6.234329;107.468828;1
3/16/2024;-6.152277;107.339007;1
6/10/2024;-6.961205;109.597463;1
6/27/2024;-7.388584;109.674954;1
2024-12-10;-6.206868323946241;107.6115236770126;0
3/18/2024;-6.261121;107.464011;1
4/27/2024;-6.29438;107.359222;1
4/27/2024;-6.192983;107.493785;1
3/18/2024;-6.26195;107.464454;1
6/11/2024;-6.937302;110.219723;1
4/27/2024;-6.295428;107.358345;1
3/16/2024;-6.151801;107.338416;1
6/24/2024;-6.654733;110.664404;1
6/12/2024;-7.7245;109.52343;1
4/27/2024;-6.260355;107.462636;1
6/11/2024;-6.975368;110.171415;1
3/18/2024;-6.260284;107.464081;1
6/24/2024;-7.742815;109.928251;1
6/12/2024;-7.750312;109.672936;1
4/29/2024;-6.47987;108.080541;1
2024-06-15;-7.202857737130181;107.05403113870072;0
4/29/2024;-6.327159;108.306153;1
6/24/2024;-6.715364;110.707777;1
6/12/2024;-7.731625;109.725787;1
3/19/2024;-6.383401;108.27174;1
3/19/2024;-6.454528;108.072361;1
6/11/2024;-7.435217;109.352039;1
6/28/2024;-6.995393;109.053373;1
4/29/2024;-6.479684;108.079937;1
6/12/2024;-7.036493;110.537815;1
6/12/2024;-7.725762;109.523218;1
6/28/2024;-6.99604;109.053265;1
6/27/2024;-6.89544;109.42947;1
6/24/2024;-7.781482;109.949579;1
6/11/2024;-6.905444;110.186068;1
6/13/2024;-6.866899;110.869979;1
3/16/2024;-6.148186;107.3384;1
2024-02-10;-7.027034998522184;111.27467684465208;0
2024-11-15;-6.383969471485606;107.92252333073066;0
3/16/2024;-6.150153;107.349087;1
6/11/2024;-6.95957;110.194126;1
6/27/2024;-7.387764;109.674085;1
2024-07-20;-6.116977355720763;107.26959848592594;0
6/27/2024;-7.387767;109.674851;1
4/27/2024;-6.215927;107.342946;1
4/27/2024;-6.29379;107.360489;1
4/29/2024;-6.401608;108.324531;1
3/19/2024;-6.405107;108.32509;1
6/27/2024;-7.410401;109.880995;1
4/28/2024;-6.359455;107.60731;1
6/10/2024;-6.958622;109.597526;1
6/11/2024;-7.426541;109.413828;1
6/10/2024;-6.981933;109.052565;1
3/20/2024;-6.362173;107.60692;1
6/10/2024;-6.920644;109.683888;1
6/10/2024;-6.92906;109.688772;1
3/16/2024;-6.212337;107.344101;1
6/11/2024;-7.435025;109.352878;1
6/11/2024;-7.426029;109.295451;1
6/11/2024;-6.959468;110.195138;1
6/24/2024;-7.742464;109.927491;1
6/13/2024;-6.814286;110.807757;1
6/13/2024;-6.811803;110.909574;1
4/27/2024;-6.25841;107.46258;1
6/10/2024;-6.959692;109.59609;1
2024-02-10;-5.592072308878929;105.1424681356107;0
6/10/2024;-6.981277;109.053502;1
2024-04-15;-6.15232682788625;106.54425220044192;0
3/20/2024;-6.360497;107.607437;1
4/29/2024;-6.453138;108.076402;1
4/28/2024;-6.360068;107.608398;1
6/10/2024;-6.960865;109.597305;1
3/18/2024;-6.333073;107.401355;1
6/27/2024;-6.873556;109.3819;1
6/13/2024;-6.809808;110.964237;1
4/27/2024;-6.192524;107.49527;1
6/12/2024;-7.7316;109.726345;1
6/13/2024;-6.809992;110.96427;1
6/12/2024;-6.85208;110.798061;1
3/19/2024;-6.482803;108.074736;1
4/28/2024;-6.369138;107.794306;1
6/12/2024;-7.732547;109.725091;1
6/10/2024;-6.959292;109.594877;1
4/27/2024;-6.294027;107.36151;1
4/29/2024;-6.480519;108.079537;1
4/27/2024;-6.233875;107.465814;1
2024-09-15;-6.57810297868122;111.15090629024309;0
3/20/2024;-6.364927;107.63235;1
4/28/2024;-6.362225;107.609844;1
6/12/2024;-7.594477;109.44911;1
3/19/2024;-6.401688;108.324748;1
6/15/2024;-7.159904;110.403966;1
6/25/2024;-7.792141;110.247052;1
6/10/2024;-6.960345;109.597189;1
6/24/2024;-6.653512;110.662538;1
6/24/2024;-7.742792;109.928339;1
6/24/2024;-6.715154;110.706062;1
4/27/2024;-6.293257;107.360317;1
6/11/2024;-6.96012;110.194249;1
6/11/2024;-6.937159;110.217956;1
6/15/2024;-7.123305;110.400431;1
6/25/2024;-7.86869;110.195695;1
3/16/2024;-6.150688;107.347937;1
6/11/2024;-6.90518;110.184442;1
6/27/2024;-6.896655;109.428791;1
4/26/2024;-6.149359;107.347738;1
6/10/2024;-6.92029;109.683355;1
6/13/2024;-6.810526;110.964102;1
6/27/2024;-7.41149;109.880317;1
4/29/2024;-6.453652;108.075306;1
6/24/2024;-6.652238;110.66335;1
3/19/2024;-6.40225;108.325136;1
6/26/2024;-6.90953;109.748806;1
3/20/2024;-6.435986;107.885348;1
6/27/2024;-7.408956;109.881092;1
6/12/2024;-7.72601;109.524326;1
3/18/2024;-6.260597;107.463996;1
6/11/2024;-6.93686;110.21837;1
4/29/2024;-6.454022;108.074392;1
3/18/2024;-6.331744;107.401946;1
3/20/2024;-6.3645;107.63073;1
6/13/2024;-6.810388;110.963892;1
6/10/2024;-6.980889;109.053379;1
3/19/2024;-6.454609;108.072572;1
6/12/2024;-7.731691;109.725227;1
2024-08-15;-7.089063923902925;113.27377901785242;0
4/27/2024;-6.194623;107.495348;1
3/19/2024;-6.482347;108.075523;1
6/13/2024;-6.812287;110.806777;1
3/20/2024;-6.378608;107.831924;1
4/29/2024;-6.454576;108.071122;1
6/12/2024;-7.595071;109.4502;1
6/13/2024;-7.738056;109.969639;1
6/24/2024;-6.715686;110.706706;1
4/28/2024;-6.337101;107.600024;1
6/27/2024;-6.894289;109.429472;1
6/15/2024;-7.1612;110.40329;1
4/29/2024;-6.401108;108.325199;1
3/16/2024;-6.14818;107.339755;1
2024-09-15;-8.243231768994267;112.4198379427066;0
6/12/2024;-7.639208;109.559014;1
4/28/2024;-6.359884;107.608469;1
6/13/2024;-6.868583;110.870642;1
6/12/2024;-7.595477;109.449965;1
4/27/2024;-6.194894;107.495451;1
3/19/2024;-6.481851;108.075283;1
6/11/2024;-6.975424;110.171792;1
4/28/2024;-6.35473;107.641957;1
4/29/2024;-6.385167;108.273861;1
4/29/2024;-6.402139;108.321297;1
4/28/2024;-6.36049;107.609441;1
6/26/2024;-6.909204;109.747999;1
6/12/2024;-7.716238;109.488103;1
3/19/2024;-6.327331;108.303661;1
6/12/2024;-7.725552;109.523633;1
6/11/2024;-6.95936;110.193853;1
4/27/2024;-6.234394;107.465783;1
6/25/2024;-7.792911;110.246591;1
4/27/2024;-6.194922;107.494167;1
4/26/2024;-6.150732;107.347909;1
3/16/2024;-6.148541;107.340397;1
6/11/2024;-6.937159;110.218408;1
6/11/2024;-6.937612;110.21886;1
6/12/2024;-7.732837;109.725122;1
4/29/2024;-6.454085;108.076372;1
6/24/2024;-6.763746;110.764943;1
6/10/2024;-6.959977;109.597976;1
6/11/2024;-7.42687;109.413401;1
6/10/2024;-6.921494;109.683526;1
6/11/2024;-6.906709;110.184887;1
3/20/2024;-6.257694;107.455917;1
6/27/2024;-6.870805;109.390889;1
3/20/2024;-6.36581;107.633267;1
6/24/2024;-6.714891;110.7063;1
6/11/2024;-7.650671;109.209943;1
2024-12-10;-6.432297719523979;106.7675919922022;0
6/26/2024;-6.908567;109.747823;1
4/27/2024;-6.214282;107.342212;1
3/18/2024;-6.291343;107.36252;1
3/20/2024;-6.364546;107.633482;1
4/28/2024;-6.355124;107.639979;1
6/11/2024;-7.426187;109.413029;1
3/20/2024;-6.436887;107.885805;1
6/26/2024;-6.905105;109.770717;1
6/11/2024;-7.426066;109.41308;1
6/27/2024;-7.411141;109.880147;1
6/24/2024;-6.67911;110.653743;1
6/24/2024;-7.845638;110.315722;1
4/28/2024;-6.360802;107.608811;1
6/26/2024;-6.909988;109.749189;1
4/28/2024;-6.355841;107.639991;1
4/28/2024;-6.368551;107.793528;1
3/20/2024;-6.360555;107.607088;1
6/26/2024;-6.905878;109.77152;1
6/27/2024;-6.895435;109.428547;1
4/26/2024;-6.14985;107.338786;1
6/12/2024;-7.595054;109.448394;1
6/15/2024;-7.160482;110.40356;1
3/20/2024;-6.435239;107.885309;1
4/27/2024;-6.210996;107.344037;1
3/18/2024;-6.291155;107.362446;1
6/26/2024;-6.900659;109.75628;1
3/20/2024;-6.362482;107.607926;1
6/10/2024;-6.92888;109.687116;1
6/11/2024;-6.960587;110.194476;1
6/27/2024;-6.895776;109.428755;1
6/11/2024;-7.426456;109.41392;1
6/27/2024;-6.895486;109.406965;1
4/27/2024;-6.19434;107.493339;1
6/27/2024;-6.896253;109.430259;1
6/28/2024;-6.993688;109.052648;1
3/16/2024;-6.151996;107.338488;1
6/11/2024;-7.650004;109.20874;1
6/26/2024;-6.907067;109.772171;1
6/27/2024;-6.894818;109.428668;1
6/24/2024;-6.654911;110.663329;1
6/11/2024;-6.904683;110.185131;1
4/29/2024;-6.453972;108.074333;1
6/27/2024;-7.409392;109.880693;1
6/28/2024;-6.971422;109.093304;1
6/27/2024;-6.895211;109.429123;1
6/12/2024;-7.725753;109.524569;1
3/16/2024;-6.14889;107.349516;1
6/11/2024;-6.958892;110.195335;1
4/29/2024;-6.454999;108.070288;1
6/24/2024;-6.678788;110.65393;1
3/19/2024;-6.454569;108.072244;1
4/27/2024;-6.214459;107.343058;1
6/11/2024;-6.904466;110.185216;1
6/13/2024;-6.809383;110.964345;1
6/12/2024;-7.732366;109.725863;1
6/28/2024;-6.9705;109.094915;1
6/28/2024;-6.993938;109.054354;1
6/27/2024;-6.871666;109.390791;1
6/11/2024;-7.425724;109.295711;1
4/27/2024;-6.19362;107.494886;1
6/10/2024;-6.959378;109.594348;1
3/18/2024;-6.260724;107.463877;1
6/27/2024;-6.875079;109.380863;1
4/27/2024;-6.292344;107.361254;1
2024-11-15;-6.034200577519442;105.6467847447208;0
6/11/2024;-7.650297;109.208396;1
6/13/2024;-6.8627;110.856614;1
3/19/2024;-6.327791;108.30231;1
4/29/2024;-6.383699;108.275815;1
6/24/2024;-7.741806;109.928376;1
2024-03-20;-7.176374340986952;112.2293728954977;0
6/26/2024;-6.899686;109.754269;1
3/20/2024;-6.365047;107.632183;1
6/28/2024;-6.97039;109.094264;1
6/13/2024;-6.814123;110.807523;1
6/27/2024;-6.874913;109.381895;1
6/26/2024;-6.905945;109.772522;1
6/27/2024;-6.870445;109.391342;1
6/10/2024;-6.959424;109.594561;1
4/27/2024;-6.292136;107.362155;1
3/16/2024;-6.14864;107.337951;1
6/24/2024;-6.65513;110.663932;1
4/29/2024;-6.38432;108.272296;1
6/26/2024;-6.905463;109.771361;1
4/27/2024;-6.25897;107.460872;1
6/26/2024;-6.900167;109.75415;1
6/11/2024;-7.426419;109.41367;1
3/19/2024;-6.400848;108.324954;1
2024-01-15;-7.0129698340316935;112.3305356920828;0
4/27/2024;-6.233286;107.465894;1
6/10/2024;-6.928943;109.687861;1
4/27/2024;-6.293014;107.361475;1
4/27/2024;-6.295288;107.358323;1
6/11/2024;-6.905322;110.185232;1
6/11/2024;-7.435017;109.353143;1
6/11/2024;-6.960584;110.193572;1
4/27/2024;-6.233588;107.466293;1
4/27/2024;-6.193085;107.494969;1
6/24/2024;-7.74154;109.926545;1
6/10/2024;-6.96086;109.597454;1
6/24/2024;-7.781219;109.949166;1
6/15/2024;-7.161304;110.403687;1
3/20/2024;-6.434996;107.885692;1
2024-10-20;-6.509864143868591;106.99233506658685;0
6/27/2024;-6.874018;109.382902;1
6/12/2024;-7.047449;110.535916;1
6/27/2024;-6.896293;109.406678;1
6/10/2024;-6.959238;109.595639;1
6/27/2024;-6.897149;109.406251;1
6/27/2024;-6.894822;109.429648;1
6/27/2024;-6.875146;109.382971;1
2024-04-15;-8.084012267217814;112.52089249155124;0
6/13/2024;-6.809358;110.964105;1
2024-05-20;-7.939264927563692;109.016682299884;0
6/13/2024;-6.812477;110.806401;1
6/13/2024;-6.813605;110.807565;1
6/27/2024;-6.872244;109.391516;1
4/27/2024;-6.293467;107.361205;1
6/11/2024;-7.61496;109.15273;1
4/27/2024;-6.258853;107.462392;1
6/28/2024;-6.971474;109.0938;1
2024-09-15;-6.037588906133869;106.07289012568064;0
3/19/2024;-6.401706;108.32445;1
6/27/2024;-7.38878;109.674603;1
3/20/2024;-6.364395;107.631563;1
2024-04-15;-5.982604338638082;107.37358796225516;0
6/24/2024;-7.742614;109.927264;1
6/10/2024;-6.929581;109.687813;1
3/19/2024;-6.403595;108.324257;1
6/26/2024;-6.909873;109.745819;1
4/29/2024;-6.404536;108.323942;1
6/11/2024;-6.90557;110.184512;1
6/11/2024;-7.435406;109.352322;1
4/27/2024;-6.292558;107.362376;1
6/11/2024;-7.614323;109.151938;1
6/15/2024;-7.161;110.404339;1
6/11/2024;-6.906164;110.18549;1
6/15/2024;-7.159195;110.403676;1
6/28/2024;-6.970113;109.094706;1
6/11/2024;-6.906802;110.184969;1
6/25/2024;-7.792183;110.246856;1
6/26/2024;-6.909552;109.744635;1
6/13/2024;-6.810178;110.964102;1
4/27/2024;-6.212421;107.344282;1
3/19/2024;-6.40122;108.324036;1
3/19/2024;-6.481709;108.076533;1
6/12/2024;-7.725071;109.524619;1
6/12/2024;-7.63829;109.559053;1
4/29/2024;-6.403925;108.325593;1
4/26/2024;-6.150185;107.349085;1
4/27/2024;-6.192684;107.494503;1
6/28/2024;-6.99488;109.053119;1
3/20/2024;-6.379361;107.832196;1
3/18/2024;-6.294214;107.35972;1
6/11/2024;-6.937767;110.219283;1
6/27/2024;-6.895587;109.428856;1
6/27/2024;-6.87189;109.390968;1
4/27/2024;-6.258997;107.462357;1
6/26/2024;-6.904869;109.770706;1
6/28/2024;-6.995853;109.05305;1
6/27/2024;-6.874846;109.38216;1
6/12/2024;-7.750097;109.673936;1
6/13/2024;-6.810357;110.963644;1
4/28/2024;-6.362654;107.608315;1
6/11/2024;-6.974606;110.170121;1
6/13/2024;-6.809348;110.965232;1
3/20/2024;-6.327472;107.668464;1
6/24/2024;-7.741079;109.926838;1
6/24/2024;-7.741782;109.928142;1
2024-08-15;-7.928180442665303;110.61694148069472;0
6/27/2024;-7.387679;109.674448;1
6/10/2024;-6.928894;109.688805;1
6/25/2024;-7.869968;110.196184;1
6/10/2024;-6.96002;109.597435;1
6/24/2024;-6.714646;110.706848;1
6/12/2024;-7.733006;109.72489;1
4/29/2024;-6.385685;108.272425;1
3/19/2024;-6.482621;108.075722;1
6/13/2024;-6.809153;110.964119;1
4/29/2024;-6.402329;108.324164;1
6/24/2024;-7.845625;110.315544;1
6/11/2024;-7.650294;109.208478;1
6/25/2024;-7.793022;110.246966;1
6/27/2024;-6.895965;109.406703;1
4/27/2024;-6.211408;107.34396;1
4/28/2024;-6.336576;107.599521;1
6/24/2024;-6.715635;110.706907;1
6/11/2024;-7.426145;109.41351;1
6/24/2024;-6.71576;110.707498;1
6/13/2024;-6.866578;110.870556;1
3/16/2024;-6.148136;107.336288;1
2024-11-15;-8.6053528467451;111.59835612427682;0
4/28/2024;-6.36075;107.609215;1
3/16/2024;-6.14906;107.33836;1
6/28/2024;-6.971042;109.093356;1
4/27/2024;-6.233332;107.465977;1
6/27/2024;-6.872389;109.392049;1
6/11/2024;-7.426609;109.413833;1
6/27/2024;-6.874285;109.382835;1
6/28/2024;-6.970229;109.093383;1
6/12/2024;-6.850802;110.798524;1
6/27/2024;-7.387683;109.673719;1
3/18/2024;-6.260532;107.464135;1
6/28/2024;-6.994479;109.054177;1
6/24/2024;-6.715119;110.70731;1
4/27/2024;-6.259381;107.462536;1
4/28/2024;-6.37718;107.831505;1
3/20/2024;-6.365535;107.630791;1
6/11/2024;-6.95995;110.194338;1
6/26/2024;-6.908017;109.748385;1
3/19/2024;-6.327607;108.30296;1
6/25/2024;-7.868901;110.196545;1
6/24/2024;-7.845725;110.316142;1
4/27/2024;-6.294213;107.357833;1
4/28/2024;-6.355836;107.640895;1
4/27/2024;-6.292117;107.361609;1
4/29/2024;-6.481406;108.08016;1
6/11/2024;-6.904894;110.185837;1
6/10/2024;-6.928732;109.687042;1
2024-10-20;-5.744855646509825;106.09267745786474;0
4/29/2024;-6.453259;108.074617;1
4/29/2024;-6.327859;108.304199;1
3/18/2024;-6.333198;107.400652;1
6/28/2024;-6.993916;109.053929;1
2024-11-15;-5.8350665349333815;106.55447969454296;0
6/27/2024;-6.872232;109.391405;1
3/16/2024;-6.212404;107.344272;1
3/19/2024;-6.454879;108.071737;1
4/27/2024;-6.234108;107.467077;1
6/25/2024;-7.793388;110.246754;1
6/13/2024;-7.740947;110.030189;1
2024-12-10;-8.359384789715016;113.28089949286114;0
6/10/2024;-6.928367;109.68773;1
6/11/2024;-7.504951;109.375244;1
6/11/2024;-7.503452;109.374821;1
6/11/2024;-7.426842;109.412224;1
6/27/2024;-6.894688;109.430055;1
6/11/2024;-7.426088;109.295144;1
3/19/2024;-6.482288;108.074736;1
6/11/2024;-6.906829;110.185645;1
6/13/2024;-6.862248;110.857519;1
6/11/2024;-6.93709;110.217997;1
4/27/2024;-6.212758;107.343129;1
6/11/2024;-7.435328;109.352367;1
6/11/2024;-7.427022;109.413758;1
3/20/2024;-6.362475;107.607205;1
3/20/2024;-6.362375;107.607602;1
6/11/2024;-7.426551;109.413745;1
6/15/2024;-7.159435;110.404054;1
6/27/2024;-6.8967;109.407157;1
6/10/2024;-6.959358;109.5954;1
6/10/2024;-6.961052;109.597444;1
4/27/2024;-6.215859;107.342599;1
6/10/2024;-6.921679;109.682983;1
2024-02-10;-5.973682845295415;106.88445804310528;0
6/27/2024;-7.388555;109.673954;1
4/29/2024;-6.383353;108.277238;1
6/11/2024;-7.435142;109.35214;1
6/27/2024;-7.409714;109.88122;1
6/26/2024;-6.908138;109.749391;1
6/12/2024;-6.860415;110.792352;1
6/10/2024;-6.959179;109.597678;1
6/12/2024;-7.637996;109.559479;1
6/26/2024;-6.908756;109.749814;1
6/25/2024;-7.792505;110.247057;1
6/11/2024;-6.959751;110.194981;1
3/20/2024;-6.378261;107.832769;1
6/11/2024;-7.504034;109.375159;1
6/26/2024;-6.909474;109.748726;1
3/18/2024;-6.261019;107.463208;1
6/11/2024;-7.426626;109.295254;1
6/10/2024;-6.958985;109.595023;1
4/27/2024;-6.214461;107.342606;1
6/11/2024;-7.426606;109.411658;1
6/24/2024;-7.741198;109.92696;1
6/10/2024;-6.960283;109.59475;1
6/12/2024;-6.862045;110.792383;1
6/12/2024;-6.860867;110.791899;1
6/12/2024;-7.59593;109.449586;1
2024-08-15;-6.21090763375487;106.68303523841186;0
6/11/2024;-6.975135;110.171462;1
6/11/2024;-6.905274;110.184337;1
6/15/2024;-7.160277;110.404115;1
3/16/2024;-6.152251;107.33887;1
4/27/2024;-6.215493;107.342329;1
2024-01-15;-6.001516077758436;106.51805275895204;0
6/27/2024;-6.870963;109.391389;1
6/24/2024;-6.653792;110.664618;1
6/10/2024;-6.958742;109.598263;1
4/29/2024;-6.453702;108.075867;1
4/26/2024;-6.149353;107.349093;1
6/24/2024;-7.845595;110.316081;1
3/20/2024;-6.365193;107.632529;1
6/27/2024;-6.895601;109.428551;1
4/26/2024;-6.150341;107.348742;1
4/27/2024;-6.233758;107.468697;1
6/11/2024;-6.937894;110.218075;1
6/12/2024;-7.595479;109.448807;1
6/12/2024;-7.732831;109.725934;1
6/28/2024;-6.970502;109.095121;1
6/10/2024;-6.960959;109.594352;1
6/11/2024;-6.905331;110.185692;1
3/20/2024;-6.362644;107.606352;1
6/10/2024;-6.929203;109.68668;1
6/13/2024;-6.812923;110.911266;1
3/16/2024;-6.148071;107.340445;1
6/25/2024;-7.793505;110.247172;1
4/29/2024;-6.479723;108.080332;1
6/12/2024;-7.749863;109.673844;1
2024-04-15;-5.805225314590456;107.24465465331416;0
6/13/2024;-6.81289;110.808685;1
6/10/2024;-6.959389;109.595679;1
6/12/2024;-7.595286;109.450371;1
6/11/2024;-6.959243;110.19506;1
4/29/2024;-6.32795;108.305679;1
3/20/2024;-6.377939;107.832467;1
6/12/2024;-7.732557;109.726125;1
6/13/2024;-6.814061;110.807995;1
6/11/2024;-7.435126;109.352617;1
6/11/2024;-7.426351;109.412335;1
6/25/2024;-7.792587;110.247025;1
2024-11-15;-6.186737077618854;107.3488883750808;0
6/28/2024;-6.994332;109.053725;1
6/27/2024;-6.895794;109.406708;1
6/24/2024;-6.71501;110.707472;1
4/28/2024;-6.355321;107.642093;1
3/20/2024;-6.361947;107.607009;1
6/28/2024;-6.995839;109.053806;1
6/27/2024;-6.87501;109.381676;1
6/12/2024;-7.732665;109.726137;1
6/11/2024;-7.426614;109.413922;1
6/10/2024;-6.928541;109.687515;1
6/28/2024;-6.970737;109.094308;1
6/27/2024;-6.872558;109.391657;1
4/27/2024;-6.292402;107.362418;1
6/12/2024;-7.732839;109.726029;1
6/12/2024;-7.724434;109.523155;1
6/10/2024;-6.95862;109.597856;1
6/13/2024;-6.867041;110.871338;1
4/27/2024;-6.194689;107.494169;1
6/24/2024;-6.714581;110.708062;1
4/29/2024;-6.383917;108.272229;1
4/29/2024;-6.454385;108.071609;1
4/28/2024;-6.354726;107.641148;1
6/12/2024;-6.860725;110.793312;1
6/11/2024;-6.906749;110.185676;1
2024-05-20;-6.709262562596356;109.01640781520284;0
4/27/2024;-6.213954;107.342206;1
6/13/2024;-6.862797;110.857319;1
6/12/2024;-7.594931;109.449562;1
6/26/2024;-6.908315;109.750477;1
2024-10-20;-5.892746849279314;107.33059993890969;0
6/11/2024;-6.905413;110.184861;1
6/11/2024;-6.960403;110.194797;1
6/27/2024;-6.896431;109.406519;1
6/24/2024;-7.741717;109.927613;1
3/16/2024;-6.148642;107.337499;1
6/13/2024;-6.812932;110.805892;1
6/10/2024;-6.929423;109.688303;1
6/11/2024;-7.650284;109.208663;1
6/27/2024;-6.871217;109.390918;1
6/11/2024;-7.425773;109.294879;1
3/19/2024;-6.40203;108.323656;1
6/24/2024;-6.652834;110.662621;1
3/20/2024;-6.378261;107.83244;1
6/24/2024;-6.653317;110.663393;1
4/28/2024;-6.337512;107.601059;1
6/24/2024;-7.846739;110.315429;1
3/19/2024;-6.327777;108.304567;1
3/20/2024;-6.435586;107.885689;1
6/11/2024;-7.650276;109.208862;1
6/15/2024;-7.16133;110.403918;1
4/29/2024;-6.327019;108.30509;1
3/19/2024;-6.329511;108.303796;1
6/13/2024;-6.812447;110.910124;1
4/28/2024;-6.367089;107.793456;1
3/19/2024;-6.404424;108.323113;1
6/12/2024;-7.595118;109.449861;1
6/12/2024;-7.59511;109.448548;1
4/27/2024;-6.292108;107.361922;1
4/28/2024;-6.368396;107.793012;1
6/25/2024;-7.793654;110.247261;1
4/29/2024;-6.454226;108.075961;1
6/27/2024;-6.897084;109.406585;1
6/11/2024;-6.937392;110.218043;1
6/24/2024;-7.741751;109.927863;1
6/26/2024;-6.906307;109.771284;1
6/11/2024;-7.426841;109.411527;1
4/27/2024;-6.214009;107.342604;1
6/12/2024;-6.860808;110.791686;1
4/27/2024;-6.216718;107.343114;1
4/29/2024;-6.40095;108.32353;1
6/12/2024;-7.638243;109.558197;1
4/28/2024;-6.337215;107.600298;1
3/20/2024;-6.365871;107.63273;1
3/19/2024;-6.329192;108.301678;1
4/29/2024;-6.384717;108.275892;1
3/19/2024;-6.385167;108.273917;1
3/18/2024;-6.334095;107.402011;1
6/24/2024;-7.847091;110.315766;1
6/10/2024;-6.9216;109.683261;1
6/13/2024;-6.809768;110.964021;1
6/12/2024;-7.725424;109.523006;1
6/27/2024;-6.871445;109.39127;1
6/13/2024;-6.861795;110.857972;1
6/27/2024;-6.897025;109.428952;1
3/16/2024;-6.211889;107.343196;1
6/11/2024;-6.959538;110.195149;1
6/27/2024;-6.89744;109.40714;1
4/29/2024;-6.455194;108.070494;1
6/11/2024;-6.904542;110.185878;1
6/12/2024;-7.594686;109.449182;1
4/28/2024;-6.356288;107.640897;1
6/10/2024;-6.929149;109.687986;1
3/20/2024;-6.434941;107.88395;1
4/29/2024;-6.453001;108.074902;1
4/29/2024;-6.384605;108.277544;1
4/28/2024;-6.355712;107.640832;1
6/13/2024;-6.812406;110.909819;1
6/12/2024;-6.861759;110.792204;1
6/12/2024;-6.860535;110.791722;1
6/15/2024;-7.160728;110.403445;1
6/27/2024;-6.895031;109.429086;1
6/13/2024;-6.860503;110.868041;1
4/29/2024;-6.453261;108.074058;1
3/18/2024;-6.291345;107.362068;1
3/16/2024;-6.148048;107.339618;1
6/12/2024;-7.594603;109.448595;1
6/28/2024;-6.970894;109.095262;1
3/18/2024;-6.261509;107.462194;1
6/26/2024;-6.901886;109.754797;1
4/28/2024;-6.360603;107.608612;1
6/12/2024;-7.638827;109.55874;1
6/27/2024;-7.387637;109.674102;1
6/11/2024;-6.959731;110.19393;1
6/24/2024;-6.715664;110.706641;1
6/27/2024;-6.875196;109.382552;1
6/12/2024;-6.850918;110.796882;1
6/12/2024;-7.638854;109.55936;1
6/13/2024;-6.86197;110.857119;1
6/12/2024;-7.731828;109.724965;1
4/26/2024;-6.148903;107.348639;1
6/28/2024;-6.97089;109.094693;1
4/27/2024;-6.211386;107.342857;1
6/11/2024;-7.42699;109.413775;1
6/11/2024;-7.425786;109.294965;1
6/27/2024;-6.895752;109.406139;1
4/27/2024;-6.19312;107.493693;1
3/18/2024;-6.260469;107.463489;1
4/27/2024;-6.259114;107.462857;1
6/26/2024;-6.910181;109.743639;1
6/11/2024;-7.425731;109.295366;1
4/28/2024;-6.355391;107.639537;1
4/29/2024;-6.326725;108.305765;1
6/27/2024;-6.897592;109.406905;1
3/19/2024;-6.481508;108.076682;1
6/25/2024;-7.868597;110.195978;1
4/27/2024;-6.214469;107.342525;1
6/11/2024;-6.904677;110.184722;1
4/26/2024;-6.149926;107.34772;1
2024-07-20;-6.566938424207579;108.24037802087288;0
4/28/2024;-6.36052;107.608401;1
6/11/2024;-7.650217;109.20986;1
3/19/2024;-6.383384;108.270609;1
6/25/2024;-7.79371;110.246608;1
6/24/2024;-6.679219;110.654539;1
6/11/2024;-6.906186;110.184711;1
4/29/2024;-6.455753;108.07016;1
6/10/2024;-6.982355;109.052825;1
6/11/2024;-7.425956;109.295813;1
4/27/2024;-6.258657;107.462031;1
4/27/2024;-6.193389;107.494677;1
6/12/2024;-7.725128;109.523297;1
6/24/2024;-7.742576;109.927057;1
6/12/2024;-7.725784;109.523006;1
6/11/2024;-6.905238;110.184963;1
3/18/2024;-6.261498;107.464452;1
6/24/2024;-7.781458;109.949897;1
6/13/2024;-6.810001;110.96418;1
6/25/2024;-7.792575;110.24772;1
3/19/2024;-6.455194;108.070389;1
6/12/2024;-7.714882;109.488108;1
6/13/2024;-6.809869;110.96393;1
4/28/2024;-6.367534;107.795474;1
3/16/2024;-6.149759;107.349508;1
6/27/2024;-6.895931;109.429619;1
6/12/2024;-7.048264;110.53534;1
6/28/2024;-6.996194;109.05344;1
6/24/2024;-6.715391;110.707352;1
6/26/2024;-6.901361;109.756086;1
3/18/2024;-6.261454;107.461745;1
6/12/2024;-7.7328;109.724955;1
6/24/2024;-6.714985;110.707921;1
6/10/2024;-6.960141;109.595184;1
3/20/2024;-6.365512;107.632061;1
4/28/2024;-6.367234;107.793145;1
6/24/2024;-7.781175;109.94919;1
6/13/2024;-6.859537;110.868834;1
6/13/2024;-6.810518;110.964019;1
6/13/2024;-6.859537;110.867476;1
6/13/2024;-6.809021;110.964476;1
6/13/2024;-6.810419;110.964284;1
4/27/2024;-6.233565;107.465892;1
4/27/2024;-6.260479;107.461119;1
6/27/2024;-7.388848;109.673751;1
6/11/2024;-7.426565;109.413559;1
2024-09-15;-7.987791482883978;110.1910031922191;0
4/27/2024;-6.234558;107.465462;1
6/13/2024;-6.809798;110.963502;1
4/29/2024;-6.383801;108.276368;1
4/27/2024;-6.216401;107.341376;1
6/11/2024;-7.614225;109.152216;1
6/10/2024;-6.929965;109.688223;1
6/27/2024;-6.871168;109.391726;1
6/13/2024;-6.86238;110.857283;1
6/11/2024;-7.613814;109.152732;1
3/16/2024;-6.148802;107.337426;1
6/27/2024;-7.411658;109.881003;1
6/27/2024;-6.874064;109.381494;1
6/10/2024;-6.921418;109.683026;1
6/12/2024;-7.732716;109.726365;1
6/13/2024;-6.809159;110.963851;1
6/11/2024;-6.959731;110.194017;1
3/16/2024;-6.149315;107.34941;1
6/26/2024;-6.90953;109.749549;1
6/12/2024;-7.047545;110.534863;1
3/18/2024;-6.291448;107.361696;1
4/29/2024;-6.454186;108.070451;1
6/25/2024;-7.793351;110.246629;1
6/25/2024;-7.793086;110.247496;1
6/10/2024;-6.929626;109.687119;1
6/28/2024;-6.970479;109.094351;1
4/27/2024;-6.29352;107.362458;1
6/27/2024;-6.89706;109.406353;1
6/15/2024;-7.159496;110.403676;1
6/27/2024;-6.873449;109.381531;1
6/27/2024;-6.873559;109.382805;1
6/10/2024;-6.959944;109.597042;1
6/28/2024;-6.993368;109.052668;1
6/25/2024;-7.793;110.247188;1
6/12/2024;-7.595233;109.449184;1
6/13/2024;-6.812929;110.805948;1
4/28/2024;-6.339528;107.598883;1
3/19/2024;-6.329531;108.304019;1
4/27/2024;-6.234229;107.467336;1
6/11/2024;-6.975195;110.169869;1
6/11/2024;-7.426147;109.413823;1
6/12/2024;-7.595739;109.449591;1
6/11/2024;-6.975073;110.171049;1
3/16/2024;-6.148833;107.336256;1
4/28/2024;-6.362862;107.609445;1
6/24/2024;-6.686674;110.676981;1
6/28/2024;-6.993411;109.052547;1
3/16/2024;-6.148639;107.339355;1
3/19/2024;-6.402219;108.325221;1
3/16/2024;-6.148637;107.339109;1
6/12/2024;-7.047363;110.533918;1
3/19/2024;-6.454549;108.072043;1
6/12/2024;-7.715376;109.488168;1
6/11/2024;-7.425928;109.295026;1
6/10/2024;-6.961595;109.597531;1
4/28/2024;-6.362376;107.608624;1
6/12/2024;-7.595859;109.449278;1
6/13/2024;-6.81048;110.963636;1
6/24/2024;-7.741612;109.928095;1
6/14/2024;-7.705861;110.570528;1
6/26/2024;-6.906178;109.770952;1
4/28/2024;-6.378258;107.833273;1
4/27/2024;-6.295407;107.358002;1
3/19/2024;-6.401397;108.325471;1
6/12/2024;-7.714883;109.488562;1
6/15/2024;-7.159802;110.403788;1
6/13/2024;-6.813491;110.808553;1
6/12/2024;-7.595043;109.45015;1
2024-09-15;-7.057525573971319;105.91059396283896;0
6/10/2024;-6.960138;109.594279;1
6/28/2024;-6.995922;109.054205;1
6/24/2024;-7.846324;110.315402;1
6/27/2024;-6.895566;109.429657;1
6/12/2024;-7.047877;110.535814;1
3/19/2024;-6.454534;108.07186;1
6/10/2024;-6.928381;109.687533;1
3/19/2024;-6.328697;108.301865;1
6/11/2024;-7.426192;109.294847;1
4/27/2024;-6.234713;107.464835;1
6/27/2024;-6.89707;109.407213;1
6/28/2024;-6.994715;109.053687;1
6/24/2024;-7.781266;109.949154;1
6/10/2024;-6.961051;109.596991;1
6/11/2024;-6.974702;110.170258;1
6/11/2024;-7.614743;109.152243;1
6/26/2024;-6.907788;109.74793;1
6/27/2024;-6.874901;109.381684;1
3/16/2024;-6.149042;107.349241;1
6/15/2024;-7.15879;110.404236;1
4/27/2024;-6.258627;107.462045;1
6/12/2024;-7.715923;109.489262;1
6/11/2024;-6.974847;110.170075;1
6/11/2024;-7.504118;109.374866;1
6/13/2024;-6.809668;110.965031;1
6/24/2024;-7.741082;109.928198;1
6/12/2024;-7.715424;109.48888;1
6/11/2024;-7.426135;109.413427;1
6/10/2024;-6.929338;109.686498;1
4/28/2024;-6.337983;107.600857;1
6/10/2024;-6.921872;109.683853;1
6/10/2024;-6.958972;109.598369;1
6/15/2024;-7.156603;110.404389;1
3/18/2024;-6.260478;107.462633;1
6/13/2024;-6.813382;110.807305;1
6/11/2024;-7.425973;109.295284;1
4/29/2024;-6.402257;108.323774;1
6/27/2024;-6.895437;109.406352;1
4/29/2024;-6.454638;108.070454;1
6/11/2024;-6.936557;110.219261;1
6/13/2024;-6.810238;110.964635;1
6/12/2024;-6.861771;110.791899;1
6/26/2024;-6.900322;109.754551;1
6/12/2024;-7.750049;109.673207;1
3/20/2024;-6.363681;107.633658;1
6/10/2024;-6.920367;109.682889;1
6/15/2024;-7.159856;110.403625;1
6/27/2024;-6.896698;109.406705;1
6/13/2024;-6.812156;110.807165;1
2024-12-10;-7.317048274827327;110.42611694014148;0
6/15/2024;-7.159524;110.40372;1
6/10/2024;-6.928755;109.688039;1
6/12/2024;-7.725973;109.523987;1
6/15/2024;-7.160442;110.403845;1
3/19/2024;-6.329;108.300883;1
6/10/2024;-6.960109;109.596006;1
4/28/2024;-6.338393;107.60014;1
6/10/2024;-6.96076;109.596893;1
6/10/2024;-6.980757;109.053279;1
6/10/2024;-6.981725;109.052595;1
6/27/2024;-6.872366;109.390941;1
6/26/2024;-6.91011;109.747209;1
6/27/2024;-6.896253;109.430025;1
3/20/2024;-6.362479;107.606302;1
6/12/2024;-7.74993;109.673725;1
3/19/2024;-6.404178;108.324444;1
6/28/2024;-6.993813;109.054132;1
3/16/2024;-6.152507;107.338273;1
6/26/2024;-6.909519;109.749013;1
6/11/2024;-7.435548;109.35199;1
6/10/2024;-6.960761;109.595516;1
6/12/2024;-7.639565;109.558437;1
6/11/2024;-6.958753;110.195246;1
6/24/2024;-6.762706;110.765246;1
3/19/2024;-6.454857;108.072124;1
2024-11-15;-6.392160404658534;111.05945779836856;0
4/27/2024;-6.216315;107.342864;1
6/11/2024;-6.906348;110.184065;1
6/10/2024;-6.930113;109.688487;1
6/26/2024;-6.909042;109.749524;1
6/11/2024;-7.426086;109.295072;1
6/11/2024;-7.614228;109.151644;1
6/27/2024;-7.410252;109.880692;1
6/27/2024;-6.871232;109.390759;1
6/27/2024;-6.872315;109.391798;1
4/27/2024;-6.234356;107.465461;1
6/11/2024;-6.959326;110.194881;1
4/28/2024;-6.337063;107.600605;1
6/27/2024;-6.896928;109.406599;1
3/16/2024;-6.151625;107.338704;1
3/19/2024;-6.400567;108.325694;1
6/25/2024;-7.793458;110.247004;1
6/25/2024;-7.793168;110.247491;1
4/27/2024;-6.259557;107.462611;1
2024-05-20;-7.133406832588028;114.73336817642732;0
6/10/2024;-6.959806;109.594093;1
6/25/2024;-7.792614;110.247446;1
6/13/2024;-6.809819;110.964803;1
6/10/2024;-6.928988;109.687098;1
6/11/2024;-7.426558;109.41352;1
6/27/2024;-6.873985;109.382156;1
6/24/2024;-6.65466;110.662673;1
4/27/2024;-6.21543;107.341981;1
3/19/2024;-6.45524;108.071682;1
6/11/2024;-7.426159;109.413903;1
6/27/2024;-6.873628;109.380852;1
6/26/2024;-6.901038;109.755724;1
6/28/2024;-6.971496;109.093807;1
4/27/2024;-6.194786;107.494696;1
3/18/2024;-6.261881;107.464278;1
4/29/2024;-6.40406;108.324088;1
6/11/2024;-6.905537;110.185602;1
3/18/2024;-6.260506;107.462325;1
6/15/2024;-7.122853;110.400018;1
6/11/2024;-6.960183;110.193929;1
6/11/2024;-7.435693;109.35214;1
6/24/2024;-6.652761;110.663578;1
4/26/2024;-6.15038;107.348436;1
3/16/2024;-6.152609;107.33936;1
4/28/2024;-6.337058;107.601508;1
6/26/2024;-6.906973;109.771935;1
6/10/2024;-6.981797;109.052577;1
6/15/2024;-7.160742;110.40356;1
6/26/2024;-6.901353;109.755535;1
6/27/2024;-6.872495;109.391577;1
6/10/2024;-6.960989;109.598113;1
6/10/2024;-6.959429;109.595995;1
6/12/2024;-7.595211;109.450525;1
6/11/2024;-7.434611;109.352639;1
3/19/2024;-6.405015;108.322905;1
6/27/2024;-6.870497;109.391191;1
4/29/2024;-6.480928;108.08015;1
6/12/2024;-7.732607;109.726348;1
6/11/2024;-7.650533;109.209704;1
6/28/2024;-6.9941;109.05262;1
6/10/2024;-6.959852;109.59571;1
3/20/2024;-6.360528;107.612194;1
6/27/2024;-6.871167;109.391248;1
6/25/2024;-7.869428;110.196058;1
6/12/2024;-7.715784;109.487652;1
3/19/2024;-6.454556;108.072143;1
6/27/2024;-6.870919;109.390403;1
2024-03-20;-6.713764450480357;106.24045731489326;0
6/24/2024;-6.763206;110.764772;1
4/27/2024;-6.258421;107.46072;1
6/11/2024;-7.435107;109.353148;1
6/24/2024;-6.715509;110.706177;1
6/10/2024;-6.9283;109.687135;1
6/24/2024;-6.715563;110.70678;1
6/11/2024;-6.904472;110.184854;1
6/10/2024;-6.928372;109.68704;1
3/20/2024;-6.364352;107.632641;1
6/11/2024;-6.938065;110.218859;1
6/12/2024;-6.850716;110.798744;1
6/13/2024;-6.859286;110.869093;1
6/11/2024;-7.425902;109.295695;1
4/27/2024;-6.193912;107.49413;1
6/10/2024;-6.920866;109.683253;1
2024-10-20;-7.001870604141374;111.86458790428416;0
4/26/2024;-6.149676;107.348586;1
3/18/2024;-6.260562;107.464282;1
6/11/2024;-6.960184;110.194382;1
3/20/2024;-6.378655;107.833312;1
3/17/2024;-6.29425;107.356861;1
6/27/2024;-6.895227;109.428748;1
4/27/2024;-6.193693;107.495596;1
3/19/2024;-6.324528;108.302778;1
3/19/2024;-6.329152;108.301416;1
6/15/2024;-7.160571;110.403537;1
4/28/2024;-6.380294;107.835389;1
6/27/2024;-7.388505;109.673884;1
6/28/2024;-6.971103;109.094445;1
6/11/2024;-7.504689;109.375134;1
6/27/2024;-7.388233;109.674864;1
6/10/2024;-6.960344;109.596069;1
6/12/2024;-7.595383;109.44956;1
6/10/2024;-6.96121;109.595678;1
6/13/2024;-6.811611;110.812444;1
2024-12-10;-7.781489095658234;113.72402816365414;0
6/27/2024;-6.896087;109.429782;1
6/13/2024;-6.867679;110.870189;1
6/12/2024;-7.733297;109.725938;1
4/29/2024;-6.454162;108.074515;1
6/11/2024;-6.974696;110.169978;1
4/27/2024;-6.26001;107.462489;1
6/10/2024;-6.928731;109.688445;1
6/26/2024;-6.908219;109.750161;1
4/29/2024;-6.327625;108.306222;1
6/25/2024;-7.792612;110.247693;1
3/20/2024;-6.365306;107.630762;1
6/10/2024;-6.929602;109.686491;1
6/27/2024;-6.895381;109.428704;1
6/27/2024;-6.895286;109.429472;1
6/24/2024;-7.781489;109.948755;1
2024-01-15;-6.048337524689162;106.82135521009045;0
6/11/2024;-6.906209;110.184065;1
6/10/2024;-6.982075;109.052706;1
4/27/2024;-6.193333;107.495556;1
6/25/2024;-7.793082;110.246577;1
4/27/2024;-6.292391;107.362147;1
2024-12-10;-6.6136146797981725;106.19083918739534;0
6/11/2024;-7.426311;109.294562;1
3/20/2024;-6.436574;107.885263;1
6/15/2024;-7.161015;110.404395;1
4/27/2024;-6.234192;107.467764;1
6/16/2024;-7.532917;110.158056;1
4/28/2024;-6.362702;107.609596;1
3/20/2024;-6.378238;107.831916;1
6/26/2024;-6.910501;109.747392;1
6/11/2024;-7.426627;109.412317;1
6/11/2024;-7.503783;109.374685;1
6/10/2024;-6.982463;109.052823;1
6/25/2024;-7.869217;110.195502;1
6/12/2024;-7.733294;109.725513;1
6/24/2024;-6.714438;110.707603;1
6/12/2024;-6.851782;110.798721;1
6/26/2024;-6.91052;109.747237;1
6/27/2024;-6.895004;109.4285;1
6/12/2024;-7.595519;109.450561;1
6/11/2024;-7.426895;109.411941;1
6/11/2024;-6.974163;110.170369;1
6/13/2024;-6.859537;110.867929;1
6/24/2024;-6.679332;110.653839;1
4/29/2024;-6.405001;108.325045;1
3/18/2024;-6.333643;107.402009;1
3/20/2024;-6.365778;107.633708;1
6/12/2024;-7.595584;109.450029;1
6/26/2024;-6.909929;109.74963;1
6/13/2024;-6.813791;110.807829;1
6/27/2024;-6.874795;109.381669;1
6/10/2024;-6.961145;109.594727;1
6/26/2024;-6.901354;109.755987;1
6/13/2024;-6.813328;110.807074;1
6/28/2024;-6.994684;109.053157;1
2024-07-20;-6.201601910223862;107.2606933213244;0
6/12/2024;-7.594929;109.449109;1
4/29/2024;-6.403823;108.324314;1
3/16/2024;-6.148188;107.337949;1
4/29/2024;-6.481322;108.079659;1
6/11/2024;-7.434835;109.351949;1
6/10/2024;-6.959696;109.597448;1
6/24/2024;-7.847058;110.315198;1
2024-02-10;-7.0897620054624175;106.8986758791066;0
3/19/2024;-6.383083;108.271066;1
6/27/2024;-6.870943;109.391708;1
2024-07-20;-6.738514914880306;106.3153510599169;0
6/10/2024;-6.929189;109.687078;1
3/20/2024;-6.436897;107.883998;1
2024-03-20;-8.558263075662108;112.49464573631936;0
6/24/2024;-6.763378;110.76604;1
6/11/2024;-6.90485;110.18453;1
6/12/2024;-7.750121;109.673844;1
4/28/2024;-6.360297;107.609036;1
6/11/2024;-6.975068;110.17082;1
6/12/2024;-7.59505;109.449905;1
6/12/2024;-7.595052;109.450321;1
6/26/2024;-6.90744;109.773041;1
6/15/2024;-7.161023;110.403694;1
4/29/2024;-6.401119;108.323461;1
6/12/2024;-7.715602;109.489255;1
6/10/2024;-6.961022;109.594759;1
4/27/2024;-6.214913;107.342608;1
6/11/2024;-7.503589;109.37488;1
3/20/2024;-6.361974;107.607712;1
4/27/2024;-6.294714;107.359718;1
4/29/2024;-6.401809;108.323845;1
4/29/2024;-6.38564;108.272738;1
6/11/2024;-6.95928;110.194836;1
6/26/2024;-6.901578;109.754949;1
6/27/2024;-6.870939;109.390243;1
3/20/2024;-6.378642;107.832629;1
6/27/2024;-6.895298;109.429879;1
6/26/2024;-6.908393;109.747826;1
3/20/2024;-6.361355;107.607573;1
6/13/2024;-6.812682;110.807332;1
6/26/2024;-6.905903;109.77095;1
3/16/2024;-6.152701;107.339323;1
6/11/2024;-7.436177;109.352415;1
6/11/2024;-7.426259;109.413404;1
6/24/2024;-7.846696;110.31551;1
6/24/2024;-7.846722;110.315318;1
3/20/2024;-6.379304;107.831915;1
6/13/2024;-6.811232;110.909776;1
6/24/2024;-6.715535;110.707177;1
4/28/2024;-6.337065;107.600153;1
6/28/2024;-6.993987;109.054297;1
6/11/2024;-7.435836;109.352204;1
6/13/2024;-6.810531;110.964145;1
6/11/2024;-7.434697;109.352421;1
6/12/2024;-7.731533;109.726253;1
6/24/2024;-7.742362;109.928456;1
3/19/2024;-6.329134;108.304124;1
6/10/2024;-6.929241;109.687835;1
6/12/2024;-7.715842;109.487735;1
6/27/2024;-6.895468;109.406736;1
6/11/2024;-7.504237;109.375136;1
6/12/2024;-7.725874;109.523443;1
4/29/2024;-6.383887;108.275574;1
6/13/2024;-6.866954;110.871799;1
6/12/2024;-6.851371;110.797787;1
4/28/2024;-6.377808;107.831395;1
6/11/2024;-7.42683;109.412145;1
4/29/2024;-6.453417;108.07419;1
3/18/2024;-6.333724;107.401233;1
6/15/2024;-7.123018;110.40029;1
6/24/2024;-6.763276;110.764863;1
6/11/2024;-6.958825;110.194322;1
6/27/2024;-6.896966;109.428488;1
4/26/2024;-6.149348;107.34941;1
6/11/2024;-7.503922;109.375714;1
2024-06-15;-6.523936453228049;111.33652347885302;0
6/25/2024;-7.792833;110.246617;1
4/27/2024;-6.215815;107.343064;1
6/10/2024;-6.930134;109.688344;1
6/27/2024;-6.87178;109.391406;1
4/29/2024;-6.453237;108.076529;1
6/11/2024;-6.960735;110.19432;1
6/11/2024;-6.958918;110.194665;1
6/10/2024;-6.929527;109.686597;1
6/26/2024;-6.907583;109.771948;1
6/15/2024;-7.159968;110.403701;1
4/29/2024;-6.454429;108.075625;1
6/10/2024;-6.921524;109.682235;1
4/27/2024;-6.194347;107.494432;1
6/11/2024;-6.974662;110.170516;1
2024-07-20;-6.278747906761467;106.97628562453272;0
4/28/2024;-6.363584;107.607796;1
6/26/2024;-6.901806;109.755986;1
6/10/2024;-6.928589;109.687501;1
4/29/2024;-6.453858;108.074898;1
6/13/2024;-6.811844;110.909887;1
4/28/2024;-6.378606;107.836156;1
6/26/2024;-6.910368;109.744651;1
6/13/2024;-6.809927;110.964541;1
3/19/2024;-6.454365;108.072597;1
6/10/2024;-6.982179;109.053045;1
6/10/2024;-6.960128;109.597774;1
6/26/2024;-6.906693;109.771934;1
6/12/2024;-7.732782;109.724879;1
3/20/2024;-6.378;107.833092;1
6/12/2024;-7.733103;109.726059;1
6/27/2024;-6.894991;109.428947;1
3/16/2024;-6.152705;107.33842;1
3/20/2024;-6.435537;107.884894;1
4/28/2024;-6.355737;107.640457;1
6/24/2024;-6.764063;110.766151;1
4/27/2024;-6.192531;107.493782;1
2024-12-10;-7.72664462293564;109.21593016838057;0
3/18/2024;-6.332286;107.402455;1
4/29/2024;-6.383445;108.275593;1
6/11/2024;-6.937351;110.218798;1
6/28/2024;-6.970897;109.094877;1
6/28/2024;-6.969741;109.09416;1
2024-04-15;-7.175790758421741;108.4142300504836;0
6/10/2024;-6.959002;109.598087;1
3/19/2024;-6.455296;108.072588;1
6/28/2024;-6.970144;109.094717;1
6/10/2024;-6.960817;109.595001;1
2024-10-20;-6.331471632348921;106.92204136349694;0
3/18/2024;-6.334031;107.40213;1
6/11/2024;-7.434954;109.351919;1
6/12/2024;-6.851823;110.797334;1
6/25/2024;-7.870372;110.196311;1
6/27/2024;-6.874011;109.382803;1
6/12/2024;-7.048819;110.535593;1
6/13/2024;-6.813341;110.806183;1
6/13/2024;-6.860733;110.867681;1
6/25/2024;-7.79373;110.246674;1
3/16/2024;-6.152616;107.339744;1
6/13/2024;-6.812507;110.911383;1
6/12/2024;-7.046944;110.535643;1
6/12/2024;-6.850818;110.797997;1
3/18/2024;-6.260423;107.463209;1
4/29/2024;-6.403304;108.324897;1
6/11/2024;-7.426436;109.413947;1
4/29/2024;-6.455368;108.071586;1
4/29/2024;-6.481326;108.078961;1
6/10/2024;-6.960629;109.596;1
6/10/2024;-6.959689;109.595185;1
6/26/2024;-6.908929;109.75029;1
6/11/2024;-7.426561;109.413941;1
6/12/2024;-6.860631;110.791658;1
3/20/2024;-6.365244;107.630857;1
3/20/2024;-6.361864;107.60798;1
6/10/2024;-6.959015;109.598496;1
6/10/2024;-6.929709;109.688539;1
3/20/2024;-6.435531;107.885797;1
6/10/2024;-6.958787;109.597286;1
6/25/2024;-7.79336;110.24697;1
6/11/2024;-6.975448;110.171945;1
6/12/2024;-7.725436;109.523052;1
6/24/2024;-7.781584;109.948492;1
6/11/2024;-7.42665;109.295015;1
6/24/2024;-6.686814;110.676812;1
6/10/2024;-6.920391;109.683905;1
4/29/2024;-6.454843;108.07169;1
6/12/2024;-7.638263;109.559529;1
6/26/2024;-6.907276;109.772714;1
4/29/2024;-6.385194;108.271833;1
6/13/2024;-6.809797;110.964283;1
6/15/2024;-7.123309;110.400566;1
6/27/2024;-7.408843;109.881456;1
4/27/2024;-6.259989;107.461154;1
6/13/2024;-6.809644;110.964579;1
3/20/2024;-6.434967;107.884901;1
4/28/2024;-6.377238;107.832267;1
6/11/2024;-6.975209;110.17142;1
6/10/2024;-6.929093;109.688252;1
6/27/2024;-6.872543;109.39085;1
6/27/2024;-6.874289;109.383091;1
6/27/2024;-6.87446;109.381897;1
6/24/2024;-6.652973;110.663508;1
3/18/2024;-6.292406;107.362414;1
3/20/2024;-6.364933;107.630786;1
3/20/2024;-6.379344;107.832177;1
6/28/2024;-6.996198;109.053502;1
4/28/2024;-6.362105;107.608497;1
4/29/2024;-6.455687;108.069908;1
6/13/2024;-6.867679;110.871095;1
6/28/2024;-6.993275;109.053636;1
6/12/2024;-7.715789;109.489012;1
4/27/2024;-6.292846;107.362419;1
4/27/2024;-6.234704;107.464557;1
6/11/2024;-6.938364;110.21905;1
3/19/2024;-6.402517;108.325108;1
6/12/2024;-7.724951;109.522975;1
6/13/2024;-6.812682;110.910103;1
4/27/2024;-6.258621;107.462558;1
6/24/2024;-7.782545;109.949165;1
6/12/2024;-7.73244;109.725245;1
6/10/2024;-6.960148;109.595816;1
2024-11-15;-6.295619574489956;107.32312575299632;0
6/11/2024;-6.960302;110.193959;1
4/29/2024;-6.479843;108.081004;1
3/18/2024;-6.261865;107.463213;1
3/16/2024;-6.148752;107.350004;1
6/24/2024;-7.742313;109.927068;1
6/13/2024;-6.861784;110.857329;1
3/19/2024;-6.327989;108.30453;1
2024-02-10;-6.787790985074901;106.17202782193586;0
3/19/2024;-6.402195;108.322986;1
3/16/2024;-6.14994;107.348235;1
6/11/2024;-7.650599;109.208485;1
2024-05-20;-5.613725679925154;105.07445921159716;0
3/16/2024;-6.149044;107.34879;1
6/13/2024;-6.859085;110.869287;1
3/20/2024;-6.365516;107.631158;1
4/28/2024;-6.363229;107.608866;1
6/25/2024;-7.793571;110.246923;1
6/27/2024;-6.873582;109.383167;1
6/27/2024;-7.387815;109.674274;1
6/24/2024;-7.781367;109.948602;1
6/12/2024;-7.749151;109.674351;1
6/27/2024;-6.870705;109.391526;1
6/26/2024;-7.317944;110.474083;1
6/24/2024;-6.763511;110.764756;1
6/12/2024;-7.749081;109.674221;1
6/24/2024;-6.715506;110.70693;1
6/12/2024;-7.638583;109.558704;1
6/13/2024;-6.813702;110.806792;1
3/16/2024;-6.148554;107.340612;1
6/11/2024;-7.435116;109.352882;1
6/11/2024;-6.959492;110.194986;1
6/25/2024;-7.868553;110.196218;1
6/12/2024;-7.595649;109.448365;1
4/27/2024;-6.257928;107.461481;1
6/11/2024;-7.614112;109.152703;1
3/19/2024;-6.454342;108.07187;1
6/12/2024;-7.638619;109.559459;1
6/27/2024;-6.89598;109.406852;1
6/24/2024;-6.762583;110.765558;1
2024-11-15;-6.183554596993951;107.16477387807647;0
6/12/2024;-6.860907;110.791652;1
6/12/2024;-7.714746;109.488819;1
3/20/2024;-6.436571;107.88496;1
6/11/2024;-6.97492;110.171074;1
6/11/2024;-6.906362;110.184586;1
6/13/2024;-6.813118;110.805776;1
2024-02-10;-6.8619276665252125;105.99454399404522;0
6/11/2024;-6.906351;110.185875;1
6/13/2024;-6.809948;110.964689;1
6/10/2024;-6.958746;109.597355;1
6/24/2024;-7.845829;110.315508;1
3/18/2024;-6.333396;107.400498;1
4/27/2024;-6.293487;107.360316;1
6/12/2024;-7.595892;109.448649;1
6/13/2024;-6.810388;110.963984;1
4/27/2024;-6.291306;107.361856;1
4/27/2024;-6.216007;107.343535;1
3/16/2024;-6.150269;107.349419;1
2024-10-20;-7.761008899926186;110.97999579145232;0
4/29/2024;-6.481225;108.080549;1
6/27/2024;-6.895768;109.429811;1
6/12/2024;-7.638385;109.559298;1
2024-11-15;-5.965150422039723;107.3263025905272;0
6/10/2024;-6.958969;109.598204;1
4/27/2024;-6.258464;107.462759;1
6/12/2024;-7.724542;109.523903;1
6/11/2024;-6.9749;110.170681;1
6/11/2024;-6.959399;110.1949;1
3/19/2024;-6.329398;108.302715;1
4/27/2024;-6.260549;107.462004;1
4/29/2024;-6.38562;108.273673;1
6/28/2024;-6.994706;109.05354;1
6/27/2024;-6.874008;109.381899;1
4/29/2024;-6.385307;108.271825;1
6/10/2024;-6.928995;109.686326;1
6/15/2024;-7.158881;110.404269;1
4/29/2024;-6.405175;108.324774;1
6/24/2024;-6.715183;110.707812;1
6/24/2024;-7.845796;110.315207;1
2024-05-20;-8.18434454220222;114.50982888271616;0
3/18/2024;-6.261963;107.461745;1
6/12/2024;-7.724895;109.52386;1
6/12/2024;-7.035133;110.538951;1
6/13/2024;-6.809889;110.96414;1
6/27/2024;-6.896789;109.405955;1
6/28/2024;-6.970838;109.093788;1
4/28/2024;-6.339825;107.599736;1
6/10/2024;-6.928684;109.687412;1
4/28/2024;-6.337446;107.600908;1
6/11/2024;-6.974373;110.171726;1
6/11/2024;-7.426123;109.41364;1
4/28/2024;-6.377458;107.833215;1
4/29/2024;-6.404843;108.325126;1
6/24/2024;-7.845835;110.315884;1
4/27/2024;-6.192985;107.493333;1
4/27/2024;-6.21443;107.342885;1
4/28/2024;-6.336699;107.599823;1
6/27/2024;-6.896583;109.429784;1
4/28/2024;-6.338278;107.600344;1
2024-07-20;-6.475877210868736;110.5171491976868;0
6/12/2024;-7.03642;110.539331;1
6/27/2024;-6.873717;109.383099;1
4/28/2024;-6.362867;107.608269;1
3/20/2024;-6.360577;107.607681;1
4/29/2024;-6.327829;108.303836;1
6/12/2024;-7.595124;109.449596;1
6/24/2024;-6.714799;110.708029;1
6/28/2024;-6.994058;109.053603;1
6/13/2024;-6.812437;110.80703;1
4/27/2024;-6.29483;107.359676;1
6/27/2024;-6.872303;109.391244;1
3/16/2024;-6.149;107.349837;1
6/27/2024;-6.897047;109.429779;1
4/27/2024;-6.216895;107.341211;1
6/24/2024;-6.715615;110.70728;1
4/27/2024;-6.293809;107.362455;1
6/13/2024;-6.866774;110.869737;1
6/27/2024;-7.38806;109.674091;1
6/15/2024;-7.159044;110.403658;1
3/19/2024;-6.382025;108.270926;1
6/10/2024;-6.960389;109.597445;1
6/12/2024;-7.639407;109.558668;1
6/12/2024;-7.724397;109.524403;1
6/10/2024;-6.928215;109.686666;1
4/27/2024;-6.29347;107.360573;1
6/11/2024;-7.649623;109.209915;1
6/11/2024;-7.649679;109.20979;1
6/13/2024;-6.809999;110.964091;1
2024-10-20;-6.940239486230072;110.937335217733;0
6/10/2024;-6.981412;109.053474;1
6/27/2024;-6.897527;109.40629;1
3/19/2024;-6.382177;108.271512;1
6/11/2024;-7.435696;109.352352;1
3/20/2024;-6.365754;107.63208;1
6/13/2024;-6.859989;110.867929;1
4/27/2024;-6.234618;107.467004;1
6/26/2024;-6.901741;109.756092;1
6/27/2024;-6.87496;109.381189;1
6/11/2024;-7.436005;109.353164;1
3/20/2024;-6.365957;107.633418;1
6/11/2024;-6.97449;110.171921;1
4/27/2024;-6.233334;107.465525;1
6/10/2024;-6.929644;109.686758;1
6/10/2024;-6.929203;109.687627;1
6/11/2024;-7.425654;109.295297;1
4/27/2024;-6.235133;107.46734;1
6/24/2024;-7.847064;110.315283;1
4/28/2024;-6.356192;107.640637;1
3/20/2024;-6.362571;107.607472;1
6/10/2024;-6.929206;109.687585;1
6/11/2024;-6.906105;110.185975;1
6/13/2024;-6.810545;110.964276;1
6/12/2024;-6.851625;110.797843;1
6/24/2024;-6.715464;110.70746;1
6/27/2024;-6.896393;109.407253;1
2024-01-15;-6.693707098923679;114.23535403626148;0
6/11/2024;-7.426299;109.413692;1
6/13/2024;-6.809999;110.964328;1
3/20/2024;-6.36325;107.632501;1
6/26/2024;-6.909021;109.748275;1
6/12/2024;-7.733303;109.725725;1
2024-01-15;-7.321153688162138;107.13116322902547;0
4/27/2024;-6.214884;107.34244;1
6/11/2024;-6.960668;110.193861;1
2024-07-20;-6.603322643321187;107.98633182902384;0
6/12/2024;-7.733264;109.726388;1
4/29/2024;-6.383496;108.277592;1
2024-06-15;-7.157862816769013;108.23464298373368;0
6/11/2024;-6.960325;110.194528;1
4/29/2024;-6.401114;108.324297;1
6/11/2024;-6.959299;110.195272;1
3/20/2024;-6.435534;107.885345;1
6/12/2024;-7.03623;110.538088;1
4/29/2024;-6.479984;108.079216;1
4/27/2024;-6.235145;107.468057;1
6/10/2024;-6.920294;109.682454;1
6/15/2024;-7.159308;110.403732;1
6/27/2024;-6.873836;109.381847;1
4/27/2024;-6.258821;107.462528;1
6/11/2024;-6.959147;110.194013;1
6/13/2024;-6.812477;110.806853;1
6/27/2024;-7.388822;109.674326;1
6/26/2024;-6.909473;109.748273;1
4/27/2024;-6.211744;107.343949;1
3/19/2024;-6.382551;108.270696;1
6/28/2024;-6.995378;109.052872;1
4/27/2024;-6.232669;107.465644;1
6/10/2024;-6.920396;109.682424;1
6/24/2024;-7.780551;109.949475;1
6/13/2024;-6.812702;110.910803;1
6/11/2024;-7.434692;109.352628;1
3/16/2024;-6.149213;107.348673;1
6/11/2024;-7.42689;109.413511;1
6/14/2024;-7.755806;110.613861;1
6/24/2024;-6.71483;110.707349;1
6/13/2024;-6.809919;110.964479;1
3/19/2024;-6.45465;108.072951;1
6/26/2024;-6.907872;109.749869;1
3/18/2024;-6.333685;107.400738;1
6/10/2024;-6.929699;109.687064;1
6/24/2024;-7.781934;109.949578;1
6/12/2024;-7.726112;109.523629;1
2024-04-15;-7.072313219970346;108.04904480430062;0
6/27/2024;-6.896857;109.428491;1
4/27/2024;-6.293494;107.361849;1
6/24/2024;-7.780938;109.948604;1
4/29/2024;-6.40253;108.324578;1
6/27/2024;-6.870422;109.390958;1
4/28/2024;-6.338418;107.600612;1
6/28/2024;-6.995145;109.054279;1
6/13/2024;-6.809803;110.96434;1
4/29/2024;-6.454182;108.071595;1
6/12/2024;-7.638635;109.559706;1
6/12/2024;-7.637987;109.559316;1
6/11/2024;-6.974929;110.171529;1
3/16/2024;-6.150498;107.348139;1
6/15/2024;-7.161128;110.404002;1
6/12/2024;-7.73328;109.725807;1
6/11/2024;-7.426439;109.413808;1
2024-08-15;-6.553829133812482;106.70369099858236;0
4/28/2024;-6.362293;107.608293;1
4/29/2024;-6.383356;108.276786;1
6/12/2024;-6.852272;110.797639;1
4/28/2024;-6.359089;107.608714;1
6/24/2024;-7.741639;109.928442;1
3/19/2024;-6.383102;108.270483;1
4/27/2024;-6.215361;107.343513;1
6/10/2024;-6.961237;109.597197;1
6/27/2024;-6.873711;109.382157;1
6/24/2024;-6.679111;110.654019;1
6/28/2024;-6.994484;109.053009;1
6/10/2024;-6.959697;109.5979;1
6/11/2024;-6.904992;110.18452;1
6/11/2024;-6.905695;110.186081;1
6/25/2024;-7.793585;110.2465;1
3/18/2024;-6.294708;107.359274;1
6/24/2024;-6.715176;110.706572;1
6/26/2024;-6.908666;109.748776;1
6/15/2024;-7.160424;110.404089;1
6/24/2024;-6.763402;110.765076;1
6/12/2024;-7.725997;109.524198;1
6/24/2024;-6.654753;110.664293;1
3/20/2024;-6.436971;107.883519;1
2024-01-15;-6.755025546642896;109.08199460237886;0
6/26/2024;-6.906358;109.772528;1
3/19/2024;-6.453957;108.072692;1
6/13/2024;-6.86739;110.871067;1
3/19/2024;-6.452111;108.071667;1
6/13/2024;-6.813255;110.806904;1
6/14/2024;-7.755722;110.613972;1
2024-09-15;-6.32318419318555;106.63561511373442;0
6/24/2024;-6.653706;110.66298;1
6/11/2024;-7.426129;109.412182;1
3/19/2024;-6.402521;108.324857;1
4/28/2024;-6.379215;107.832949;1
6/27/2024;-6.871444;109.391428;1
6/12/2024;-7.725268;109.523959;1
4/28/2024;-6.354998;107.640532;1
4/27/2024;-6.29348;107.361554;1
6/24/2024;-7.781483;109.950032;1
3/19/2024;-6.327862;108.303482;1
2024-05-20;-6.166299428803146;106.72740148240923;0
6/27/2024;-6.870788;109.391055;1
6/12/2024;-7.594615;109.448505;1
6/12/2024;-7.03543;110.537915;1
2024-06-15;-5.939973747005516;105.71430232970869;0
6/13/2024;-6.813268;110.808141;1
4/29/2024;-6.326727;108.305313;1
6/26/2024;-6.910365;109.743746;1
6/27/2024;-7.409043;109.880546;1
6/28/2024;-6.995744;109.053894;1
6/11/2024;-7.426351;109.294769;1
6/27/2024;-7.409103;109.880713;1
6/11/2024;-7.614732;109.151675;1
6/11/2024;-7.435827;109.353768;1
4/26/2024;-6.15105;107.348527;1
3/20/2024;-6.365963;107.632063;1
6/27/2024;-6.894388;109.428669;1
4/29/2024;-6.454039;108.074602;1
6/11/2024;-7.427104;109.294828;1
4/26/2024;-6.150045;107.348506;1
4/28/2024;-6.380375;107.832653;1
3/19/2024;-6.382561;108.27181;1
6/26/2024;-6.909844;109.74551;1
4/28/2024;-6.362425;107.608801;1
4/29/2024;-6.455451;108.070848;1
6/24/2024;-7.742263;109.92847;1
4/29/2024;-6.45371;108.074512;1
6/27/2024;-7.388247;109.674906;1
6/27/2024;-6.896618;109.406615;1
6/15/2024;-7.159784;110.404084;1
6/11/2024;-7.426631;109.412608;1
6/15/2024;-7.12367;110.39991;1
3/20/2024;-6.364158;107.631602;1
6/10/2024;-6.981069;109.052637;1
6/13/2024;-6.867679;110.869737;1
6/12/2024;-6.860414;110.791691;1
4/28/2024;-6.359626;107.609452;1
6/15/2024;-7.160825;110.404317;1
3/19/2024;-6.327083;108.306319;1
4/27/2024;-6.259813;107.461772;1
6/24/2024;-6.653679;110.664045;1
6/10/2024;-6.960817;109.597806;1
6/12/2024;-7.74941;109.673845;1
3/19/2024;-6.38308;108.271517;1
6/12/2024;-7.639163;109.558167;1
6/11/2024;-6.9599;110.194388;1
6/10/2024;-6.958572;109.597619;1
6/11/2024;-7.504202;109.375124;1
3/20/2024;-6.363515;107.631241;1
6/26/2024;-6.908571;109.749181;1
